,PDBID,Chain,Residue,ResNum,PHI,PSI,Omega,tau,BFactor,chi1,chi2,chi3,chi4,chi5,Disorder,Group,RamaChandran Plot Region(Six Category),GroupGly,RamaChandran Plot Region(Std)
0,5HEX,A,GLN,18,-78.76127856927468,-18.397717713694234,169.324520766286,110.68918912384044,63.31,177.90646285844505,92.04931906054816,29.12305640492922,,,No,General,Favoured,General,Favoured
1,5HEX,A,GLN,20,-60.88207359065238,-37.351949714164036,-179.31521529115562,111.7979956367538,56.05,-66.85885186178427,172.68762899708994,-28.976790747577695,,,No,General,Favoured,General,Favoured
2,5HEX,A,LYS,21,-60.40151440032791,-45.09975167261804,176.61511572223816,111.108126841636,54.47,-72.0069676942391,-178.93074231173014,178.8703498656854,174.61201947169116,,No,General,Favoured,General,Favoured
3,5HEX,A,ASP,23,-53.59475869269909,-50.388476197624215,179.43237261461712,111.49672132608393,49.9,-82.54932291961171,-5.174135643901644,,,,No,General,Favoured,General,Favoured
4,5HEX,A,GLN,24,-66.52872741937448,-32.53407274709471,-178.06656637125428,110.43509835854813,50.33,175.48463732534927,44.56464715155974,44.577501091382715,,,No,General,Favoured,General,Favoured
5,5HEX,A,TYR,25,-71.0885567614459,-42.60848501116266,-179.20749036066917,111.65469104094842,49.0,-173.61935797665052,81.31585747132573,,,,No,General,Favoured,General,Favoured
6,5HEX,A,LEU,26,-93.49434215321759,12.612764945917041,-177.97176919744555,113.27328129089857,43.1,-72.88299681841374,-165.58633433327918,,,,No,General,Favoured,General,Favoured
7,5HEX,A,TYR,27,-43.99790665876626,-40.11459669827336,-175.5687350095597,114.18980909585714,41.98,167.8220902265107,73.32468607298682,,,,No,General,Favoured,General,Favoured
8,5HEX,A,HIS,28,-71.2933442362612,-8.515547298973138,179.2727786624104,113.41039949487951,40.93,-75.13369730709044,85.80376675025306,,,,No,General,Favoured,General,Favoured
9,5HEX,A,MET,29,-97.8017090755933,4.027930562898391,175.78989523693912,113.83009848972418,35.15,-72.28674776535357,-179.98519102375292,69.37746332481495,,,No,General,Favoured,General,Favoured
10,5HEX,A,ARG,30,-109.59064997500452,107.89760414388195,175.49586396583436,107.9683498803327,30.48,-52.19165873685233,166.6828153494344,57.72364511694253,-113.57810591348924,-1.9420541289969513,No,General,Favoured,General,Favoured
11,5HEX,A,LEU,31,-98.55488319813195,119.91286089144623,-163.5546106330491,109.90516960048666,26.1,-67.15522822086704,-174.31188154120318,,,,No,General,Favoured,General,Favoured
12,5HEX,A,SER,32,-67.7666146350599,150.85691917124737,176.7539169349354,110.69251151425351,21.53,58.642874232325546,,,,,No,General,Favoured,General,Favoured
13,5HEX,A,ASP,33,-49.67674705841164,-34.69557630374968,173.6480386631734,111.13240466201174,22.59,-76.31023166115068,8.850765241739108,,,,No,General,Favoured,General,Favoured
14,5HEX,A,GLU,34,-58.379999831688465,-56.07794885337659,177.61224734370833,110.17978815194598,25.69,-169.5720393079335,-169.0751628423428,30.309986461256546,,,No,General,Favoured,General,Favoured
15,5HEX,A,THR,35,-54.045697260523866,-40.72964275525655,178.09399872845347,110.83453783047291,27.09,-62.16876436439954,,,,,No,General,Favoured,General,Favoured
16,5HEX,A,LEU,36,-66.44228144154266,-39.05897591817839,-176.82453332934188,111.62224098104345,23.76,-63.42901781917952,-175.05563897970225,,,,No,General,Favoured,General,Favoured
17,5HEX,A,LEU,37,-70.78380724651707,-35.2551590445609,177.71947845654051,110.87230420880829,23.45,-64.1389715397792,170.21878344496457,,,,No,General,Favoured,General,Favoured
18,5HEX,A,GLU,38,-61.2966985381135,-48.67384436575924,172.64772540587396,110.96272779242798,25.19,170.0496280586875,155.26030806418143,-173.74013135501474,,,No,General,Favoured,General,Favoured
19,5HEX,A,SER,40,-61.31305943770782,-44.68100917389612,178.63256556852187,111.39232014656302,26.16,-168.9389796778843,,,,,No,General,Favoured,General,Favoured
20,5HEX,A,LYS,41,-61.366794184401606,-38.28659324713188,176.1450111182606,111.1052891088005,27.22,-74.94294053694654,163.445993139822,59.85063910221791,-175.36506281309119,,No,General,Favoured,General,Favoured
21,5HEX,A,ARG,42,-62.005789230579,-44.479902221369116,178.4785777026243,110.34653107593256,22.58,-60.29176985205111,-171.27966475368083,-161.65102685625948,172.68678243233646,-0.6884446129786426,No,General,Favoured,General,Favoured
22,5HEX,A,PHE,43,-62.391902130429756,-37.28619151756937,-179.66458739988337,110.10418577326078,22.99,-167.94201662555113,71.38673060825462,,,,No,General,Favoured,General,Favoured
23,5HEX,A,ARG,44,-56.14882544038432,-41.377726299733816,175.9768221579441,111.38995672668653,26.4,168.72111745245647,72.76495060353139,-178.27530361410368,-117.7042655921972,0.18126109048773978,No,General,Favoured,General,Favoured
24,5HEX,A,LYS,45,-63.601993118688355,-41.33386076942908,175.3301328285389,111.53485871368807,30.72,-79.11444678827648,-55.64944703011828,-68.39638636952253,-176.25554057937546,,No,General,Favoured,General,Favoured
25,5HEX,A,GLU,46,-62.73500753249786,-43.28942469751662,-179.35760416744205,110.92807851605068,29.97,-63.313822172745944,-62.530207962335766,-35.33365898667532,,,No,General,Favoured,General,Favoured
26,5HEX,A,MET,47,-54.75575706728038,-41.457104084453675,173.85728700633254,111.79075107956419,25.46,-78.76082566530076,-177.410118679244,-81.54826681075308,,,No,General,Favoured,General,Favoured
27,5HEX,A,GLU,48,-71.69736394476479,-32.94896661122783,179.09556260483038,111.19669880064565,29.35,-64.17656412062087,174.0958222796844,-1.6796441072756432,,,No,General,Favoured,General,Favoured
28,5HEX,A,LYS,49,-64.37453136695518,-46.26129351863877,-179.99922353123338,111.63016274698968,26.83,-70.75974126796976,-173.95167004660462,175.86890229741581,-171.7515942799306,,No,General,Favoured,General,Favoured
29,5HEX,A,LEU,51,-75.98051427354982,-34.98007098474,178.83602761375042,111.8005163347555,22.13,-76.32233719750846,172.25726065187652,,,,No,General,Favoured,General,Favoured
30,5HEX,A,ALA,53,-72.42975775776627,-51.43258134288359,-168.95826636435405,111.56524224203417,29.72,,,,,,No,General,Favoured,General,Favoured
31,5HEX,A,THR,54,-67.45991221911252,-32.66057691172851,-177.92070669654063,111.639422308258,30.91,51.54760528559525,,,,,No,General,Favoured,General,Favoured
32,5HEX,A,THR,55,-90.61137706132982,-12.488992146965757,-176.7045551243338,113.85454530483285,25.07,67.1729906951856,,,,,No,General,Favoured,General,Favoured
33,5HEX,A,THR,58,-98.46066654811321,1.995439325620344,172.42126253470448,114.630158882612,27.07,49.85711766646545,,,,,No,General,Favoured,General,Favoured
34,5HEX,A,ALA,59,-71.69984491741008,137.58886844416045,179.0566723013178,111.61764047249625,28.52,,,,,,No,General,Favoured,General,Favoured
35,5HEX,A,ALA,60,-80.23303635736053,-25.842993571789528,-179.25634801942292,113.3696645876401,26.46,,,,,,No,General,Favoured,General,Favoured
36,5HEX,A,LYS,62,-72.71495040388477,-30.613688598172104,-163.92417399354855,111.68379658347423,28.55,-80.78564996093763,162.7617013454444,141.71203892097944,-109.53819037359342,,No,General,Favoured,General,Favoured
37,5HEX,A,MET,63,54.283554629035876,55.81274696302673,176.79085092256943,111.16129970477247,27.11,-55.8044685003905,-66.90959807907964,-74.56162364681077,,,No,General,Favoured,General,Favoured
38,5HEX,A,THR,66,-94.27167334179435,-13.256360694144693,177.96423047759515,113.81059151782497,21.42,73.29398563018628,,,,,No,General,Favoured,General,Favoured
39,5HEX,A,PHE,67,67.67581237960835,2.314191619441507,-175.9899839838013,113.56360262060949,23.57,-58.709910797732626,-79.13796924442416,,,,No,General,Favoured,General,Favoured
40,5HEX,A,ARG,69,-93.76934855353609,-12.046203207261144,-169.23824535101156,114.70922614380554,25.42,-59.04757536812611,-59.06883767017733,-59.03807985737975,-92.8423232883687,-2.580244941655731,No,General,Favoured,General,Favoured
41,5HEX,A,SER,70,-157.23423137927028,151.12914303136887,-175.3034576520756,109.95356995598853,17.2,162.95774771486597,,,,,No,General,Favoured,General,Favoured
42,5HEX,A,ASP,73,-101.86640025931855,0.7819679149939853,170.20003084437747,114.41256469844195,25.8,81.86613688235252,3.9754724967479564,,,,No,General,Favoured,General,Favoured
43,5HEX,A,THR,75,-95.12735738056004,5.361238275687355,178.00334404388724,113.18047172874954,28.06,63.93316992233282,,,,,No,General,Favoured,General,Favoured
44,5HEX,A,GLU,76,-53.95405561835968,142.5178681837074,174.7638727856914,110.91334831968,26.74,-73.22203965443838,80.32400702906095,7.232020495632964,,,No,General,Favoured,General,Favoured
45,5HEX,A,HIS,77,-153.8227172968599,148.62726126001124,176.4027176310528,110.76990435714198,29.93,64.7252935434026,-87.26538001508852,,,,No,General,Favoured,General,Favoured
46,5HEX,A,GLU,79,-114.93892024177778,134.36147389370333,172.74078123353178,108.55571528209927,23.77,-62.27866842548583,-163.39129358547356,1.71944612501641,,,No,General,Favoured,General,Favoured
47,5HEX,A,PHE,80,-139.25223397269525,147.70410057952205,-173.57246201937474,111.08860898947945,31.08,-46.406219034419436,76.49777960402793,,,,No,General,Favoured,General,Favoured
48,5HEX,A,LEU,81,-110.19910592093268,152.60840958180384,177.39622713181026,108.95913996535334,34.54,-67.71813578947786,166.18835189532473,,,,No,General,Favoured,General,Favoured
49,5HEX,A,ALA,82,-148.08209496214258,157.36605576642435,175.32947185542733,109.35189271441422,38.51,,,,,,No,General,Favoured,General,Favoured
50,5HEX,A,LEU,83,-127.32775140292354,137.90774922159437,168.3752175618998,108.73801643322425,44.6,-38.91490327706,163.03034170949675,,,,No,General,Favoured,General,Favoured
51,5HEX,A,ASP,84,-119.20394382873111,117.37783830934607,172.33278255144447,106.77986679935132,59.4,42.40772644940059,42.60899804926732,,,,No,General,Favoured,General,Favoured
52,5HEX,A,LEU,85,-111.86496136750185,108.72290539884162,-172.6438926785354,108.22493453451028,70.17,-147.8054788190329,-179.48625274953275,,,,No,General,Favoured,General,Favoured
53,5HEX,A,THR,88,65.6450401212119,-14.813791316190242,178.61689099283487,111.68184970562223,85.59,,,,,,No,General,Allowed,General,Allowed
54,5HEX,A,ASN,89,-156.86958353184542,152.65495363973676,165.02408683494744,108.13119615385274,74.56,,,,,,No,General,Favoured,General,Favoured
55,5HEX,A,PHE,90,-154.52012442124297,153.29528350854923,177.44493623694083,107.78716191009529,60.76,67.97542665136065,88.51232797435522,,,,No,General,Favoured,General,Favoured
56,5HEX,A,ARG,91,-109.40148473117378,152.0946141872253,177.8009241603399,109.23438690805956,57.97,-86.66091750179801,166.04080246795766,-64.71719166337303,-78.99045354290757,-1.1263958691385503,No,General,Favoured,General,Favoured
57,5HEX,A,LEU,93,-117.01550339076985,149.099331129472,-171.49397367821112,109.80745914290556,38.53,-47.26111607861736,96.46400461799105,,,,No,General,Favoured,General,Favoured
58,5HEX,A,TRP,94,-118.82872729811702,126.94644023271226,168.42452832642095,106.99398939580546,41.8,170.7800985835743,80.76809496367818,,,,No,General,Favoured,General,Favoured
59,5HEX,A,LYS,96,-107.48478697474016,119.72019319096474,179.6645876341465,108.28922779745093,35.18,168.61352280647674,65.7079988617072,169.6690149586894,-64.3119314822229,,No,General,Favoured,General,Favoured
60,5HEX,A,THR,98,-119.60716972672618,137.65414425237424,-175.1665481237242,109.98832892093998,28.97,-45.763439102240675,,,,,No,General,Favoured,General,Favoured
61,5HEX,A,ASP,99,-100.35950032645768,86.01389596708897,174.1167988701163,105.86094179982989,27.57,172.03283038379345,13.773652654334745,,,,No,General,Favoured,General,Favoured
62,5HEX,A,ASN,100,-109.05432677479023,-1.7655690871065126,169.89599358157108,113.93243589371924,28.45,49.780265217925155,22.7048648423073,,,,No,General,Favoured,General,Favoured
63,5HEX,A,LEU,102,-88.47302195362118,-14.71543383700347,-175.60024073100567,113.81071635430355,27.92,-73.62646122759077,172.90992781056065,,,,No,General,Favoured,General,Favoured
64,5HEX,A,GLN,103,45.464074004303235,50.70908765081971,-173.23005287756706,111.58008271750812,32.78,-74.21429431655422,95.81176444185776,21.801832188855723,,,No,General,Favoured,General,Favoured
65,5HEX,A,LYS,104,-111.92285192179254,107.92154713089602,-178.1623971003525,108.48726300046135,32.42,-168.3502104678883,-166.8696902283872,-69.85316789705256,-177.32236696985888,,No,General,Favoured,General,Favoured
66,5HEX,A,GLU,106,-110.42125226207874,130.22073116223604,177.16963870485404,109.02197805878352,39.52,-179.68812769665692,171.17059252452682,-5.186379630645936,,,No,General,Favoured,General,Favoured
67,5HEX,A,MET,107,-129.9376511814713,153.01445069457836,-177.39547678651942,112.59428809729765,47.43,-93.51261377034146,-163.55600883652806,177.44432295013718,,,No,General,Favoured,General,Favoured
68,5HEX,A,GLU,108,-140.32357080118678,148.887313520961,154.97447577498454,106.51700794632286,46.3,-36.09009406207345,-158.89172619369856,47.64340209363488,,,No,General,Favoured,General,Favoured
69,5HEX,A,ASN,109,-144.1572131462939,165.41034728538628,176.8274693302674,110.65528257171165,46.66,72.75500812377538,-24.790427685236097,,,,No,General,Favoured,General,Favoured
70,5HEX,A,GLN,110,-151.276262389146,142.83024246699404,178.5100471902417,110.21245287835177,53.0,-172.42201664672623,29.614604004809014,72.60911130469472,,,No,General,Favoured,General,Favoured
71,5HEX,A,TYR,112,-129.11603995476844,155.67586631500745,175.52564738030847,110.37751121232975,60.47,-52.42749805532036,74.30264814201051,,,,No,General,Favoured,General,Favoured
72,5HEX,A,ALA,113,-104.97013000630396,148.3883549735669,-171.89201241654766,111.01295514814021,69.81,,,,,,No,General,Favoured,General,Favoured
73,5HEX,A,GLU,116,-59.90002303295789,-35.304708942465524,-167.66770884565747,112.73079982348168,76.62,,,,,,No,General,Favoured,General,Favoured
74,5HEX,A,ASP,117,-49.88457749467983,-63.90983906917039,169.3608417693246,111.080450973322,80.38,52.06643876710783,-4.819361058648046,,,,No,General,Favoured,General,Favoured
75,5HEX,A,THR,124,-56.91321846929901,-39.360874513210746,-178.5010559885,111.84673787458262,46.72,-64.89551180290773,,,,,No,General,Favoured,General,Favoured
76,5HEX,A,GLN,125,-62.00025163268984,-37.666108055776455,175.81255984724217,111.06353804393179,47.09,-165.53733003430733,173.614272393467,4.607861074848645,,,No,General,Favoured,General,Favoured
77,5HEX,A,LEU,126,-66.33689766339089,-47.26674993793376,-175.1617690428921,111.71625080872106,60.18,-177.67126340313735,68.63334259364865,,,,No,General,Favoured,General,Favoured
78,5HEX,A,PHE,127,-75.70765296921275,-32.09619887448281,-179.09885361808043,112.48997933329898,55.72,-69.64035619429406,-70.67521502999716,,,,No,General,Favoured,General,Favoured
79,5HEX,A,ASP,128,-50.91356814561427,-43.76186902953218,166.40422020736418,110.95477420652774,44.04,-84.17001256685458,-21.814684871158157,,,,No,General,Favoured,General,Favoured
80,5HEX,A,HIS,129,-64.86027278456422,-37.54052529532371,176.06671520912602,111.34365117424575,49.13,174.5106474804841,54.59939999229744,,,,No,General,Favoured,General,Favoured
81,5HEX,A,ALA,131,-62.42723972364884,-36.40048169343146,178.20761277304348,111.40941700230184,42.18,,,,,,No,General,Favoured,General,Favoured
82,5HEX,A,GLU,132,-61.8836861085885,-49.328460256128245,178.15430072784943,111.027215216617,45.74,,,,,,No,General,Favoured,General,Favoured
83,5HEX,A,CYS,133,-56.26226156405539,-50.22697118125623,176.65078642279232,110.38326108798167,49.44,-58.32294595164156,,,,,No,General,Favoured,General,Favoured
84,5HEX,A,LEU,134,-56.00858995049875,-35.65934517270126,178.19228451829986,111.22980225372709,44.91,176.01750251082387,56.57834389652806,,,,No,General,Favoured,General,Favoured
85,5HEX,A,ALA,135,-69.5232211173037,-44.99114288148381,177.01213567917824,111.15948287019032,47.87,,,,,,No,General,Favoured,General,Favoured
86,5HEX,A,ASN,136,-56.471323919556426,-48.852220485764484,172.4350013057209,110.80938465177474,49.16,,,,,,No,General,Favoured,General,Favoured
87,5HEX,A,PHE,137,-56.022913996848715,-43.28713014530127,179.83612334485048,111.86752833374557,46.94,-176.26227608869323,84.81140422615421,,,,No,General,Favoured,General,Favoured
88,5HEX,A,MET,138,-69.72012125273719,-41.62618830824577,-178.01865020380825,111.663002032482,48.18,-67.5524772685626,173.18961259134792,65.40759611205834,,,No,General,Favoured,General,Favoured
89,5HEX,A,ASP,139,-61.955048728305215,-56.51478452623132,174.021856740396,110.59303973209606,56.75,-93.26704644363802,-27.71682675742921,,,,No,General,Favoured,General,Favoured
90,5HEX,A,LYS,140,-48.54378052860948,-32.242995248717826,174.76603456997532,110.99370432294268,52.13,179.22726697383735,-173.76406070496301,168.8356631534846,-172.3487611616766,,No,General,Favoured,General,Favoured
91,5HEX,A,LEU,141,-98.26298353972933,4.40596408770586,-176.83383623308333,115.54332574276525,48.79,-100.8778540693895,81.1414429681437,,,,No,General,Favoured,General,Favoured
92,5HEX,A,GLN,142,87.96091077948788,-12.026808073334111,175.43365896424365,114.48061729968592,55.94,166.639894481666,45.38613922634496,-111.46674918337644,,,No,General,Allowed,General,Allowed
93,5HEX,A,LYS,144,-61.39721851431039,-23.8519629003947,-166.27664271414292,114.05842055495893,43.91,-175.20634883742892,-177.3457768965442,-83.83249674836163,-168.81525461619722,,No,General,Favoured,General,Favoured
94,5HEX,A,ASP,145,-75.56225437138065,-8.304078062807644,172.907094105352,113.84353872793375,39.31,56.83511358655232,-26.629926612109863,,,,No,General,Favoured,General,Favoured
95,5HEX,A,LYS,146,-88.88092506274484,142.4864354395553,179.7646045571971,109.81088735484255,37.15,-72.73338973787641,167.5864738422671,-177.51475478345034,-72.3293083591839,,No,General,Favoured,General,Favoured
96,5HEX,A,LYS,147,-107.3702869550913,106.86254379211272,175.98742080186395,106.92384135369245,26.71,178.9715322392391,-178.36968667179988,179.08073573419034,-179.83158191893023,,No,General,Favoured,General,Favoured
97,5HEX,A,LEU,150,-129.9599370631511,117.71180641214268,-175.69627123648235,109.02337762093934,31.46,176.03211326433697,66.1034971576878,,,,No,General,Favoured,General,Favoured
98,5HEX,A,PHE,152,-117.02086281319175,147.97893118320005,169.10806703017505,108.86315062308486,36.33,-72.69924462090532,20.03759033355305,,,,No,General,Favoured,General,Favoured
99,5HEX,A,THR,153,-130.63405350822583,139.65803834688523,172.51782399175602,108.22669134369212,34.4,-42.74961271312581,,,,,No,General,Favoured,General,Favoured
100,5HEX,A,PHE,154,-134.12820004037923,146.34203578901182,178.75295940580037,108.96859140343338,50.4,-68.50908448336376,-23.335752339751846,,,,No,General,Favoured,General,Favoured
101,5HEX,A,SER,155,-87.93610367534608,10.947602275072509,175.90811404786362,113.27593230222378,38.78,-78.90637136634987,,,,,No,General,Favoured,General,Favoured
102,5HEX,A,CYS,158,-123.31599955448792,179.1437740545609,165.0235232808357,107.73398379186085,49.77,-53.38706441240083,,,,,No,General,Favoured,General,Favoured
103,5HEX,A,HIS,159,-89.1578057117253,117.50329457759587,171.05793519562343,107.04177547912944,38.44,179.90020859236446,60.628778992960314,,,,No,General,Favoured,General,Favoured
104,5HEX,A,GLN,160,-134.05041414567685,116.05327350212195,-169.6778150414528,109.59585716689709,35.56,-175.62712826069802,163.2790016664073,1.6369722130658673,,,No,General,Favoured,General,Favoured
105,5HEX,A,THR,161,-100.76260248307467,-5.48918860351992,174.91465394842362,114.48946070836378,33.36,68.94035521423359,,,,,No,General,Favoured,General,Favoured
106,5HEX,A,LYS,162,-161.341118879789,163.70660648625105,179.35070036430216,108.35414775445993,28.16,55.71096981284078,-170.41958754513908,-179.0994896139059,177.76293551078535,,No,General,Favoured,General,Favoured
107,5HEX,A,LEU,163,-49.602453216065626,-44.75540088973436,179.77212748810015,112.36084245677358,29.28,-105.10802237948329,-174.6619114609373,,,,No,General,Favoured,General,Favoured
108,5HEX,A,ASP,164,-102.88821202188126,96.15433131345534,175.93720154006238,108.15171470714314,40.39,49.70036751444956,-25.014699168856538,,,,No,General,Favoured,General,Favoured
109,5HEX,A,GLU,165,173.60098622310917,148.82743322117972,171.3653638662698,104.25865046420039,44.19,170.16242618825936,153.2240101351656,-26.53261758671981,,,No,General,Allowed,General,Allowed
110,5HEX,A,SER,166,-164.14805476970457,144.36969683582694,154.66143371919594,106.10959500926243,49.15,-62.36073082217757,,,,,No,General,Favoured,General,Favoured
111,5HEX,A,PHE,167,-110.64586822099328,129.32129549577067,172.14420513071357,108.60626406504244,50.24,-62.975016824361745,-76.46563522127114,,,,No,General,Favoured,General,Favoured
112,5HEX,A,LEU,168,-85.81064370022433,119.92305755649188,-176.9743617376003,108.8146044050511,61.53,-91.13447998760452,58.311123125443864,,,,No,General,Favoured,General,Favoured
113,5HEX,A,ARG,183,-129.4671322620906,162.50753027284728,-169.0162785186592,110.80533899747833,66.61,-27.26548221763835,-162.12690864534594,-69.39518518223048,-121.18297811703536,1.4752296185426648,No,General,Favoured,General,Favoured
114,5HEX,A,ASP,184,-60.781965520331426,121.18130552697872,179.76656252154794,110.46134496943782,46.01,173.67653785947354,-2.0218041603571666,,,,No,General,Favoured,General,Favoured
115,5HEX,A,ALA,187,-53.3328485999344,-39.14849105625627,176.39889628667504,110.77233567794025,33.21,,,,,,No,General,Favoured,General,Favoured
116,5HEX,A,LEU,188,-67.52522239708757,-48.99459536231117,-177.80206000176412,111.03974796743839,34.05,-59.02289146315343,-168.241599585008,,,,No,General,Favoured,General,Favoured
117,5HEX,A,ARG,190,-73.48194284011939,-41.7019133868951,177.8595860296079,111.71196870904306,37.33,-86.8254247929976,171.2255521851422,170.82389591168794,155.81515152514294,-0.4723356992776813,No,General,Favoured,General,Favoured
118,5HEX,A,LYS,191,-69.04974398767594,-34.965091782062984,178.42202952394646,111.14984621204313,34.08,,,,,,No,General,Favoured,General,Favoured
119,5HEX,A,ALA,192,-61.40960528417391,-35.30474110432946,172.22205004006787,111.97600385614587,26.6,,,,,,No,General,Favoured,General,Favoured
120,5HEX,A,GLN,194,-62.65498937945369,-37.35044871770859,178.99986326944352,111.1558016139071,36.24,-171.83788088474464,170.5298194546071,-2.0567075512440427,,,No,General,Favoured,General,Favoured
121,5HEX,A,ARG,195,-69.17007531502794,-26.94376603885745,178.66284513658218,112.52955075962427,38.23,-64.77066992637131,175.31354505642767,-36.79426054687101,-113.2453412482973,1.2743881466480695,No,General,Favoured,General,Favoured
122,5HEX,A,ARG,196,-69.86128635222315,-53.72823184510345,174.8932681482254,110.64410702350673,32.01,-64.42577172947912,-172.9628580919014,61.930181298972094,83.86586374907115,-0.3665247590731842,No,General,Favoured,General,Favoured
123,5HEX,A,ASP,198,-54.2952444137233,-70.76522726291118,172.80173187435778,114.9019366145738,41.66,-80.5701265815487,-8.598262737590106,,,,No,General,Allowed,General,Allowed
124,5HEX,A,PHE,199,-121.38521644792995,177.81331751014545,-178.05889403302734,109.22635443745762,44.75,50.24349482288863,-39.16049912901403,,,,No,General,Favoured,General,Favoured
125,5HEX,A,ASP,200,-135.930998963952,161.32722386978946,172.50363562662292,106.40993019421411,45.28,-167.02662506482235,5.361906916132101,,,,No,General,Favoured,General,Favoured
126,5HEX,A,ASP,202,-91.22349726927199,-159.83428266437014,178.74693815397112,108.85605447518734,33.89,-151.2431211019881,80.02539766570104,,,,No,General,Allowed,General,Allowed
127,5HEX,A,ALA,205,-126.70746419813716,141.2414048032631,167.42222551249887,109.08250200162712,25.76,,,,,,No,General,Favoured,General,Favoured
128,5HEX,A,ASN,208,-68.31497488599327,161.16204557945028,170.7194355096512,110.10236959900185,28.04,-178.428257658089,-93.74169688526153,,,,No,General,Favoured,General,Favoured
129,5HEX,A,ASP,209,-73.90478869174173,-28.89235674417833,-176.37469660926362,112.74376434002176,25.84,58.18364062077281,-6.680061889446354,,,,No,General,Favoured,General,Favoured
130,5HEX,A,THR,210,-56.02900532448905,-45.21939404986814,167.18635947803125,111.02746667094907,28.88,56.867609672806275,,,,,No,General,Favoured,General,Favoured
131,5HEX,A,THR,213,-60.62442938738487,-54.59342128173397,174.89767266577965,111.3946966039705,27.48,-57.82350798189901,,,,,No,General,Favoured,General,Favoured
132,5HEX,A,MET,214,-50.96643963189999,-46.71176775417979,176.36867195993068,111.20504408131087,27.68,-179.13807876134584,-168.23845912423062,73.67538865073976,,,No,General,Favoured,General,Favoured
133,5HEX,A,MET,215,-66.50235477054733,-40.39023661955888,-173.66877657020015,111.30304383918354,27.58,-66.36068921489806,-62.36042861855186,-74.91905113942329,,,No,General,Favoured,General,Favoured
134,5HEX,A,THR,216,-59.820653960892734,-49.99487232623809,177.59461584231153,110.7805002482029,32.57,-66.70163811185765,,,,,No,General,Favoured,General,Favoured
135,5HEX,A,CYS,217,-65.13049532407123,-37.63957141159723,-177.21521156809752,110.97609736155304,27.28,-59.08182081929796,,,,,No,General,Favoured,General,Favoured
136,5HEX,A,TYR,219,-80.00851950334368,-33.99316240496478,171.6760837584263,111.42941322421109,31.31,179.517515375886,64.2198653790225,,,,No,General,Favoured,General,Favoured
137,5HEX,A,ASP,220,-82.95504921709318,-36.95690217965811,171.34912177016486,112.60168565437046,40.98,-55.563344808581505,-124.86951941273007,,,,No,General,Favoured,General,Favoured
138,5HEX,A,ASP,221,-126.97244148563648,114.16411759012644,-177.58400181094146,109.0801365787261,35.19,-175.94263322188368,-7.118661077196809,,,,No,General,Favoured,General,Favoured
139,5HEX,A,HIS,222,-88.57397241699418,7.689587672177693,-170.88998403529428,112.58558797808026,38.53,-45.40704129906671,-67.93256860802806,,,,No,General,Favoured,General,Favoured
140,5HEX,A,ASN,223,-91.7565956212703,6.881015522409498,163.68046211560713,113.82995943046735,34.91,-84.92125697097384,-25.046907765394057,,,,No,General,Favoured,General,Favoured
141,5HEX,A,CYS,224,-89.34852836595046,105.33810797609918,-173.05736300480703,108.19305437713973,29.09,179.26561831384817,,,,,No,General,Favoured,General,Favoured
142,5HEX,A,GLU,225,-106.50196277601489,3.072053332850954,174.79080955395222,115.006793644667,29.2,-65.67568324696174,172.65725163749735,-15.37925067100871,,,No,General,Favoured,General,Favoured
143,5HEX,A,LEU,228,-139.08616689870337,133.37275573475932,-179.56048963506788,109.63292324728032,26.05,174.52418656671114,64.1868396266712,,,,No,General,Favoured,General,Favoured
144,5HEX,A,THR,232,-52.78854909288359,-39.76758935707664,155.56755635902064,110.26354523021163,38.11,63.71637178271315,,,,,No,General,Favoured,General,Favoured
145,5HEX,A,SER,234,-145.57223268639117,137.470154618468,174.8069353440389,111.62542052177318,28.46,-178.17016139150013,,,,,No,General,Favoured,General,Favoured
146,5HEX,A,ASN,235,-159.58497784910335,164.4333614573844,-178.2436368235339,107.84658470251445,26.01,-172.84582835293668,24.187164242250553,,,,No,General,Favoured,General,Favoured
147,5HEX,A,ALA,236,-153.67111957283137,153.6650389182782,178.01851070782948,109.78433657683922,24.31,,,,,,No,General,Favoured,General,Favoured
148,5HEX,A,CYS,237,-133.4453831987776,164.66535082366588,178.32741119628975,108.26244286287826,18.66,64.40716823005916,,,,,No,General,Favoured,General,Favoured
149,5HEX,A,TYR,238,-156.3042836033002,159.5976165624324,177.63851095033266,110.09578541846038,22.98,64.5890760319157,-55.87372757071525,,,,No,General,Favoured,General,Favoured
150,5HEX,A,MET,239,-72.96565829584522,138.97376415582136,169.21633654852465,109.88360800919239,25.15,-62.77623950055425,-53.14662451632759,-67.3639301709991,,,No,General,Favoured,General,Favoured
151,5HEX,A,GLU,240,-139.31889266153752,150.59261333282745,-174.56634087275657,108.37344857894351,24.88,-178.13981903351512,45.93368044119637,-59.337913288792485,,,No,General,Favoured,General,Favoured
152,5HEX,A,GLU,241,-85.54106836098521,130.6104199026093,-175.52386995011219,111.49865220777099,27.35,-68.83213738712746,-174.2361772830857,-6.369291952297081,,,No,General,Favoured,General,Favoured
153,5HEX,A,MET,242,-53.60951557907436,-23.706285882380897,-174.93882247365295,112.94768067701021,25.12,-76.00069354173183,-64.07907169452722,-56.95133098594616,,,No,General,Favoured,General,Favoured
154,5HEX,A,ARG,243,-68.73137875090762,-16.586824893411176,178.1013686101412,112.27425295254962,28.86,62.42342066276215,-174.02624691025386,165.89876581363404,95.27679018446953,0.45070755052627,No,General,Favoured,General,Favoured
155,5HEX,A,HIS,244,-98.59914010056272,-3.4816086627968104,177.82848984289743,112.7376324262099,24.83,-66.27391291073424,143.6063701506025,,,,No,General,Favoured,General,Favoured
156,5HEX,A,ASP,246,-78.97170348450835,-31.22374851399412,-177.34530973486287,111.40738753345025,25.36,-68.60587946529209,-13.747820092539774,,,,No,General,Favoured,General,Favoured
157,5HEX,A,MET,247,-75.61607930807949,-6.3396050859385635,-172.38485757303374,112.68018388422286,31.14,-54.40959280876823,-67.14300789342643,-73.72414994127884,,,No,General,Favoured,General,Favoured
158,5HEX,A,GLU,249,-65.26691247077284,138.98090036319167,179.11667479609187,109.95954240568075,32.21,-170.59008967205364,-179.57355238131692,6.51921449116777,,,No,General,Favoured,General,Favoured
159,5HEX,A,ASP,251,-103.9254449790999,-1.951222095826985,-176.70079058207904,114.30184023443697,31.36,-58.15928821035678,-35.33391624438313,,,,No,General,Favoured,General,Favoured
160,5HEX,A,GLU,252,-94.7834268820011,129.74724412203466,-170.2002649999198,111.99848397585026,32.5,-74.49968388415218,-170.60112558176425,-17.16810760059539,,,No,General,Favoured,General,Favoured
161,5HEX,A,ARG,254,-127.53563304832176,163.56714349405166,-173.23337459827135,110.07112057829264,21.28,-54.906016269880624,154.02417162344466,97.1844325262814,-150.5302931371152,5.3528924847762225,No,General,Favoured,General,Favoured
162,5HEX,A,MET,255,-148.51489177409854,140.14108871915883,172.42207101913135,107.00753748779985,24.73,-178.72004233495517,172.83865980497913,-64.42031042778365,,,No,General,Favoured,General,Favoured
163,5HEX,A,CYS,256,-71.89993656237284,140.3708023773002,175.6100432662329,109.80397223231712,24.63,-175.16703267675163,,,,,No,General,Favoured,General,Favoured
164,5HEX,A,ASN,258,-87.88052301106731,112.41328945472327,170.62462151984897,106.23577559674057,22.69,174.00498841318588,-5.57978086352504,,,,No,General,Favoured,General,Favoured
165,5HEX,A,MET,259,-74.49101812877778,-33.61660631841154,-170.8717458148167,111.18284884989615,25.31,-72.47293661373696,-175.8219515315354,-79.10443926325154,,,No,General,Favoured,General,Favoured
166,5HEX,A,GLU,260,53.7029569372731,53.92311623661416,-167.1284313697834,110.24670857479565,27.33,-71.42101080140145,-60.39457318112835,-24.434676990313616,,,No,General,Favoured,General,Favoured
167,5HEX,A,TRP,261,-75.26542780474492,-7.73334533328973,-170.60864003272619,112.73815736226142,24.41,68.28250253987359,20.19117962663574,,,,No,General,Favoured,General,Favoured
168,5HEX,A,ALA,263,-83.47831338498544,-1.8059915796110093,-178.18604734864377,113.61855127819611,27.24,,,,,,No,General,Favoured,General,Favoured
169,5HEX,A,PHE,264,-52.61912250860911,128.92686608180193,173.75576330283405,109.5418254818736,26.65,-178.6416958845581,33.04480672992328,,,,No,General,Favoured,General,Favoured
170,5HEX,A,ASP,266,-58.1365589223763,-31.299219801157363,173.17053791479563,112.07260090627403,32.83,-78.47363236314423,3.7298991072206156,,,,No,General,Favoured,General,Favoured
171,5HEX,A,ASP,267,-90.4942737397689,6.43693292736274,-178.83181638778711,113.135945308019,28.4,63.046913903341434,-7.747962022416611,,,,No,General,Favoured,General,Favoured
172,5HEX,A,SER,269,-54.216148043177526,-29.768931210628764,-172.38030314039213,113.35273024271557,31.69,69.21248740552691,,,,,No,General,Favoured,General,Favoured
173,5HEX,A,LEU,270,-97.56400851689762,6.1181597666862695,-178.00453316639044,114.22676127113156,26.51,-73.97542949984263,178.52423627171208,,,,No,General,Favoured,General,Favoured
174,5HEX,A,ASN,271,-70.86227773063939,-7.434822851073555,-167.43424419953706,115.7304382023486,35.58,-79.19932667999095,7.763189219087631,,,,No,General,Favoured,General,Favoured
175,5HEX,A,ASP,272,-85.57326643895533,-17.997170053748214,168.28347810084074,113.05953479333685,31.63,58.15946243061781,-16.383884382046627,,,,No,General,Favoured,General,Favoured
176,5HEX,A,ARG,274,-82.69965124287046,139.4780105298935,-167.99705240133,110.92014868268159,38.02,-54.18882209154379,-179.6607330515878,60.904956678410514,-120.63820483418785,-2.789834968512929,No,General,Favoured,General,Favoured
177,5HEX,A,THR,275,-102.38552564757839,179.73199562803308,-171.70994289041448,111.14447733583224,37.63,61.773899534697776,,,,,No,General,Favoured,General,Favoured
178,5HEX,A,GLU,276,-65.94491486020432,-33.580711569965196,177.2831484538764,111.46670589368723,42.76,50.31051723098159,-178.3092667100199,-26.37181067083173,,,No,General,Favoured,General,Favoured
179,5HEX,A,PHE,277,-62.39092467768637,-44.16709539712754,174.2301004732693,110.71938674395642,38.92,-45.24658040019025,-74.0584958234408,,,,No,General,Favoured,General,Favoured
180,5HEX,A,ASP,278,-57.291378499114664,-43.05392884429034,174.20803002049723,110.87211465761641,40.19,-74.73739173638113,-41.181027953318555,,,,No,General,Favoured,General,Favoured
181,5HEX,A,GLN,279,-64.60277371571419,-42.389490201026476,-179.5205249525657,110.47561894540733,39.56,-168.4230891073714,165.0450679187976,,,,No,General,Favoured,General,Favoured
182,5HEX,A,GLU,280,-60.73268056854802,-49.05082299598078,-177.52164411289596,111.11222288225815,39.6,-171.5963279671918,164.39628190478646,-4.143543396535214,,,No,General,Favoured,General,Favoured
183,5HEX,A,ASP,282,-67.49647586969428,-38.477522232418124,-174.52808062651889,111.30136673765413,36.61,177.2808909731533,52.239217892559026,,,,No,General,Favoured,General,Favoured
184,5HEX,A,MET,283,-74.98649358344245,-27.23394009527919,-179.75451298600208,112.27610727929506,41.51,-55.24978348596341,-50.13457736616346,-38.96806886772723,,,No,General,Favoured,General,Favoured
185,5HEX,A,SER,285,-113.68050666469199,156.3041954466207,-171.25948711449874,109.6916460557264,42.16,84.30148422629414,,,,,No,General,Favoured,General,Favoured
186,5HEX,A,LEU,286,-59.65118165076391,-23.903230221107204,176.01299004900278,112.68579077085062,44.07,-65.88826121782053,164.52261235001606,,,,No,General,Favoured,General,Favoured
187,5HEX,A,LYS,290,-120.81818386276498,156.20424293705597,-177.88278825579042,109.44898938301556,37.49,-51.740976697870444,-40.70893396621399,-71.08736161720492,175.2919593260464,,No,General,Favoured,General,Favoured
188,5HEX,A,GLN,291,53.566814917584,41.222676036692405,177.91787169249852,112.70354349040555,26.91,-59.71531681150899,-63.89609215497993,101.54120730948989,,,No,General,Favoured,General,Favoured
189,5HEX,A,LEU,292,-68.98383883622333,-36.089358648944796,-168.77397619547108,113.05913005525544,28.26,-76.17210774420964,-171.3136269726166,,,,No,General,Favoured,General,Favoured
190,5HEX,A,PHE,293,-69.03943442382342,-43.5666886868628,178.6221268710781,110.62548125542507,27.23,-177.72258553902887,64.13965556114937,,,,No,General,Favoured,General,Favoured
191,5HEX,A,GLU,294,-50.84044508879846,-50.42728000692574,171.43714065842948,110.91576345305087,29.76,-162.8270168218268,169.17274808115388,24.9231897476323,,,No,General,Favoured,General,Favoured
192,5HEX,A,LYS,295,-59.811625861817,-19.81775797589155,-177.94193224954589,112.30730911569887,28.56,-72.28775373279345,175.20472577045405,177.0309850830005,168.81582339734587,,No,General,Favoured,General,Favoured
193,5HEX,A,MET,296,-81.2867183693232,-47.37547678408786,171.73266228507697,111.76368914062775,30.2,-75.5270468343249,-171.9738998297683,-87.2154579606959,,,No,General,Favoured,General,Favoured
194,5HEX,A,SER,298,-99.61340127479825,175.60865983059446,-164.13705969656624,110.7433391793928,30.76,77.51327291744032,,,,,No,General,Favoured,General,Favoured
195,5HEX,A,MET,300,-51.13099611117217,-52.42624074745286,179.76219808804493,111.96134397699976,39.8,-176.99035433732408,146.47034258139854,65.76567974027783,,,No,General,Favoured,General,Favoured
196,5HEX,A,TYR,301,-98.24021933160155,1.7891129508396784,-173.6711082610112,113.36128085367504,40.33,-55.034675164979404,-78.71884530663311,,,,No,General,Favoured,General,Favoured
197,5HEX,A,MET,302,-69.75727357272164,-51.48255769342199,-169.71186621387537,111.18171027360826,36.24,175.3038764054488,153.27332196238956,150.1669896705048,,,No,General,Favoured,General,Favoured
198,5HEX,A,GLU,304,-56.85721309047762,-40.51598317385183,177.3973804869758,111.16532409755341,39.87,178.63485805755937,60.61561322275165,-8.170181339094963,,,No,General,Favoured,General,Favoured
199,5HEX,A,LEU,305,-66.11131279223818,-29.452856245373606,-178.00853697806266,110.98707803473488,37.37,170.1330242637572,67.24987500234099,,,,No,General,Favoured,General,Favoured
200,5HEX,A,ARG,307,-57.64581918265752,-49.229543014673844,179.4542507322307,110.49511909898717,43.89,-177.78804047357082,-172.455580808882,72.99542283925862,84.71409376654526,-0.6063776401963187,No,General,Favoured,General,Favoured
201,5HEX,A,LEU,308,-58.25866523832776,-33.289697294906425,-177.63458945952067,111.92216831161336,40.6,-60.99802142034092,175.11016594348683,,,,No,General,Favoured,General,Favoured
202,5HEX,A,LEU,310,-64.43097646640777,-50.98858940775194,178.32915597736368,110.91366309944782,45.49,-70.9318947447834,179.17670237382637,,,,No,General,Favoured,General,Favoured
203,5HEX,A,LYS,312,-69.88212526266972,-48.629575271911676,-173.92953813799815,111.7436505921946,38.55,177.26768119345425,161.93425975701442,174.720184578589,-77.13580661971918,,No,General,Favoured,General,Favoured
204,5HEX,A,MET,313,-58.71566213106185,-38.81119921498679,178.26490776830585,111.56848335439476,48.38,-75.00915802883773,178.4892909089919,70.00465926759523,,,No,General,Favoured,General,Favoured
205,5HEX,A,ALA,314,-65.26317997741798,-50.38289646108035,177.3281405284921,110.72071752800666,47.36,,,,,,No,General,Favoured,General,Favoured
206,5HEX,A,LYS,315,-54.297648561966014,-25.512485260094614,178.17431817687594,111.92186265347307,43.05,-77.36232152799786,-175.71032571133296,170.03445015342587,177.1437155510999,,No,General,Favoured,General,Favoured
207,5HEX,A,GLU,316,-93.69679721055631,6.312635146567381,176.8103098060998,112.74107291015787,55.92,-66.75606346239327,-178.88653920287305,-8.633456865818298,,,No,General,Favoured,General,Favoured
208,5HEX,A,GLU,317,67.44376080594672,24.904070854057725,177.5625345651268,113.75561760621605,57.59,-58.60056569505792,-179.78158877847605,-137.28796042448775,,,No,General,Favoured,General,Favoured
209,5HEX,A,LEU,318,-92.09578729064756,-9.081909461984296,177.66223025018326,112.85873413818057,50.6,-59.277755360115066,170.28018162292864,,,,No,General,Favoured,General,Favoured
210,5HEX,A,LEU,319,-151.60730429256483,150.02997009369847,178.26866929080552,109.31140155668234,52.05,-69.88753692160684,170.3450095746961,,,,No,General,Favoured,General,Favoured
211,5HEX,A,PHE,320,63.71018520928484,22.99132985545702,175.7858963692558,112.39543214343108,53.17,-47.620232927782546,-30.112823221971926,,,,No,General,Favoured,General,Favoured
212,5HEX,A,LYS,323,-74.39782227067718,155.00864635543817,-174.14325360073585,111.32978259296503,47.68,-65.21901523162025,-60.97348360316284,179.14300785671492,-179.02379401455664,,No,General,Favoured,General,Favoured
213,5HEX,A,LEU,324,-132.12386292761053,155.23552427995523,178.87315292584321,108.60915465374588,50.61,-60.29300599071514,172.097852987606,,,,No,General,Favoured,General,Favoured
214,5HEX,A,GLU,327,-78.88144086116223,-29.254916227435178,-176.45240842588774,112.00377673480104,49.53,-62.36668944223533,91.83231154921867,2.370431972656421,,,No,General,Favoured,General,Favoured
215,5HEX,A,LEU,328,-66.0657397299908,-30.38887530264515,177.68287656682924,111.72316048492833,42.61,-169.86390739642474,72.31601919823896,,,,No,General,Favoured,General,Favoured
216,5HEX,A,LEU,329,-92.84846408243138,5.6475521250751415,-179.05515932820944,113.16495248580644,42.19,-43.8024527239502,174.52870035252522,,,,No,General,Favoured,General,Favoured
217,5HEX,A,ASN,330,-95.23580337026226,132.13255780507384,174.01969539999604,109.96392525784671,50.27,-101.47207224271007,8.267369521558912,,,,No,General,Favoured,General,Favoured
218,5HEX,A,THR,331,-62.86855979057491,144.64467079339576,-177.7679766962432,110.54565336586094,51.41,-63.31386168712481,,,,,No,General,Favoured,General,Favoured
219,5HEX,A,ARG,333,-78.92788417385236,-21.717767199685447,-174.29867301193613,112.34937056243011,52.43,-61.79627571624955,-78.95020602070574,-87.79182876359835,161.29905299502616,-1.4102090036704558,No,General,Favoured,General,Favoured
220,5HEX,A,PHE,334,-101.17572203661683,120.96044039509974,169.80595736744777,106.79992753777617,45.84,-159.26881085084935,137.9590373124123,,,,No,General,Favoured,General,Favoured
221,5HEX,A,GLU,335,-112.74153814179587,153.09496995300893,-163.4709880219916,110.1078798391962,52.28,-30.414938181220194,-159.50993190106445,-75.98135822642821,,,No,General,Favoured,General,Favoured
222,5HEX,A,THR,336,-53.97311288943785,-38.012477729220045,174.53378703087265,110.55915424521018,41.37,-65.029075376611,,,,,No,General,Favoured,General,Favoured
223,5HEX,A,LYS,337,-55.59956798481646,-37.042122973821286,177.91758638406634,110.55153753991952,51.21,-177.94242727382542,172.97614814099364,174.4412225715401,-70.01561725039126,,No,General,Favoured,General,Favoured
224,5HEX,A,ASP,338,-67.12999662575778,-32.10217061851033,-179.55134316323895,111.18750872555378,50.9,-58.222474382426526,-27.249829896485586,,,,No,General,Favoured,General,Favoured
225,5HEX,A,SER,340,-56.04987100851595,-41.580696568619906,179.69279291710026,111.59183934960114,50.0,-54.70534172008943,,,,,No,General,Favoured,General,Favoured
226,5HEX,A,ASP,341,-59.177264057887776,-48.74743696306516,173.91543408286086,110.93243914427028,53.37,-75.12771296151381,-14.987529261215922,,,,No,General,Favoured,General,Favoured
227,5HEX,A,GLU,343,-82.5573383952522,-19.825265630043468,176.08994913452506,113.11936976324235,57.44,-45.33711044493149,-166.7379066209159,22.988365083992843,,,No,General,Favoured,General,Favoured
228,5HEX,A,GLU,345,-68.60004845690834,150.6019728894876,-177.37106153611737,110.18006773595718,76.21,,,,,,No,General,Favoured,General,Favoured
229,5HEX,A,LYS,346,-62.9053060433099,-35.722419854159014,175.51281992436742,110.90588869354148,84.29,174.6578068302955,-175.98137059457719,-75.95799057780535,-176.56944559580992,,No,General,Favoured,General,Favoured
230,5HEX,A,ASP,347,-102.90276648907934,104.51694939513303,166.5150592937275,107.10095086332667,83.53,-168.7902573036613,2.4729272936978175,,,,No,General,Favoured,General,Favoured
231,5HEX,A,ARG,350,-62.34978625627849,-47.88368734730517,170.6826816662419,111.11583461136584,69.75,-170.22880659078902,-164.40026538121123,71.14580958211859,121.03444285974746,2.1385819146486305,No,General,Favoured,General,Favoured
232,5HEX,A,LYS,351,-66.88357937836398,-23.756792622501443,178.3429359579279,112.29947860014788,63.97,-168.68372719232784,70.72653985518491,169.05866819070255,174.87540789535927,,No,General,Favoured,General,Favoured
233,5HEX,A,ALA,352,-74.8050445305788,-42.73476208886973,171.7847369497085,111.00347993704831,56.0,,,,,,No,General,Favoured,General,Favoured
234,5HEX,A,ARG,353,-49.070992948670295,-41.412609026018956,173.44312092324463,110.8901661405045,60.19,166.8372065968804,100.81690975358087,70.12588167973219,-155.82056979530512,-1.8817779886653587,No,General,Favoured,General,Favoured
235,5HEX,A,GLU,354,-75.84779391120158,-38.55184942300982,-175.07608453478502,112.13349921671876,56.92,141.5238934920955,-175.8706620814804,156.34592497107786,,,No,General,Favoured,General,Favoured
236,5HEX,A,LEU,356,-64.16529488472895,-40.33251920947051,177.8456616080903,111.49754769275228,56.22,-69.37242383927381,173.80118178504117,,,,No,General,Favoured,General,Favoured
237,5HEX,A,MET,357,-63.161905501869,-40.66897625108683,178.7094699374626,110.92181390199706,50.7,-70.53449497117285,-167.43217285060484,-65.82248161896709,,,No,General,Favoured,General,Favoured
238,5HEX,A,ARG,358,-65.69456022986728,-27.27076545483875,179.31914610515062,111.12684312300492,47.11,154.1364976285376,-169.33482130311032,90.07672128804462,177.98410595740373,-179.8507974487573,No,General,Favoured,General,Favoured
239,5HEX,A,LEU,359,-72.6966064022569,-4.6999563863050975,172.1873602589866,112.65557125327179,54.47,-60.67477027105498,160.93746061376388,,,,No,General,Favoured,General,Favoured
240,5HEX,A,LEU,361,-105.88424514340105,175.2836472831724,178.95720019103948,110.91531548307752,56.68,-66.83191183018627,169.90531892395933,,,,No,General,Favoured,General,Favoured
241,5HEX,A,THR,364,-96.51311238942394,177.42597528322156,170.53547224643154,108.30689652246785,52.96,67.86758095754527,,,,,No,General,Favoured,General,Favoured
242,5HEX,A,GLN,365,-63.048289488642205,-47.01639668633735,178.53873976659412,110.28245782537398,60.99,,,,,,No,General,Favoured,General,Favoured
243,5HEX,A,GLU,366,-54.32713305333777,-49.481775097094825,177.8981451593265,110.97173033317874,55.82,,,,,,No,General,Favoured,General,Favoured
244,5HEX,A,ASP,367,-53.61837691437932,-37.34111402363918,179.40184565275396,111.61481989633984,54.97,-72.9377237620444,-14.994816639055236,,,,No,General,Favoured,General,Favoured
245,5HEX,A,CYS,368,-75.45225465770784,-37.10608469372544,178.64811977829703,111.12671520934097,57.56,-59.357721583793804,,,,,No,General,Favoured,General,Favoured
246,5HEX,A,ALA,370,-63.9504392771503,-41.672281417950074,-178.80552788819872,111.3588821127486,46.55,,,,,,No,General,Favoured,General,Favoured
247,5HEX,A,THR,371,-60.43124307611067,-51.57812253735384,178.19543556475188,111.20881930151566,45.73,-58.38107385511594,,,,,No,General,Favoured,General,Favoured
248,5HEX,A,HIS,372,-51.695657533156854,-39.18310134944397,178.27200640559428,111.62657546065135,44.46,160.6099182471776,79.2578102306208,,,,No,General,Favoured,General,Favoured
249,5HEX,A,ARG,373,-78.44064516125732,-41.15103951249255,-172.81889846937872,111.25821049698733,41.87,165.82706834856205,85.87740822875948,151.47345959891328,151.16174544884282,-1.5053418560621252,No,General,Favoured,General,Favoured
250,5HEX,A,CYS,375,-64.20767992338774,-39.80979391496237,175.70024157186887,111.73374584038447,38.31,-71.41092097806322,,,,,No,General,Favoured,General,Favoured
251,5HEX,A,GLN,376,-69.42767014960985,-42.99868035718156,-179.50927398919944,111.47253266689178,41.45,-67.83261222863999,173.730778096779,-18.8100892863651,,,No,General,Favoured,General,Favoured
252,5HEX,A,SER,379,-69.66778163562064,-32.331346666070125,-178.82285379472938,111.47382015750746,33.63,73.12699507895942,,,,,No,General,Favoured,General,Favoured
253,5HEX,A,THR,380,-71.7607096913213,-32.47513708055106,176.33901983245454,111.07693353346649,33.34,-66.58517634941006,,,,,No,General,Favoured,General,Favoured
254,5HEX,A,ARG,381,-65.8893861648606,-40.140180238777965,175.48931141553126,110.35395873429228,28.03,-165.06937443579125,-173.66544576247654,63.07989085962787,169.25134376420135,-2.023196695167114,No,General,Favoured,General,Favoured
255,5HEX,A,SER,382,-59.644239970738006,-43.63784851452107,177.53875804355118,111.01571751578027,30.78,176.64892816906914,,,,,No,General,Favoured,General,Favoured
256,5HEX,A,ALA,383,-67.61931727797976,-35.670575680237526,-178.9474693583477,111.67071658855578,32.14,,,,,,No,General,Favoured,General,Favoured
257,5HEX,A,SER,384,-72.75980092955643,-36.449790009587915,-178.92668034333477,111.65838939176813,28.25,-75.60552029911494,,,,,No,General,Favoured,General,Favoured
258,5HEX,A,LEU,385,-67.44537992155416,-37.312205427067845,179.70159320290853,111.1894535964753,28.71,-67.14344428249623,167.99806908062678,,,,No,General,Favoured,General,Favoured
259,5HEX,A,CYS,386,-59.58007933810515,-45.9015056462933,171.4725931500537,111.43622641648372,31.49,-74.36219720569882,,,,,No,General,Favoured,General,Favoured
260,5HEX,A,ALA,387,-52.88639568026629,-48.80990450752487,179.42124394830228,110.49356854600539,27.96,,,,,,No,General,Favoured,General,Favoured
261,5HEX,A,ALA,388,-57.64201348335499,-46.3064368518278,-174.94879910967052,110.92791054411707,21.85,,,,,,No,General,Favoured,General,Favoured
262,5HEX,A,THR,389,-77.94390856374014,-35.44165074603958,-176.80436175044989,111.73029124388397,27.26,52.790025592126085,,,,,No,General,Favoured,General,Favoured
263,5HEX,A,LEU,390,-58.64287532010625,-37.01817237961792,170.03595693205227,110.9772142205932,25.37,-81.90833083446257,176.5334283851014,,,,No,General,Favoured,General,Favoured
264,5HEX,A,ALA,391,-57.15907641202713,-45.3124485104512,178.69681206197222,110.77977085587352,27.74,,,,,,No,General,Favoured,General,Favoured
265,5HEX,A,ALA,392,-65.18387323167934,-39.067619893468276,-177.74516850931224,111.48091180134534,28.62,,,,,,No,General,Favoured,General,Favoured
266,5HEX,A,LEU,394,-60.71521245699049,-40.397335819322905,178.9404466191747,111.0483747030051,30.26,-74.74628896945968,172.5378552555433,,,,No,General,Favoured,General,Favoured
267,5HEX,A,GLN,395,-64.51741893778616,-37.55109085599252,179.77465129343202,111.19307276632338,28.0,-176.7474072374527,53.72415251727392,46.16553603987375,,,No,General,Favoured,General,Favoured
268,5HEX,A,ARG,396,-72.51519937793599,-42.11329026838761,-178.04146356711593,111.57101555924535,28.84,-177.68823857264917,163.4597936217271,-178.04145062832006,74.83617200906235,-4.368929272773066,No,General,Favoured,General,Favoured
269,5HEX,A,LYS,398,-66.90268872152802,-47.78793199957586,179.71650407570965,111.33037887700935,34.41,-168.25373772443064,-178.91373150406878,89.16641630733706,174.6278453739693,,No,General,Favoured,General,Favoured
270,5HEX,A,GLU,399,-64.37824524167834,-32.808554659616256,175.31955946406163,112.01307620223409,27.0,-31.629310638986215,-171.9841049231451,157.40624477222858,,,No,General,Favoured,General,Favoured
271,5HEX,A,ASN,400,-61.11414700460373,-49.01346146487466,176.47073885360876,110.80820196363463,35.57,-75.12038504237775,-15.79024688529355,,,,No,General,Favoured,General,Favoured
272,5HEX,A,LYS,401,-70.65698291826774,-32.3368220010849,-178.06813403521343,111.4699328451391,35.44,-68.59473987026098,-176.72933274058906,176.34892531260672,178.9066167196419,,No,General,Favoured,General,Favoured
273,5HEX,A,GLU,403,-103.57333711120022,174.96615025391745,168.87045890457958,108.10740520096,62.38,-156.99549409011877,-86.37454516730205,-20.64980360297074,,,No,General,Favoured,General,Favoured
274,5HEX,A,GLU,404,-80.76157159176451,-35.06704314389056,-177.91674269844742,112.6150808616814,66.05,,,,,,No,General,Favoured,General,Favoured
275,5HEX,A,ARG,405,-117.35883491948866,142.4987357605446,-173.64890844872932,109.35613116352678,59.22,-164.5188753252635,70.6062537742281,-179.04047067415542,157.52823269740023,-0.9664915312007163,No,General,Favoured,General,Favoured
276,5HEX,A,LEU,406,-131.6418932010576,118.22000706265514,-172.83661114495777,110.64037199524343,45.03,179.19263771268464,73.90657301008049,,,,No,General,Favoured,General,Favoured
277,5HEX,A,ARG,407,-89.27843271059518,121.07966762350277,166.91119021320554,107.24328441784195,44.87,-50.04705135959736,-67.38872521021493,-51.88116769309407,-77.51122173396057,-179.24243099126488,No,General,Favoured,General,Favoured
278,5HEX,A,SER,408,-148.17079354077728,143.38697622348187,-178.62513267941492,110.04143799396391,32.0,-165.8384478591675,,,,,No,General,Favoured,General,Favoured
279,5HEX,A,THR,409,-118.20089945540947,136.70445287634726,-178.7235479761759,110.46422063142163,34.36,-69.41457009797725,,,,,No,General,Favoured,General,Favoured
280,5HEX,A,ASP,413,-146.91882171995167,177.45353922241173,176.48929452349807,108.59485718921466,29.61,-166.9972008067588,4.208296382168864,,,,No,General,Favoured,General,Favoured
281,5HEX,A,SER,415,-72.07709929733008,-31.351035735413685,-169.29521482134453,112.45629792370087,32.58,58.91567500375444,,,,,No,General,Favoured,General,Favoured
282,5HEX,A,TYR,417,-70.24425512357682,-31.114002339360855,-172.61289409505775,111.18228353233134,34.52,160.47212674539026,-48.299935850875336,,,,No,General,Favoured,General,Favoured
283,5HEX,A,LYS,418,-77.23066749822073,-51.40477377266257,179.84451425674635,112.46704050198728,40.93,-74.84139921622993,-177.1294519156235,174.08879190393947,174.61427219970088,,No,General,Favoured,General,Favoured
284,5HEX,A,LYS,419,-99.39612463610287,-5.600662664877383,-171.21413368775978,114.58478325148913,42.66,-63.23348793412191,-18.78024221932528,-176.13555282282454,167.18633716268315,,No,General,Favoured,General,Favoured
285,5HEX,A,HIS,422,-101.43778247541074,-2.65703388827149,-171.16513075657207,115.52662518323214,44.97,-55.51711779175967,-75.55529105936155,,,,No,General,Favoured,General,Favoured
286,5HEX,A,PHE,423,-80.5476241605267,-39.571614495730664,-159.55881924566663,111.26851133570446,38.35,147.9329925147565,-28.49034414371362,,,,No,General,Favoured,General,Favoured
287,5HEX,A,ALA,424,-53.47709916526976,-45.948327951940485,174.06001648740613,111.19263855790192,36.24,,,,,,No,General,Favoured,General,Favoured
288,5HEX,A,LYS,425,-57.3693910440298,-47.467765407594705,177.3099561042921,110.33524497684516,34.14,177.06760930469633,169.75575518885037,65.59446223401935,72.58020836516927,,No,General,Favoured,General,Favoured
289,5HEX,A,ARG,426,-63.920192257517215,-41.167422558314584,-177.9998133498204,111.3169094705278,33.34,-70.58286786698683,168.90870653721936,173.00924470089635,163.88561586216252,-0.4688015596208445,No,General,Favoured,General,Favoured
290,5HEX,A,LEU,427,-62.04219834052401,-55.31608839188437,176.0842074205677,110.53481003319227,31.21,174.34167224941285,62.81835970880436,,,,No,General,Favoured,General,Favoured
291,5HEX,A,HIS,428,-51.59810806756985,-46.06692138909838,-177.8928945391221,110.77175923569139,29.33,-58.556505480581706,171.14103739833823,,,,No,General,Favoured,General,Favoured
292,5HEX,A,LYS,429,-68.48256298479642,-36.98878619367423,-175.86186375845037,111.76157048502961,34.66,-177.28446380146931,159.0423489989367,-176.95498470631853,-75.9888241868544,,No,General,Favoured,General,Favoured
293,5HEX,A,THR,430,-76.06246068315612,-40.734525716581885,-176.98809726642008,111.99294180318823,30.76,-54.53793546980385,,,,,No,General,Favoured,General,Favoured
294,5HEX,A,ARG,432,-67.7297675954706,-33.23271152638756,-173.5472937136119,111.60453901019324,33.48,-63.184658413239724,-169.7277364259088,173.0284347533133,103.0462508470573,-0.7041022667749949,No,General,Favoured,General,Favoured
295,5HEX,A,ARG,433,-61.07805951812011,-47.169137139163134,168.8998704624731,111.89186775812385,30.46,-126.9521454623053,-169.48640341540272,-70.32671463610887,139.34074145622674,-2.031353185644183,No,General,Favoured,General,Favoured
296,5HEX,A,LEU,434,-71.86670963902985,-21.548850599644283,-173.13681298194916,112.17108388158081,31.5,-57.04249506961649,175.94619472340915,,,,No,General,Favoured,General,Favoured
297,5HEX,A,CYS,438,-134.82271243657107,133.94610490722422,-171.04256680743805,111.16555431537512,44.32,-69.70027088977342,,,,,No,General,Favoured,General,Favoured
298,5HEX,A,ASP,439,-95.3327805064502,112.27586994301124,163.5007156267772,105.52025668013539,38.37,-58.54157837211488,-31.335408097241874,,,,No,General,Favoured,General,Favoured
299,5HEX,A,ARG,441,-81.91090237270316,149.8548039458088,170.29364745009607,110.66175752122824,36.5,-96.84295354989652,-153.98543082644878,71.58010623781115,-132.7776661411372,-1.5426196377650607,No,General,Favoured,General,Favoured
300,5HEX,A,PHE,442,-113.6795477311912,134.62364992172988,166.03375973690774,110.09113473780818,29.71,-73.54456810709864,70.50137532602564,,,,No,General,Favoured,General,Favoured
301,5HEX,A,LEU,443,-133.23666979100022,120.75923188384193,178.48357580842674,107.79404397270318,30.06,175.5555964654131,67.8540801370056,,,,No,General,Favoured,General,Favoured
302,5HEX,A,ARG,444,-84.34396672945851,133.08257944675492,179.58095687545406,109.73674450357233,35.23,67.07631855472,176.4232174163867,62.11362606575407,84.43579512875893,-178.8069597456951,No,General,Favoured,General,Favoured
303,5HEX,A,SER,445,-83.82307670125357,125.27416158445479,174.05767990386437,109.93677872394392,38.03,169.82172009877792,,,,,No,General,Favoured,General,Favoured
304,5HEX,A,GLU,446,-89.48764694853169,-66.78435656312642,176.73105310480972,110.47819029888778,72.96,164.77346943065305,35.276245417554435,-114.56968911855033,,,No,General,Allowed,General,Allowed
305,5HEX,A,ASP,447,-61.65032829526025,-11.355726631121216,-166.83960073584208,113.52571032999346,93.55,-76.41669282866611,-17.657801122928234,,,,No,General,Favoured,General,Favoured
306,5HEX,A,SER,449,-95.38557611589727,-3.182784877705892,-165.1864572718788,113.60215546140093,59.25,53.79726963689147,,,,,No,General,Favoured,General,Favoured
307,5HEX,A,LYS,451,-65.50891604088085,-32.74939883595008,178.8064457406765,111.94884995986924,41.98,-28.017973653231003,151.3535312437537,67.78465079430617,-170.52622288491955,,No,General,Favoured,General,Favoured
308,5HEX,A,ALA,453,-56.74778203116782,-41.98770052511877,177.91848681934874,110.37308461993798,26.54,,,,,,No,General,Favoured,General,Favoured
309,5HEX,A,ALA,454,-57.43233735972341,-43.587248708561525,175.19669787724,111.25625715112733,26.14,,,,,,No,General,Favoured,General,Favoured
310,5HEX,A,MET,455,-64.9340737256385,-29.778997648191122,-178.09884123532484,111.35368999035826,25.92,-168.11576830351225,65.87295101136479,67.48981141607149,,,No,General,Favoured,General,Favoured
311,5HEX,A,THR,457,-62.81386946361608,-29.433053797123495,177.2700912164934,111.2135338646117,27.7,59.66617540985462,,,,,No,General,Favoured,General,Favoured
312,5HEX,A,ALA,458,-70.21236541574041,-41.02017726610429,178.33768074705276,110.69574073833768,23.46,,,,,,No,General,Favoured,General,Favoured
313,5HEX,A,ALA,460,-64.26998586063763,-39.76295760881606,177.48695432690752,110.65837096686735,22.48,,,,,,No,General,Favoured,General,Favoured
314,5HEX,A,TYR,461,-65.07982582232546,-36.36481281450015,175.42392474472433,111.16231040147665,33.56,-83.94425333523297,-14.255709198047203,,,,No,General,Favoured,General,Favoured
315,5HEX,A,ARG,462,-66.74156135900664,-44.52461215135386,-177.55178229798278,111.03321612244166,25.66,174.62632548738415,176.35249322840536,68.7630686980211,73.74766719018001,-3.7273210636563086,No,General,Favoured,General,Favoured
316,5HEX,A,LEU,463,-56.548289049310085,-43.691365222229585,177.26279109290797,110.73370150545722,24.97,-62.10151316429011,-178.0208133827286,,,,No,General,Favoured,General,Favoured
317,5HEX,A,ALA,464,-62.83272207695672,-43.03850032747501,179.14555571099723,111.15760951819254,30.85,,,,,,No,General,Favoured,General,Favoured
318,5HEX,A,ASP,465,-67.14253580529612,-38.133204570642874,-176.73440670350953,111.18043482741076,32.48,-71.69173826016295,-19.916554768470295,,,,No,General,Favoured,General,Favoured
319,5HEX,A,GLN,466,-75.40291238420541,-30.420981803206544,-178.05436253940204,111.67649650018954,33.52,-64.49634448270366,175.9534763088262,-23.811643012297157,,,No,General,Favoured,General,Favoured
320,5HEX,A,HIS,467,-60.63319792866427,-55.372187189921696,174.1860572456681,111.4739369455939,32.49,-178.35820985256694,67.93756419752343,,,,No,General,Favoured,General,Favoured
321,5HEX,A,ARG,468,-72.78476190360416,-18.904209203554682,-179.26523053237347,111.01162796831709,39.17,71.23973544334233,-174.3117527654893,70.80203457731977,90.18117277527665,-0.36898713422259377,No,General,Favoured,General,Favoured
322,5HEX,A,ALA,469,-65.2453840876834,-52.53814000584867,173.53928195071745,110.72056883844023,27.75,,,,,,No,General,Favoured,General,Favoured
323,5HEX,A,ARG,470,-76.64925140548338,-23.63976477551753,-176.96148739827208,111.10071955617022,32.42,69.45218784092752,-176.58112949748175,75.80802783420792,97.15380165526099,1.8708140446167407,No,General,Favoured,General,Favoured
324,5HEX,A,GLN,471,-69.2258206236174,-27.13173458634787,171.19900698018088,111.5034852525453,35.89,-159.48590806938583,57.338771155184006,-121.41520330183259,,,No,General,Favoured,General,Favoured
325,5HEX,A,LYS,472,-67.75546018908614,-30.755685861540332,176.95134688760328,111.19882622175068,39.96,,,,,,No,General,Favoured,General,Favoured
326,5HEX,A,THR,473,-77.11271360721305,-41.53534359739797,176.35880676229024,110.77022612073411,36.68,-65.158944313806,,,,,No,General,Favoured,General,Favoured
327,5HEX,A,LEU,474,-66.21449324498298,-27.0674801181725,-178.28284800960972,111.59119756437379,33.22,-70.37962478899475,177.33692843892078,,,,No,General,Favoured,General,Favoured
328,5HEX,A,GLU,475,-58.64630475360404,-31.160911015815877,179.7480728198423,111.11322231224412,45.47,-101.29466942945832,150.8250768389869,38.71034882587083,,,No,General,Favoured,General,Favoured
329,5HEX,A,HIS,476,-61.02805392833622,-23.698804636269198,175.76529084925377,112.94666120705328,41.54,-70.43979066291539,78.82354287702495,,,,No,General,Favoured,General,Favoured
330,5HEX,A,LEU,477,-98.77821486942028,5.0956361157719305,178.14789164580566,114.14529888965836,34.89,-75.4142044729557,77.8955760696864,,,,No,General,Favoured,General,Favoured
331,5HEX,A,GLN,478,-111.73215406970563,112.93601989341188,178.19473602328756,108.84839168890132,44.4,-60.39002845896202,169.86960802903008,168.69324124556258,,,No,General,Favoured,General,Favoured
332,5HEX,A,LEU,479,-102.42804172281953,134.99050527826245,-170.01431446852806,110.86771262889187,46.11,-61.61281485429933,-178.04941681033097,,,,No,General,Favoured,General,Favoured
333,5HEX,A,SER,480,-73.33223121552727,155.50060972189073,177.21176091609323,111.19450337653808,58.28,59.16324096874615,,,,,No,General,Favoured,General,Favoured
334,5HEX,A,HIS,481,-57.20681535127455,-30.588809512720623,176.9237806675865,111.4674912359177,51.47,168.07566447320892,-9.947668648855078,,,,No,General,Favoured,General,Favoured
335,5HEX,A,ASP,482,-71.47630090479434,-27.297774578744583,172.66189954683938,112.01336727726222,56.28,-72.68407347432218,-9.958735811492643,,,,No,General,Favoured,General,Favoured
336,5HEX,A,GLN,483,-76.90422499380674,-34.91482844446305,-177.87480228216137,112.46833735448666,52.07,-83.6811511168444,171.27236668275626,-43.75029894094527,,,No,General,Favoured,General,Favoured
337,5HEX,A,LEU,484,-69.87939126049615,-42.91240348286195,178.36062457493512,110.95242626547365,50.26,-58.15436538631631,173.32536178221937,,,,No,General,Favoured,General,Favoured
338,5HEX,A,LEU,485,-50.115217093960865,-44.13066421241967,171.40151506061352,111.2234723254131,49.57,-65.29287080200315,165.51226786525984,,,,No,General,Favoured,General,Favoured
339,5HEX,A,GLU,486,-62.452616729013535,-40.04521128413829,175.64859419258033,111.39273793287212,51.92,173.905573868277,62.158396407141645,11.83300187642132,,,No,General,Favoured,General,Favoured
340,5HEX,A,LYS,488,-50.37307535909874,-53.46844059993679,171.83226010040536,110.98421385777017,50.55,179.72657257595742,-178.08944929241142,177.28696750117692,179.8709178838335,,No,General,Favoured,General,Favoured
341,5HEX,A,ARG,489,-50.491047927745875,-47.21265544751874,179.88988107298775,111.68192491548548,57.83,-176.23074450803904,-172.62441103201377,76.71383564621581,89.70238805899201,-1.0416869744335533,No,General,Favoured,General,Favoured
342,5HEX,A,ARG,490,-71.94522679848876,-22.98606394362622,-174.99824585124298,112.08713587244273,58.08,-35.67961478110525,-152.6995554921078,-166.3384714158452,163.24501292013548,1.7589132663909772,No,General,Favoured,General,Favoured
343,5HEX,A,MET,491,-67.78995781108362,-38.41004024014827,168.83039769099852,110.05169643813427,57.69,-173.3244413924042,66.46927746142204,83.19308184413593,,,No,General,Favoured,General,Favoured
344,5HEX,A,LYS,492,-53.441684894886315,-60.818642879913526,173.90968169752523,111.07189096061823,61.9,173.83875977992187,-151.0501787236968,-164.23290187836068,-119.83704668911628,,No,General,Favoured,General,Favoured
345,5HEX,A,GLU,494,-72.27933156711518,-25.672479823380467,-177.8902468420943,111.56569865198462,61.62,-68.6605050332894,-60.24641982716251,-24.91305286803186,,,No,General,Favoured,General,Favoured
346,5HEX,A,MET,495,-69.94728737888153,-53.81395394666986,172.82570644290527,111.0059645984409,60.76,-66.20622663967002,164.22437002602985,72.94655268498855,,,No,General,Favoured,General,Favoured
347,5HEX,A,GLU,496,-55.12953982002856,-38.37534233245188,176.27153351589433,110.28295568798893,66.64,-63.21848353325337,159.2240841888549,-4.544498594385739,,,No,General,Favoured,General,Favoured
348,5HEX,A,ARG,497,-67.51646052750206,-35.721110437579846,-177.3712406922454,111.69946991524819,63.79,167.30021286833394,168.99248373646248,-27.673458238719455,175.5982664317615,-0.3556444260538122,No,General,Favoured,General,Favoured
349,5HEX,A,LEU,499,-79.29517659353893,-41.378454188940914,-175.19539068925488,112.24256571756335,69.5,-71.319700042698,165.64566329052798,,,,No,General,Favoured,General,Favoured
350,5HEX,A,SER,500,-65.90285029633772,152.0719264195055,-178.8914221077077,110.95089103826645,76.25,66.61142346949961,,,,,No,General,Favoured,General,Favoured
351,5HEX,A,LYS,501,-76.40028988946875,-14.836952211238529,-175.31903363977847,112.84973761887171,77.03,-97.03723210726085,,,,,No,General,Favoured,General,Favoured
352,5HEX,A,GLU,502,-75.45447141334836,-53.187910978142234,-177.32466771509436,112.23281446896041,76.41,54.08471891681446,76.74837461727599,23.622450841208806,,,No,General,Favoured,General,Favoured
353,5HEX,A,THR,503,-91.43523892934944,-8.96229583425294,-178.3060219080353,115.89760102587984,81.41,37.89512396956783,,,,,No,General,Favoured,General,Favoured
354,5HEX,A,HIS,504,-57.491617917986204,-28.996353032019652,-167.32657608452928,110.45429576065315,69.8,157.28064586947173,-83.81793533258751,,,,No,General,Favoured,General,Favoured
355,5HEX,A,ALA,505,-66.22009085015719,-42.96253679590073,168.84758458437364,111.51201211238782,76.95,,,,,,No,General,Favoured,General,Favoured
356,5HEX,A,SER,506,-82.21274956992137,-26.955511268205274,179.19682231716058,113.36550131944244,82.37,76.29574950284703,,,,,No,General,Favoured,General,Favoured
357,5HEX,A,LYS,510,-83.12803469373564,-15.649358549336908,-158.988558001764,113.68236266099088,52.62,-68.92532390808428,-64.11572853087465,-175.38652231277027,-175.80051208725416,,No,General,Favoured,General,Favoured
358,5HEX,A,MET,511,56.33016816976586,49.12967486959604,170.41519868865447,112.29302974846539,55.02,-64.22695348139321,-60.56006652532319,173.7783973482896,,,No,General,Favoured,General,Favoured
359,5HEX,A,THR,514,-90.23432953065998,-15.141937867301985,176.63109855608002,113.98632611860522,53.79,65.44158482697118,,,,,No,General,Favoured,General,Favoured
360,5HEX,A,TYR,515,54.950609778386585,28.24599519728619,-167.77037178130135,111.59242683052196,63.43,-60.46294784011683,-86.14089013870318,,,,No,General,Favoured,General,Favoured
361,5HEX,A,CYS,517,-102.48501950359362,-2.5157777760951294,-171.06311101735153,114.79197796359911,63.32,-63.77261819328391,,,,,No,General,Favoured,General,Favoured
362,5HEX,A,ALA,518,-141.25288936052954,157.02230586326507,-170.76219479058534,110.12196485597816,67.39,,,,,,No,General,Favoured,General,Favoured
363,5HEX,A,ASP,521,-116.36161852930664,-175.01691699433127,157.4819594105604,107.18841292075007,67.06,-50.28175113968157,-16.540569472570297,,,,No,General,Favoured,General,Favoured
364,5HEX,A,THR,523,-65.02852153461706,-45.040168333842736,-164.74990776679624,112.47576434853336,67.93,-50.170757862194314,,,,,No,General,Favoured,General,Favoured
365,5HEX,A,GLU,524,-67.96302795660337,141.11703426120238,-148.5675599085759,112.17992028471726,69.0,-62.96838188355655,88.0894418788433,1.619811874224743,,,No,General,Favoured,General,Favoured
366,5HEX,A,LYS,525,-148.7851302853288,143.95395822776095,-179.87162470934808,108.69320620796343,77.76,,,,,,No,General,Favoured,General,Favoured
367,5HEX,A,ASP,527,-118.18284223368805,130.58809326715897,175.69437815153705,109.18468459170955,77.12,-71.16469423184289,-17.964836980727803,,,,No,General,Favoured,General,Favoured
368,5HEX,A,PHE,528,-133.16535984344404,138.04711500069808,179.0957541571838,109.41582973655149,68.24,-51.97318748316159,73.2311654879529,,,,No,General,Favoured,General,Favoured
369,5HEX,A,LEU,529,-90.16262286275743,140.11149516169954,170.94734105997375,109.35444826255456,68.47,-70.85992398335232,171.06856778704406,,,,No,General,Favoured,General,Favoured
370,5HEX,A,ALA,530,-120.52280693655925,128.55885220433274,171.55223295842382,108.03869167490079,65.09,,,,,,No,General,Favoured,General,Favoured
371,5HEX,A,LEU,531,-108.46907273325262,110.76870121779505,172.02066810883764,106.791897842444,63.2,165.10751860458132,76.85769365072608,,,,No,General,Favoured,General,Favoured
372,5HEX,A,ASP,532,-109.35202089807618,106.15709739629405,-179.09472327480677,107.36286796758637,66.67,178.00132873463056,6.487303265974282,,,,No,General,Favoured,General,Favoured
373,5HEX,A,LEU,533,-126.50941068102141,114.36012463766372,-179.3653920270473,109.6432635317825,66.73,175.7383392716335,132.7628338887266,,,,No,General,Favoured,General,Favoured
374,5HEX,A,THR,536,-71.73600797832202,-16.030653167029413,-168.3867359506578,113.54068954991693,66.98,78.58149690332259,,,,,No,General,Favoured,General,Favoured
375,5HEX,A,ASN,537,-114.02281225680485,108.31368623648936,-178.8841691557459,110.05836190593295,65.82,-68.06539204905008,-75.96572878475132,,,,No,General,Favoured,General,Favoured
376,5HEX,A,PHE,538,-83.76255379078555,155.5687273184962,164.15455574695173,111.46646247716525,71.37,44.88200177620929,54.66494120615897,,,,No,General,Favoured,General,Favoured
377,5HEX,A,ARG,539,-103.65031447992604,143.11840507728212,162.75323268757913,109.30478345757926,77.05,-52.168248905208934,-173.76360605220538,-59.33595414065497,124.72554013043536,1.6767415801806385,No,General,Favoured,General,Favoured
378,5HEX,A,LEU,541,-127.26367515166439,147.76006928705888,-172.08473826173068,110.740705175717,68.75,-47.10492897315574,99.97925921900173,,,,No,General,Favoured,General,Favoured
379,5HEX,A,LEU,542,-111.66494380136487,119.569731027904,170.92752885795812,109.60558197862794,80.09,171.7276107066281,59.168095622579834,,,,No,General,Favoured,General,Favoured
380,5HEX,A,ARG,544,-112.49274473839164,130.48937073528978,173.7377300237621,108.83624461659541,78.42,173.1159909700636,111.71431522027699,62.86295620761906,-136.98091497742197,-4.5251667147755965,No,General,Favoured,General,Favoured
381,5HEX,A,ARG,546,-102.13888956184601,119.08691614356638,169.4591645407743,109.18789294227837,79.06,-70.29873682614245,-176.91977186344153,-58.99619099695085,-78.0603073678974,-179.64981158818705,No,General,Favoured,General,Favoured
382,5HEX,A,ASN,547,-78.9524102655715,-173.99793934557422,-176.27153601192916,110.08327487979912,76.83,67.99683606516696,-11.209174557138985,,,,No,General,Favoured,General,Favoured
383,5HEX,A,LYS,549,-63.79864240195266,154.7417256041347,175.09775752839855,108.61419066328324,83.08,75.77044117552126,179.30943905720403,-63.44485000301778,175.18796238635144,,No,General,Favoured,General,Favoured
384,5HEX,A,TRP,550,58.27352754316299,-135.23398039773696,-161.00522532360412,105.63046762637708,78.96,-60.05438386337087,-27.850853278486507,,,,No,General,Allowed,General,Allowed
385,5HEX,A,GLU,554,-117.79560317796694,156.15837740760992,164.15132757489314,110.08134582226702,86.33,78.41332006966873,-63.057912612787504,25.824114485908282,,,No,General,Favoured,General,Favoured
386,5HEX,A,MET,555,-114.86611448171493,144.2925515226996,-175.2790775381737,112.57841245628265,87.36,-73.08930316845911,-43.606931426705884,-68.81601053772545,,,No,General,Favoured,General,Favoured
387,5HEX,A,HIS,556,-132.74835565718078,122.85910185862733,157.6820919118058,107.31243794498882,87.37,-39.803468520911494,79.64613521386411,,,,No,General,Favoured,General,Favoured
388,5HEX,A,ASN,557,-116.36643315026006,175.48149690572677,172.53589093325616,109.93084211843862,78.14,77.75639293477856,39.205786668143894,,,,No,General,Favoured,General,Favoured
389,5HEX,A,LYS,558,-150.7314183711811,142.01580540121017,162.24520935180962,106.02907060895234,79.12,-167.81322793182275,178.4405823307729,175.46126379214135,63.481720690625764,,No,General,Favoured,General,Favoured
390,5HEX,A,TYR,560,-121.46373565651812,156.94018945490967,174.12857332997183,110.2039011035515,72.08,-59.75887907646575,70.44989415447414,,,,No,General,Favoured,General,Favoured
391,5HEX,A,ALA,561,-107.66537612150398,144.50454185168718,175.2562287421292,109.18705861062928,69.57,,,,,,No,General,Favoured,General,Favoured
392,5HEX,A,GLN,564,-62.347332596766776,-30.631479132554183,-170.71457859874255,111.75283723057031,52.69,50.92086326932207,173.87018627440474,13.051187210511124,,,No,General,Favoured,General,Favoured
393,5HEX,A,GLU,565,-59.13916235863331,-55.0743641303962,171.06130333341636,111.02984751985885,63.14,,,,,,No,General,Favoured,General,Favoured
394,5HEX,A,MET,567,-77.89076045568126,-29.111748291622476,-176.94638390240732,113.16039905575202,75.92,-70.81583086278162,162.06363933627574,53.662660797574404,,,No,General,Favoured,General,Favoured
395,5HEX,A,HIS,568,-88.77384143525401,-4.856019566392328,177.45328288966707,112.21204311341643,79.39,-166.85803170393206,-35.61619651678319,,,,No,General,Favoured,General,Favoured
396,5HEX,A,THR,570,-77.72551368006107,158.780433957561,179.1463137542918,111.18351161950329,76.18,179.22369874832464,,,,,No,General,Favoured,General,Favoured
397,5HEX,A,ASP,572,-74.00341323885837,-36.260358758992076,179.85831629314347,111.76849247647638,70.9,-61.18459253857018,43.246933323045454,,,,No,General,Favoured,General,Favoured
398,5HEX,A,GLU,573,-74.54148101899796,-14.035008262899154,170.83535468923662,112.74869306150353,71.56,-46.57024775428962,165.07346110935518,-45.98580275056999,,,No,General,Favoured,General,Favoured
399,5HEX,A,LEU,574,-72.00319775450279,-45.88070384908686,175.54090928917938,111.45738572552358,64.17,167.37170362152756,59.31263788370205,,,,No,General,Favoured,General,Favoured
400,5HEX,A,PHE,575,-82.77416208903152,-16.26756157843801,-177.38613554530488,113.53814567728227,66.97,-68.87547895909529,69.94717927940309,,,,No,General,Favoured,General,Favoured
401,5HEX,A,ASP,576,-69.23664402778925,-45.14199486559665,168.95416978271862,110.84361851848786,65.41,-58.0208327865083,3.8126705077993264,,,,No,General,Favoured,General,Favoured
402,5HEX,A,HIS,577,-55.058588970248636,-43.13754073454721,174.81208984509558,110.2337921679774,61.53,-178.90297781627712,65.11387398013981,,,,No,General,Favoured,General,Favoured
403,5HEX,A,GLN,580,-72.39130900237873,-40.726995142574644,178.36060853130527,110.47185413469066,71.83,172.38332927930895,-152.5622124883281,-96.15981116290193,,,No,General,Favoured,General,Favoured
404,5HEX,A,CYS,581,-53.328663471391714,-30.729818573028556,177.30985712174922,110.72168852732824,70.52,-53.202834040232055,,,,,No,General,Favoured,General,Favoured
405,5HEX,A,ALA,583,-59.331614373238075,-43.20948290082007,177.0728034912251,111.46351626470396,67.43,,,,,,No,General,Favoured,General,Favoured
406,5HEX,A,ASP,584,-59.304965638937055,-49.95797323088604,179.10636960291276,110.95043713794395,77.25,173.94070025102417,70.87775897267571,,,,No,General,Favoured,General,Favoured
407,5HEX,A,PHE,585,-72.78085557877787,-44.95453523807695,-170.9629777723933,110.80960081743918,83.74,158.01871823992252,-93.85689304399612,,,,No,General,Favoured,General,Favoured
408,5HEX,A,LEU,586,-46.21930959445171,-47.14975473875626,171.17647913819815,110.90278879481797,80.72,-140.79566780675924,48.71008064438183,,,,No,General,Favoured,General,Favoured
409,5HEX,A,GLU,587,-62.7210280471913,-43.06274667223521,173.16533204383364,111.25642479117444,85.25,174.9306410289988,-79.45032757291403,-3.8760223039625434,,,No,General,Favoured,General,Favoured
410,5HEX,A,TYR,588,-67.06947357084674,-27.25962351478917,-177.21849170077917,111.0757876790953,86.79,153.58986453945082,43.31603182688658,,,,No,General,Favoured,General,Favoured
411,5HEX,A,MET,589,-65.31759729153838,-12.436155985775144,164.75029423235387,112.8125213198665,95.03,-75.24251016193732,-50.31344616602429,-62.63311699912164,,,No,General,Favoured,General,Favoured
412,5HEX,A,MET,591,-94.72254478457283,7.0465081458201215,-174.9229272822804,113.91308567650975,90.07,-76.0941778133726,-167.18337259835738,174.09066166480966,,,No,General,Favoured,General,Favoured
413,5HEX,A,LYS,592,-54.33458927047611,125.30202221464556,-172.5407989294118,110.1945274868646,82.97,,,,,,No,General,Favoured,General,Favoured
414,5HEX,A,SER,595,-89.12057282656018,144.40875763451592,171.46339369606426,110.59030578305985,77.79,178.88748675806514,,,,,No,General,Favoured,General,Favoured
415,5HEX,A,LEU,598,-139.02928684458254,127.70755911633519,-170.9455574637627,111.99241716864871,59.94,172.95883547562218,130.98858867906029,,,,No,General,Favoured,General,Favoured
416,5HEX,A,PHE,600,-138.117439149304,117.65381632628934,-164.14932191275372,110.29196509038965,58.45,178.0773786839514,35.0145239536138,,,,No,General,Favoured,General,Favoured
417,5HEX,A,THR,601,-104.37366457001988,108.81488270075685,174.41404910717134,107.5112487674046,62.52,-62.840135291136114,,,,,No,General,Favoured,General,Favoured
418,5HEX,A,PHE,602,-118.77391647652168,108.09772011562414,-179.84144463044262,106.47923491307684,60.94,-175.38561018381404,81.36085572922991,,,,No,General,Favoured,General,Favoured
419,5HEX,A,SER,603,-106.10161000705524,104.84020112435199,-168.94900954236127,107.11756046071106,66.71,-61.81037199419789,,,,,No,General,Favoured,General,Favoured
420,5HEX,A,CYS,606,-145.00140292917763,137.04182090973802,-176.7909306797504,112.58175237203496,77.52,-85.09745963205216,,,,,No,General,Favoured,General,Favoured
421,5HEX,A,GLN,607,-90.19859646398729,114.33153577797461,158.09881200700164,107.61865789460671,79.45,171.64399477336403,69.8753317519204,55.75664511263045,,,No,General,Favoured,General,Favoured
422,5HEX,A,GLN,608,-106.86291990993949,113.21222637003467,178.97211197061873,109.25631915061325,68.75,-162.6825443817143,-173.99015893365515,-142.6135021734305,,,No,General,Favoured,General,Favoured
423,5HEX,A,ASN,609,-94.36169100933895,-12.317090948559443,-178.106352204184,113.39709951718967,68.63,-59.53728471816854,165.73448800621424,,,,No,General,Favoured,General,Favoured
424,5HEX,A,SER,610,-161.5843263327371,161.65071840975605,-175.97726065067957,108.66569840236731,61.49,168.66688107887384,,,,,No,General,Favoured,General,Favoured
425,5HEX,A,LEU,611,-53.740389524437674,-43.47641245402543,178.89466502314178,111.80186838741542,55.25,176.74538035868943,60.97910294809668,,,,No,General,Favoured,General,Favoured
426,5HEX,A,ASP,612,-98.54610058994915,6.24960096546261,-179.08787735925654,114.21160090222087,59.32,59.04773603250909,-10.001163999700335,,,,No,General,Favoured,General,Favoured
427,5HEX,A,GLU,613,-127.54118061700872,129.83760535722274,-177.13434265621004,110.79902714680905,65.92,179.30201655402388,-166.87816350814097,2.7027213033430373,,,No,General,Favoured,General,Favoured
428,5HEX,A,SER,614,-150.12515699319056,141.36649495198918,176.0590137687638,110.74677859550675,70.79,-173.80664817066932,,,,,No,General,Favoured,General,Favoured
429,5HEX,A,LEU,616,-65.2720543444891,125.81195595010769,170.92900967061382,110.11491180893157,75.58,168.47880755475305,64.65847006343621,,,,No,General,Favoured,General,Favoured
430,5HEX,A,LEU,617,-92.92819249856244,-71.82031271450892,-178.99728366982504,110.0104263915466,77.07,-61.1756655151404,179.09105352625983,,,,No,General,Allowed,General,Allowed
431,5HEX,A,LYS,618,-114.95200863990992,138.27869726364906,173.31593979864735,109.30974658446353,89.03,-55.67252035777279,-71.79439076580742,-174.02208649848615,-69.50406167813138,,No,General,Favoured,General,Favoured
432,5HEX,A,TRP,619,-63.93869076640525,156.04376580821696,163.91003100806287,109.59246248846551,77.9,-84.30935308818533,123.12726401323917,,,,No,General,Favoured,General,Favoured
433,5HEX,A,THR,620,-140.15633643634808,-175.4824025318972,177.5136843581724,106.29177310537172,79.01,-47.356676536777655,,,,,No,General,Favoured,General,Favoured
434,5HEX,A,LYS,621,65.44930354994568,-1.0221259149541575,160.94409382160737,112.61214842810192,76.83,-48.48424093002682,-68.36570214605858,178.44465438482797,62.17141892630617,,No,General,Allowed,General,Allowed
435,5HEX,A,PHE,623,-95.84907543988511,116.83756437459412,179.83324135844936,110.89628250135041,79.55,-64.72241665850062,-155.57333891751594,,,,No,General,Favoured,General,Favoured
436,5HEX,A,LYS,624,-96.5215559864621,4.212578665601271,179.1392342319412,113.54955375855185,81.34,,,,,,No,General,Favoured,General,Favoured
437,5HEX,A,ALA,625,-57.13828322852876,125.55220202395083,-171.55976786533944,112.3593800795445,76.11,,,,,,No,General,Favoured,General,Favoured
438,5HEX,A,SER,626,-75.07861722437774,162.16551736322504,-179.85857755384035,111.32918502135077,76.67,67.77778639265905,,,,,No,General,Favoured,General,Favoured
439,5HEX,A,CYS,628,-117.06284360020875,-61.832311006646364,-176.8751651983246,111.80750783521104,78.01,-66.5577687868844,,,,,No,General,Favoured,General,Favoured
440,5HEX,A,GLU,629,-51.80957294610076,130.3143136509612,-178.62352381847327,110.82370580325457,75.78,-40.09096778581936,-169.3113547344303,137.6665973462166,,,No,General,Favoured,General,Favoured
441,5HEX,A,GLU,631,-115.39109336124042,155.57220880849673,-178.05991699815954,110.04706039684659,77.52,-63.108068454445856,-58.06505505216403,-39.034575712818906,,,No,General,Favoured,General,Favoured
442,5HEX,A,ASP,632,-74.64227591730658,121.25479803562588,177.03077181339364,108.8451849207263,74.03,178.16553806532772,4.007307176956821,,,,No,General,Favoured,General,Favoured
443,5HEX,A,THR,635,-64.26400321800821,-39.44078049724167,175.0590211666454,110.0387494271248,70.61,61.873028481922155,,,,,No,General,Favoured,General,Favoured
444,5HEX,A,LEU,636,-52.02329091227473,-49.270428521824705,168.60998160047575,111.1049924635202,68.03,-59.4230266338202,170.80829658912992,,,,No,General,Favoured,General,Favoured
445,5HEX,A,LEU,637,-72.85733283904555,-40.144395936937634,178.7008278317074,111.58223814773466,63.59,176.05681271353023,58.8691378757674,,,,No,General,Favoured,General,Favoured
446,5HEX,A,LYS,638,-71.33317520227521,-42.988507233018495,-174.40776869891974,111.4520566676485,70.72,-72.1779761233989,-174.460293563326,-66.97616696357844,-176.76983622679566,,No,General,Favoured,General,Favoured
447,5HEX,A,GLU,639,-65.5744423893244,-24.597626365226347,176.9702753608158,111.62218603262369,67.47,-46.45413911576755,-168.21137406943876,121.2730678480739,,,No,General,Favoured,General,Favoured
448,5HEX,A,ALA,640,-77.97558612909862,-20.931983869991324,173.23161474188555,112.21194737170568,73.7,,,,,,No,General,Favoured,General,Favoured
449,5HEX,A,HIS,642,-60.98751815774777,-25.869636512961574,179.30136135449374,112.73291228877056,80.39,-156.90978456161352,-73.25713183471215,,,,No,General,Favoured,General,Favoured
450,5HEX,A,ARG,643,-94.05918311103453,-3.987087138158488,-162.7680858630118,114.88163631126586,78.07,-54.11303110442441,-171.68135105318362,-124.72455331162463,107.8655995998393,-1.3874899792312456,No,General,Favoured,General,Favoured
451,5HEX,A,ARG,644,-94.20122058684821,4.485339244521863,-169.6927339280209,113.16161659526995,85.84,153.53636627162444,67.35923582039177,75.11731098485936,-153.11216993143987,-3.8101517988225777,No,General,Favoured,General,Favoured
452,5HEX,A,GLU,645,73.87303034024711,-31.75367251784278,167.06374376940886,113.05886825125985,97.31,-91.10965857210438,106.69186924529515,160.4793322791631,,,No,General,Allowed,General,Allowed
453,5HEX,A,GLU,646,-94.22224460296414,-30.257365328613265,172.39039807596387,113.17970899241575,94.91,165.1850705871451,-85.0622290216447,-19.131217923524062,,,No,General,Favoured,General,Favoured
454,5HEX,A,PHE,647,-76.15290936031829,-71.82938489318582,-134.77629841819697,114.13467335999344,88.07,-148.27670108399366,67.27186405403266,,,,No,General,Allowed,General,Allowed
455,5HEX,A,ASP,648,50.20258062220642,74.29990518534879,170.96156239516736,112.01250173661863,87.58,,,,,,No,General,Allowed,General,Allowed
456,5HEX,A,LEU,649,-114.64627128806299,157.97685829044235,172.02972340312706,109.26897457527524,80.06,89.01513289926429,,,,,No,General,Favoured,General,Favoured
457,5HEX,A,ASP,650,-102.27192561599348,125.13650673264092,-172.00460020443612,110.52067110865657,68.54,-173.58389913062936,11.431235316722633,,,,No,General,Favoured,General,Favoured
458,5HEX,A,ALA,653,-151.2121141512771,150.09912903889463,-161.15018610497188,112.60655264553704,57.45,,,,,,No,General,Favoured,General,Favoured
459,5HEX,A,ASN,656,-94.36214543778715,145.50291966583006,169.4152071701784,108.72515919338814,47.33,172.35741188786844,-55.8863241274418,,,,No,General,Favoured,General,Favoured
460,5HEX,A,ASP,657,-64.27669999113719,-29.072914249544095,-166.17060312652393,113.22448362854188,48.51,55.514897910861954,3.747083533158104,,,,No,General,Favoured,General,Favoured
461,5HEX,A,THR,658,-67.08357054026412,-43.7196942432641,175.58542966217067,111.05153821240938,48.85,50.95633648883957,,,,,No,General,Favoured,General,Favoured
462,5HEX,A,THR,661,-63.1212747658389,-47.394902150235325,177.39277485616157,110.81290129901917,47.18,-67.06129935034495,,,,,No,General,Favoured,General,Favoured
463,5HEX,A,MET,662,-56.462950191448215,-51.863847940742126,177.27510174469134,110.73193974405756,46.95,174.371011677961,-166.73502522934658,78.92249053633728,,,No,General,Favoured,General,Favoured
464,5HEX,A,MET,663,-58.00475479059908,-38.15737012485707,-178.58233102742244,111.47376965214544,53.81,-169.24693725886806,65.37292366423813,61.28955088463763,,,No,General,Favoured,General,Favoured
465,5HEX,A,THR,664,-62.59431226199133,-41.45704556182421,-171.93945507945975,112.33213570008009,50.02,-72.41767460857794,,,,,No,General,Favoured,General,Favoured
466,5HEX,A,CYS,665,-90.33530605754869,-3.3039365874380904,177.3643068080827,111.94407000125639,58.85,85.16887399992399,,,,,No,General,Favoured,General,Favoured
467,5HEX,A,PHE,667,-73.20490690194929,-28.79386662119753,175.3346038770725,112.55803405800849,51.27,-72.26336075537768,46.77146323626837,,,,No,General,Favoured,General,Favoured
468,5HEX,A,GLU,668,-78.8704762472297,-48.40143508647934,169.99090919902912,111.95694260033797,56.77,,,,,,No,General,Favoured,General,Favoured
469,5HEX,A,HIS,671,-83.02416459611909,1.9008347158197472,-178.3782741777027,113.10516111570278,77.97,-44.170381779885034,-60.21251966908879,,,,No,General,Favoured,General,Favoured
470,5HEX,A,CYS,672,-87.7484606386332,109.17294353253985,-172.52923841799193,109.643994414698,63.39,160.7079979125936,,,,,No,General,Favoured,General,Favoured
471,5HEX,A,GLU,673,-101.18613796102225,0.4660266570371198,175.9939972600035,114.93831392094135,60.31,-65.52695616364997,-119.7197465059889,129.47407284112407,,,No,General,Favoured,General,Favoured
472,5HEX,A,LEU,676,-146.394739197823,137.73439533799413,177.0363430407866,110.18374200777158,47.35,169.44722171944497,65.56648968863202,,,,No,General,Favoured,General,Favoured
473,5HEX,A,THR,680,-57.85287906781316,-12.323780807521436,169.94504515959935,111.33801014186501,37.55,88.18529740854835,,,,,No,General,Favoured,General,Favoured
474,5HEX,A,SER,682,-144.54413459078813,141.5692217954065,-179.66571451628863,109.83789270226616,34.84,-176.24864097574556,,,,,No,General,Favoured,General,Favoured
475,5HEX,A,ASN,683,-158.15918584182086,164.66153370906244,-179.0776249465823,108.11236620223602,46.92,-165.51196779331548,12.142348443515345,,,,No,General,Favoured,General,Favoured
476,5HEX,A,ALA,684,-151.3194320900062,157.69879413065155,-178.28874120929245,109.63621389942257,47.57,,,,,,No,General,Favoured,General,Favoured
477,5HEX,A,CYS,685,-150.7978139084562,143.89463852917507,177.1272016444506,109.71137185557654,51.17,62.72257619941929,,,,,No,General,Favoured,General,Favoured
478,5HEX,A,TYR,686,-129.88760150915115,166.06926376741697,169.93082758591828,109.81911394973257,57.28,49.675403993762615,-73.99511011252632,,,,No,General,Favoured,General,Favoured
479,5HEX,A,MET,687,-79.75136332513459,127.06390535568441,167.46843002042036,109.4577146581276,65.35,-65.34354827410091,-58.13062272289457,-62.90050186452589,,,No,General,Favoured,General,Favoured
480,5HEX,A,GLU,688,-116.62503437201508,153.15954934350304,-177.8161046417418,111.61399343559283,68.3,-169.26567374621496,55.43510816376428,136.0662698790488,,,No,General,Favoured,General,Favoured
481,5HEX,A,GLU,689,-69.43755657583581,128.50187451174378,172.34014686509983,109.88006794614549,73.2,-46.713684967917686,-51.303497928971574,-39.82965772446856,,,No,General,Favoured,General,Favoured
482,5HEX,A,MET,690,-66.37855414568781,-17.470429452082612,-175.45032674913602,112.48846038153833,70.68,-63.422761253422244,-135.55236313278957,56.05578672837155,,,No,General,Favoured,General,Favoured
483,5HEX,A,ARG,691,-59.204293062459946,-38.105746258787256,169.8260517156391,110.55764887366342,67.88,-17.617637061448452,179.99177260144126,-66.00054693248292,-104.541520626167,-0.8246619766726353,No,General,Favoured,General,Favoured
484,5HEX,A,ASN,692,-84.65140406909256,-15.127330007715907,-175.993321289798,113.73253843467319,69.39,-61.481166035672224,128.80687816046452,,,,No,General,Favoured,General,Favoured
485,5HEX,A,GLU,694,-96.2918899286078,-2.682383274028444,-173.27663562757596,112.63405657335366,75.07,-52.706156834335,-177.62072128518867,1.123484853527623,,,No,General,Favoured,General,Favoured
486,5HEX,A,LEU,695,-87.11620366606917,-1.9958357368632524,177.77239069631787,112.29100037188462,77.84,-79.37848558606518,64.25241675574111,,,,No,General,Favoured,General,Favoured
487,5HEX,A,GLU,697,-59.78216693317454,135.61635593494037,178.89297752858045,110.27027366190694,83.6,,,,,,No,General,Favoured,General,Favoured
488,5HEX,A,GLU,699,-105.73986995557742,1.1062720829723054,-172.43270146147267,115.88613845455336,69.68,-48.75377231929578,-157.90732265828325,4.820441200178538,,,No,General,Favoured,General,Favoured
489,5HEX,A,GLU,700,-101.41999976768896,122.4402889633816,-169.45143512477574,110.82200921393078,81.15,160.9062705775217,57.7417517117528,19.590083459051026,,,No,General,Favoured,General,Favoured
490,5HEX,A,ARG,702,-125.43888623571107,154.49346837249337,-178.5157201292301,110.93221717130477,76.28,-58.52568459524968,171.75324452052016,-44.1685476933159,-177.3983009671734,0.9080952321006368,No,General,Favoured,General,Favoured
491,5HEX,A,MET,703,-140.78862162919665,134.6097810444552,177.49993020873666,110.84498630493553,64.18,-176.840431471553,179.37313379743782,-77.82379789879857,,,No,General,Favoured,General,Favoured
492,5HEX,A,CYS,704,-65.12204143912143,134.73223810464043,175.79544849740634,111.04273585869876,58.2,-177.89537889089206,,,,,No,General,Favoured,General,Favoured
493,5HEX,A,ASN,706,-91.15246532586733,110.58952476233988,172.5144187101132,105.97055592873375,52.3,163.7012134592794,39.08093527339908,,,,No,General,Favoured,General,Favoured
494,5HEX,A,MET,707,-68.50788097920106,-37.66446835293382,-169.52503166169464,111.67545476265262,51.14,-65.29415484363258,175.82490573201517,71.40411582020944,,,No,General,Favoured,General,Favoured
495,5HEX,A,GLU,708,46.66090983041283,61.55574443128957,-158.0700990234574,109.38503868938449,49.83,-73.65335844315689,-63.48586415398874,-32.22655879351028,,,No,General,Favoured,General,Favoured
496,5HEX,A,TRP,709,-82.43969259762623,-11.47008141232824,-174.21329605027103,113.30960221852597,42.95,84.70973346727949,-15.668276408935043,,,,No,General,Favoured,General,Favoured
497,5HEX,A,ALA,711,-80.92993902791028,-7.566958547454575,177.41134990401787,112.84582591389629,50.9,,,,,,No,General,Favoured,General,Favoured
498,5HEX,A,PHE,712,-56.4421352921018,135.51007084611277,173.84692429473148,109.19667488076645,43.58,175.21736366434618,58.18738640018281,,,,No,General,Favoured,General,Favoured
499,5HEX,A,ASP,714,-76.27568089907837,-5.973388162477567,176.59428424941316,114.47333469501912,61.67,-58.13513572535381,115.95173112751982,,,,No,General,Favoured,General,Favoured
500,5HEX,A,ASN,715,-89.2210606001007,-4.629939509574475,170.199011960511,111.83672475488224,68.21,60.06165932765124,-12.223743928758072,,,,No,General,Favoured,General,Favoured
501,5HEX,A,CYS,717,-69.76992561180876,-18.814295779759224,-168.86073893330652,113.01547876456866,62.82,58.47574191243961,,,,,No,General,Favoured,General,Favoured
502,5HEX,A,LEU,718,-97.47496063736294,1.5870357643226383,174.22416084149404,113.32941513532934,58.14,-72.64117750107357,178.36181222734038,,,,No,General,Favoured,General,Favoured
503,5HEX,A,ASP,719,-55.27308453547917,-24.428542290184694,-169.80393187848296,114.00099870774814,55.55,-80.75478137820838,-15.123619688409441,,,,No,General,Favoured,General,Favoured
504,5HEX,A,ASP,720,-84.50060891748402,-8.848146570304822,178.3920889173258,113.20970053243096,56.52,52.44630561450781,-15.682856119245594,,,,No,General,Favoured,General,Favoured
505,5HEX,A,PHE,721,-98.0693521250145,-4.578637775345038,170.11063135006606,113.8129214739804,50.67,-62.99343175484303,-87.11145346280259,,,,No,General,Favoured,General,Favoured
506,5HEX,A,ARG,722,-90.42236307804419,118.63412201545825,-173.20931412415968,109.99191761599529,43.96,-49.76551019781386,-174.8798020024282,71.48426178358025,-118.75110387303461,-179.29161033713194,No,General,Favoured,General,Favoured
507,5HEX,A,THR,723,-77.19367807726347,176.32171433498885,-179.17799014932564,110.27801904246536,37.91,62.402911274207575,,,,,No,General,Favoured,General,Favoured
508,5HEX,A,GLU,724,-61.367826228264796,-24.0048665604952,172.0604914173212,111.27175946357171,41.55,56.10180298530626,-170.56577665965818,-17.070070303151947,,,No,General,Favoured,General,Favoured
509,5HEX,A,PHE,725,-77.26032985428462,-43.250817727994026,-179.4304781264624,110.62796129174005,40.62,-45.74018233835556,-75.00681633282804,,,,No,General,Favoured,General,Favoured
510,5HEX,A,ASP,726,-55.7041690409197,-48.34076815402715,171.03767653856656,110.71908377802538,39.66,-65.36713070344206,-38.51551887229133,,,,No,General,Favoured,General,Favoured
511,5HEX,A,ALA,728,-76.8198638873097,-36.51694710704871,-177.01747865245838,111.41124392825253,42.15,,,,,,No,General,Favoured,General,Favoured
512,5HEX,A,ASP,730,-59.06872678573229,-50.99242659507776,-177.10397865916,111.04924467566894,46.07,-168.66102066380375,13.794751975940569,,,,No,General,Favoured,General,Favoured
513,5HEX,A,GLU,731,-63.967142658651575,-26.4057477908735,-173.0962341468422,112.87947024566847,52.77,-68.18880884784187,-179.94872773072493,-3.880023335703961,,,No,General,Favoured,General,Favoured
514,5HEX,A,LEU,732,-98.74402135440516,1.8392039720862525,-174.18361640287404,114.81315479757906,46.51,-73.09703106645269,163.71112644515915,,,,No,General,Favoured,General,Favoured
515,5HEX,A,SER,733,-85.27917458453958,-179.88694052167003,-179.1559584982813,110.89313305768151,45.51,59.28757477672299,,,,,No,General,Favoured,General,Favoured
516,5HEX,A,LEU,734,-67.01074909625416,-32.04528166681064,176.16179501459175,112.02825166887926,45.53,-67.18504115632557,-179.18707913952386,,,,No,General,Favoured,General,Favoured
517,5HEX,A,LYS,738,-112.04146941488531,144.4508296798188,-176.0851890469303,110.80146363883122,53.51,-74.27747222338137,-175.99436964469356,167.6042443428232,-65.4130939674381,,No,General,Favoured,General,Favoured
518,5HEX,A,GLN,739,66.04864405151623,38.0604531553558,174.24712671583856,112.74835171092236,49.82,-60.565764997336714,-88.38076531384021,-55.664731216841226,,,No,General,Favoured,General,Favoured
519,5HEX,A,ARG,740,-64.16722609718634,-38.35800693280443,-171.24682266573117,112.7737909752012,48.06,-76.39751736545527,-177.3314958387671,-178.8572069831358,174.23272258729503,0.2111896989231737,No,General,Favoured,General,Favoured
520,5HEX,A,PHE,741,-69.12178707099447,-36.606579055985,179.9651744203299,110.6311280735729,43.79,-172.73078212541432,66.313122878561,,,,No,General,Favoured,General,Favoured
521,5HEX,A,GLU,742,-59.61851238959738,-31.955233476752955,176.6691405874154,110.76972115422461,40.4,153.91366654098556,167.67231248157216,-35.38347317855449,,,No,General,Favoured,General,Favoured
522,5HEX,A,LYS,743,-79.07654338213521,-16.54277140014599,-176.2680203844672,113.13708447051275,37.49,-65.60374963993225,172.94200602317292,-176.09040223531477,177.01042459791395,,No,General,Favoured,General,Favoured
523,5HEX,A,MET,744,-84.40387384179994,-33.4983064108948,171.34551593136948,113.32840544165364,32.55,-54.499925329236866,-176.2557327136364,-164.78990187251546,,,No,General,Favoured,General,Favoured
524,5HEX,A,SER,746,-166.02302065982548,-178.8694845296753,-170.231684045342,110.79684257303701,29.34,77.21513832306228,,,,,No,General,Favoured,General,Favoured
525,5HEX,A,MET,748,-58.44152615650321,-16.2086856392053,165.53061514511225,111.11711499690203,38.24,86.68831491062873,170.67500428914502,-64.21367822248192,,,No,General,Favoured,General,Favoured
526,5HEX,A,TYR,749,-65.54067426198968,-32.67796495156151,-171.65861806375014,111.17205134652963,39.65,-52.47186013625148,-61.09467342196569,,,,No,General,Favoured,General,Favoured
527,5HEX,A,LEU,750,-59.296939410265686,-52.26025779945894,179.4381611963202,110.54015792642969,33.75,-60.34985402546821,-174.16703422199834,,,,No,General,Favoured,General,Favoured
528,5HEX,A,GLU,752,-77.51525820294181,-39.92428226815496,173.41166862336274,110.63171821120181,30.01,-79.80894853924734,-67.15717736637038,-68.19230597299685,,,No,General,Favoured,General,Favoured
529,5HEX,A,ARG,755,-59.93360851881095,-42.65538053834552,-176.17141226583874,111.36874188923831,27.04,-168.4235274055982,171.8501935586028,66.26749477731416,80.41741436348777,0.7067721732426026,No,General,Favoured,General,Favoured
530,5HEX,A,ASN,756,-65.04846793384212,-38.630438121348135,179.97805256800177,111.5554333817108,28.79,-78.47093620936344,-75.65517760197874,,,,No,General,Favoured,General,Favoured
531,5HEX,A,LEU,758,-58.603417386593414,-42.90270365602576,-175.19794105951433,110.8410913085073,22.14,-62.65578354085813,-172.07183594240277,,,,No,General,Favoured,General,Favoured
532,5HEX,A,ASP,760,-62.343646210795924,-47.879310521950146,-178.72199882720437,110.93474743935124,29.58,179.2026148185,65.63326186536932,,,,No,General,Favoured,General,Favoured
533,5HEX,A,PHE,761,-53.91937520626944,-45.782704501856735,175.48470511139095,110.82579278055566,26.18,-72.83214723035671,-5.249047613308353,,,,No,General,Favoured,General,Favoured
534,5HEX,A,THR,762,-65.42099962195553,-36.14104256212766,-176.65996862321342,111.6751298814862,27.97,-57.097659862217846,,,,,No,General,Favoured,General,Favoured
535,5HEX,A,LYS,763,-62.042222827734356,-31.85420112891293,175.63371239632804,111.35124500803971,29.58,-72.96951068575933,178.30873407755064,-177.61551366549452,173.29274819352838,,No,General,Favoured,General,Favoured
536,5HEX,A,ARG,764,-90.10697057594734,6.076727988479472,-174.8775755698513,112.06547471997317,28.57,-64.76447694886589,156.66569108319138,61.77188897251444,-169.81317541012226,0.2628349817646774,No,General,Favoured,General,Favoured
537,5HEX,A,LEU,766,-90.71521082452774,-7.5862960015174075,-173.90059474556833,113.50187017563617,26.76,-54.07270854549455,-178.2229634394719,,,,No,General,Favoured,General,Favoured
538,5HEX,A,LEU,767,-152.72904964994387,152.83372703399868,-176.3840420886982,108.64116211154857,27.55,-177.8351325784403,60.71570300369805,,,,No,General,Favoured,General,Favoured
539,5HEX,A,PHE,768,54.479962257856506,28.207462655367003,170.62748294609133,112.91134098883745,32.44,-69.26166252916698,-41.31025038003961,,,,No,General,Favoured,General,Favoured
540,5HEX,A,ARG,769,43.63889367227095,47.96719875234658,-176.06155838006458,112.3516011164112,38.05,52.511324141425234,175.73825279059508,-86.72189888497499,-96.3404891683523,-0.2642670243521686,No,General,Favoured,General,Favoured
541,5HEX,A,ARG,771,-125.86261380841798,122.26744791967025,-173.35019279372912,109.64689896426965,39.61,-71.07034164213833,171.70440915255153,51.96908305217398,91.90438466656165,1.1117748155168483,No,General,Favoured,General,Favoured
542,5HEX,A,SER,773,-53.859744638125484,142.8422065001949,170.0598892746295,110.51128707177361,32.81,-76.95369381532097,,,,,No,General,Favoured,General,Favoured
543,5HEX,A,GLU,774,-56.78926252934646,-30.799979066885435,158.08572456067947,110.1169557482334,43.51,-120.09098760573129,71.12709550355812,,,,No,General,Favoured,General,Favoured
544,5HEX,A,ARG,775,-70.1625087710522,-28.642738434024142,178.58527383470175,111.81268954144204,35.43,177.7079492859996,62.795324589257085,-176.40592467540466,164.10219734261221,-0.19237869508820163,No,General,Favoured,General,Favoured
545,5HEX,A,LEU,776,-76.45628556770963,-19.564897849848634,173.48190733194468,111.91265403212157,37.51,-176.08830931656954,61.4079385569544,,,,No,General,Favoured,General,Favoured
546,5HEX,A,LYS,777,-83.24247482157509,-3.9757647609797107,174.22547663948768,111.8906584179232,37.06,-74.01265005558732,-174.98057478664285,-71.63183733182862,-175.86946560303292,,No,General,Favoured,General,Favoured
547,5HEX,A,THR,778,-74.84409497101511,120.8207285891566,178.83918903751544,109.11994833879332,35.99,-67.6714172638038,,,,,No,General,Favoured,General,Favoured
548,5HEX,A,ARG,779,-76.08279268411268,136.85757384638305,-178.42226223465616,111.3606097330778,34.67,149.83773636302612,148.0239829910984,154.51257009202462,166.75638168994212,0.6887704283598572,No,General,Favoured,General,Favoured
549,5HEX,A,PHE,782,-90.68207084914214,109.45905202299848,179.59517003728257,106.66931490481669,35.51,-76.40128589001341,-81.02498668650209,,,,No,General,Favoured,General,Favoured
550,5HEX,A,GLU,783,-110.41801773273026,148.14010621745783,-170.04485271538846,108.04091837104593,37.56,-56.55460456273335,174.89663373033994,-7.753320635882912,,,No,General,Favoured,General,Favoured
551,5HEX,A,THR,784,-51.31001919387999,-39.44920546865234,-170.06041784542447,111.99677295276369,38.11,-65.06401397856301,,,,,No,General,Favoured,General,Favoured
552,5HEX,A,LYS,785,-60.86513663721875,-31.642767163717473,179.33490851669754,110.8956986344868,43.82,61.288572675726,179.9237952602971,175.23532016816867,176.92770963499854,,No,General,Favoured,General,Favoured
553,5HEX,A,PHE,786,-78.19456292508637,-35.793330239142364,179.1785995004091,112.43533155234368,38.82,-72.35762744504987,-32.43412602319498,,,,No,General,Favoured,General,Favoured
554,5HEX,A,LEU,787,-61.7546549118593,-27.224510348622537,171.9611383718285,111.87248448272223,36.93,-54.25713702419529,169.5852209455842,,,,No,General,Favoured,General,Favoured
555,5HEX,A,SER,788,-81.2498257585771,-37.4820219262767,-178.14298156198873,112.07056410913262,41.49,-61.46243937934457,,,,,No,General,Favoured,General,Favoured
556,5HEX,A,GLN,789,-74.45999984194601,-39.827469700632996,177.16235858235913,111.157623139011,41.86,-32.60593623680158,-172.96323470697214,-77.37394684158168,,,No,General,Favoured,General,Favoured
557,5HEX,A,GLU,791,-75.17733440424601,-29.442344551135026,-173.01291576940935,112.46498177675512,40.9,-177.83409550137998,155.0039002484017,-5.356537072572427,,,No,General,Favoured,General,Favoured
558,5HEX,A,SER,792,-86.38400475845617,0.8929229553972126,-179.32172853951812,113.45275843689798,39.98,57.76631203293508,,,,,No,General,Favoured,General,Favoured
559,5HEX,A,ASP,793,-87.21158928110998,143.1939167274043,-179.76765981722596,110.90225818276744,46.89,-169.88543418544842,11.119933715918805,,,,No,General,Favoured,General,Favoured
560,5HEX,A,CYS,794,-130.6304378977225,-171.97069518418243,-175.27879661831062,111.69021052025553,42.27,52.04965359626224,,,,,No,General,Favoured,General,Favoured
561,5HEX,A,LEU,795,56.12807091444996,-117.19788993715075,168.65719527107674,109.04997211641557,44.36,-67.43944630032775,169.51676183518234,,,,No,General,Allowed,General,Allowed
562,5HEX,A,ALA,796,-80.94063394927947,-5.061560379262253,-170.4652393280254,113.1831779099543,37.5,,,,,,No,General,Favoured,General,Favoured
563,5HEX,A,LEU,797,59.82432151707499,30.99015256660108,176.95148645491545,112.11383412360567,36.46,-56.72148212712247,-178.19670120810196,,,,No,General,Favoured,General,Favoured
564,5HEX,A,LEU,798,-60.413792969768046,-36.58367720651199,177.91146321111978,111.57012299317667,39.51,-75.60369796874305,179.8385232674599,,,,No,General,Favoured,General,Favoured
565,5HEX,A,GLN,799,-70.98841919728713,-31.65982699718093,-178.8393554782618,111.47614833720296,39.5,-154.10417406683948,60.81760293587824,-125.8790812246407,,,No,General,Favoured,General,Favoured
566,5HEX,A,ARG,801,-61.22858651105958,-39.85149909186156,177.09957890707892,110.93474189201287,33.72,-57.86316505356248,172.04265663255762,71.22670900312117,-168.9980923982658,0.1916304339798388,No,General,Favoured,General,Favoured
567,5HEX,A,ALA,802,-59.25847986445645,-46.78105487499368,179.4060113864181,111.08548579009525,35.82,,,,,,No,General,Favoured,General,Favoured
568,5HEX,A,LEU,804,-65.61935707674674,-33.38042228861484,179.9625956643363,111.61809725898962,38.36,-93.83107916812757,53.5355223699885,,,,No,General,Favoured,General,Favoured
569,5HEX,A,GLN,805,-67.85769173084282,-47.63038673646796,171.95559267754388,110.42784649954143,41.78,-59.452023541955135,173.08169490670204,-15.843119616083392,,,No,General,Favoured,General,Favoured
570,5HEX,A,HIS,806,-48.284669724141,-46.09068275298919,174.66089661269405,111.48442820704533,40.71,-173.79608125129892,54.02682304081276,,,,No,General,Favoured,General,Favoured
571,5HEX,A,LEU,807,-80.91000833647048,0.7723648646063824,-177.82367701090897,113.03267352341898,39.4,-55.25925504388103,-178.10250406402156,,,,No,General,Favoured,General,Favoured
572,5HEX,A,LEU,809,-119.09949917794725,160.11113256786572,-176.21177350997135,109.94449989421675,37.83,-53.13824436326377,-177.45022772395646,,,,No,General,Favoured,General,Favoured
573,5HEX,A,GLU,810,-56.30369609415676,125.07989075761421,169.8691675045294,111.17698085618706,33.44,-71.23453030426985,-75.31531907697386,-43.446762361462014,,,No,General,Favoured,General,Favoured
574,5HEX,A,SER,811,-102.44104585076882,11.085044173667006,-173.36539097607275,116.48949715850969,33.66,39.2017634151571,,,,,No,General,Favoured,General,Favoured
575,5HEX,A,THR,812,-54.79411865360473,148.6333151864055,-169.798360747889,111.40415826686468,32.98,79.30036382742135,,,,,No,General,Favoured,General,Favoured
576,5HEX,A,CYS,813,-49.63046845019183,-50.1141723958891,179.85055327558683,110.84941736208245,30.92,-52.16198258328029,,,,,No,General,Favoured,General,Favoured
577,5HEX,A,ASP,814,-55.562648843425855,-41.02666366598627,-179.5277828628635,110.8596073655141,29.45,-62.85488928525922,-13.4907450875146,,,,No,General,Favoured,General,Favoured
578,5HEX,A,ASP,815,-65.19416091210479,-37.992518553705075,179.84429025927872,111.79352099801692,27.88,-71.4334445501294,-27.22329960609317,,,,No,General,Favoured,General,Favoured
579,5HEX,A,SER,816,-57.88484966624977,-48.50359997026653,-179.51995302146537,111.87566789590333,26.17,-40.790802350661956,,,,,No,General,Favoured,General,Favoured
580,5HEX,A,LYS,820,-58.0337425564396,-36.802014221893614,175.41334559365998,111.62297871815508,29.44,-176.88871846748197,176.73387438275836,175.57345463808792,-173.01598749527963,,No,General,Favoured,General,Favoured
581,5HEX,A,GLU,821,-63.96267953190342,-52.22313699717725,177.3026785655056,110.84955623883175,29.81,175.87881108108382,68.5788199789637,3.7870059432674927,,,No,General,Favoured,General,Favoured
582,5HEX,A,CYS,823,-63.235731613855734,-46.529931469365735,178.67668009326871,110.81273882250316,28.58,-73.33977310960105,,,,,No,General,Favoured,General,Favoured
583,5HEX,A,THR,824,-59.73523625870127,-44.8829437836383,-178.47113609836632,111.49302561915626,38.29,-56.54218997746212,,,,,No,General,Favoured,General,Favoured
584,5HEX,A,ALA,827,-67.52322249499304,-26.857640220092716,-178.10791650552017,111.47234737922776,30.62,,,,,,No,General,Favoured,General,Favoured
585,5HEX,A,ARG,828,-73.10187718984315,-46.58145015826711,177.13430407516287,111.06309492473348,37.18,162.10367714788254,165.59178905150833,-93.52544045730323,-162.7247766752632,2.433556156047663,No,General,Favoured,General,Favoured
586,5HEX,A,ARG,829,-53.97808040308878,-43.90669116503599,176.45348693988677,110.9576854317547,30.38,-169.41062899161057,-172.6912204990326,70.49295506565429,171.72752977709018,-0.534909579388671,No,General,Favoured,General,Favoured
587,5HEX,A,ALA,830,-57.90728364179724,-42.316482273574096,178.80919398428784,111.18816718917797,35.01,,,,,,No,General,Favoured,General,Favoured
588,5HEX,A,ALA,831,-72.40827820807527,-40.312718837456515,-179.95974401359547,111.0757988593016,41.21,,,,,,No,General,Favoured,General,Favoured
589,5HEX,A,GLN,832,-66.23328253639433,-42.9442134447048,178.67569055775178,111.34886290308512,41.99,-70.7338099756384,176.08280273141122,-34.596928756469126,,,No,General,Favoured,General,Favoured
590,5HEX,A,LEU,833,-60.16603084159229,-42.626901669929076,176.3626339237034,110.92155867975136,40.2,-67.15928585039963,173.50198338893856,,,,No,General,Favoured,General,Favoured
591,5HEX,A,CYS,834,-62.64928704323902,-33.35286342771123,175.82183188562212,110.60335926349269,43.73,-172.2213276987929,,,,,No,General,Favoured,General,Favoured
592,5HEX,A,ALA,836,-55.24009266642143,-43.160523724765135,178.81054645227417,111.6560737511904,48.24,,,,,,No,General,Favoured,General,Favoured
593,5HEX,A,MET,838,-66.07147182280266,-16.2192666134017,172.54832284905206,111.64950715781453,46.66,-174.7322843290104,58.06196029453982,71.15582785165614,,,No,General,Favoured,General,Favoured
594,5HEX,A,ALA,839,-76.97128009546361,-41.82004983432262,174.58802432943065,111.3488768904366,49.58,,,,,,No,General,Favoured,General,Favoured
595,5HEX,A,ALA,840,-50.52183973044743,-53.00770897030125,170.72165531012377,110.96568368260401,51.45,,,,,,No,General,Favoured,General,Favoured
596,5HEX,A,ASP,843,-80.50551025915337,-42.24759387120041,172.07233998179692,111.55202604845199,63.51,-84.85712174539158,-10.126464370188625,,,,No,General,Favoured,General,Favoured
597,5HEX,A,ARG,844,-60.026537410305245,-27.141550650855006,177.42717293357865,111.39472513497418,67.02,-179.21269394838194,64.65968541750479,165.95142565170553,80.49727382550772,-0.41353103107177736,No,General,Favoured,General,Favoured
598,5HEX,A,ARG,846,-79.65667269247604,-42.16079029522847,-173.3128075378522,113.3408780595993,71.83,-160.38906135791643,-161.595430286083,78.37583603308043,-149.42642559774907,2.1556435038140633,No,General,Favoured,General,Favoured
599,5HEX,A,GLU,847,-62.962115636126235,-27.922714311081286,177.80870848013166,111.39013636883983,76.92,-62.121599585784985,-177.47522210151251,-4.956667860329294,,,No,General,Favoured,General,Favoured
600,5HEX,A,ASN,848,-55.052642254776366,-44.00401004363627,172.95612522734723,111.68133451247714,80.57,-71.29831882596979,-20.77492646950871,,,,No,General,Favoured,General,Favoured
601,5HEX,A,ARG,849,-96.15658829877727,-3.580312218158733,-174.88092463132332,113.65568664043946,82.26,-49.97019883392898,179.5343848757186,-171.04559113785794,175.87358479199696,0.3292704730639015,No,General,Favoured,General,Favoured
602,5HEX,A,LEU,851,-91.64710980347373,177.46181024973234,-173.44968080223845,111.21135017945598,82.65,-83.96999227836369,34.93542008993335,,,,No,General,Favoured,General,Favoured
603,5HEX,A,ASP,852,-121.1450484461731,-72.94516064894948,177.01917017367865,110.0173736861637,82.58,172.59869976690246,163.38700282972067,,,,No,General,Allowed,General,Allowed
604,5HEX,A,ALA,853,-101.0572894876212,118.15295082104552,-173.80056119481165,109.43165175092925,87.36,,,,,,No,General,Favoured,General,Favoured
605,5HEX,A,LEU,854,-125.7937771019892,132.84604216172832,-176.1363197853591,113.41237202198745,79.88,-35.23892571968756,-172.93680979268476,,,,No,General,Favoured,General,Favoured
606,5HEX,A,LYS,855,-94.12383807180817,109.72260896718159,168.58380631325952,107.15596580045172,71.45,-175.04674125510974,-178.6804356182394,-60.026747117053844,,,No,General,Favoured,General,Favoured
607,5HEX,A,THR,857,-130.1189558296032,140.9063079789171,-179.79462433236296,108.83240727771539,60.73,-58.1277781796455,,,,,No,General,Favoured,General,Favoured
608,5HEX,A,ASP,861,-129.46651666332335,-179.98965208730695,175.58378551513022,107.24695013824747,50.72,-162.83144551243925,2.6861389250426386,,,,No,General,Favoured,General,Favoured
609,5HEX,A,THR,863,-79.52383469188851,-37.91517962863203,-162.756486694234,112.05539803558028,39.09,45.11660038613495,,,,,No,General,Favoured,General,Favoured
610,5HEX,A,LEU,864,-54.669492490979195,-50.74959827780412,175.1397612800087,110.6322726753988,43.86,-178.53431294483133,57.37076556230791,,,,No,General,Favoured,General,Favoured
611,5HEX,A,TYR,865,-70.11966396526581,-41.468872808504685,-171.64755024854156,111.42772644473222,47.5,-176.08045819893184,157.61295288632184,,,,No,General,Favoured,General,Favoured
612,5HEX,A,LYS,866,-63.0061493004736,-49.7912584127397,175.4306796788858,111.61464815185045,47.24,-83.47681206751163,-174.76322660361475,-72.95076479203553,-67.8232576423377,,No,General,Favoured,General,Favoured
613,5HEX,A,LEU,867,-90.84407919914548,-8.263380855982081,-170.17636260315166,113.99138079466478,44.86,-59.34030817339532,-168.07477809977655,,,,No,General,Favoured,General,Favoured
614,5HEX,A,HIS,870,-102.95435362734365,-4.653614073421555,-174.19776161638214,115.69023889659584,44.33,-60.13867563781818,154.14006862025616,,,,No,General,Favoured,General,Favoured
615,5HEX,A,PHE,871,-68.71282734149305,-47.66892875279507,-163.8829865026573,111.06632725071607,43.1,-173.88734597332154,-78.66197028151232,,,,No,General,Favoured,General,Favoured
616,5HEX,A,ALA,872,-48.93866678639737,-64.88801043265158,175.04266203820265,111.51377546446234,42.31,,,,,,No,General,Allowed,General,Allowed
617,5HEX,A,LYS,873,-54.85453028785937,-44.86915621150254,-174.06020707867125,111.8318138406519,49.15,-65.08775185355725,,,,,No,General,Favoured,General,Favoured
618,5HEX,A,MET,875,-72.17636803377215,-41.30486981951866,-176.72349560593565,111.42838091214404,49.97,178.8637747635934,-168.68624725542003,69.12755787680587,,,No,General,Favoured,General,Favoured
619,5HEX,A,HIS,876,-53.653992599157014,-51.51213104274034,173.05366646911773,110.8104638999564,44.78,-55.74869067191975,166.00941709157777,,,,No,General,Favoured,General,Favoured
620,5HEX,A,GLU,877,-55.62768004445449,-43.59548006292837,174.57056337286576,111.24915833246082,47.52,-65.02331001713327,167.8699254841543,-7.806838179120431,,,No,General,Favoured,General,Favoured
621,5HEX,A,THR,878,-63.53065332247244,-39.66376044053824,-177.9544404880574,111.18671115905518,43.87,-56.037413204596,,,,,No,General,Favoured,General,Favoured
622,5HEX,A,LYS,880,-61.096588719414825,-32.6346737195016,175.81828860214688,111.11784838098745,52.25,-104.43504715711252,-179.29273918238283,77.74489064057785,,,No,General,Favoured,General,Favoured
623,5HEX,A,ASP,881,-78.65132083773398,-41.9214387063877,-172.4431916672259,111.65399529982479,56.3,-159.06526647254884,16.40322254071278,,,,No,General,Favoured,General,Favoured
624,5HEX,A,LEU,882,-95.89420512336905,-2.1734373206988007,-175.62744734707584,114.62003390569137,53.12,-40.388606641314645,173.23060659490065,,,,No,General,Favoured,General,Favoured
625,5HEX,A,LYS,885,-71.96770954993258,-23.25049391651486,-178.6206478634848,112.526212476092,73.5,-60.00580720050216,170.92903133020062,-176.72202947394638,171.62155007052502,,No,General,Favoured,General,Favoured
626,5HEX,A,CYS,886,-92.82400172651363,142.93162372262393,-178.7787282245119,110.10964923999227,64.73,-56.10842654691187,,,,,No,General,Favoured,General,Favoured
627,5HEX,A,ASP,887,-114.74447761683057,108.17102844783427,176.7668625808595,107.56588974540423,58.94,178.988884722288,50.50111050510103,,,,No,General,Favoured,General,Favoured
628,5HEX,A,SER,889,-95.91508767752053,144.60679459844985,166.68179274485058,109.56155881631214,50.35,-72.79044310514647,,,,,No,General,Favoured,General,Favoured
629,5HEX,A,PHE,890,-115.44147483660409,114.13096834981818,172.81695462254848,108.64845686442469,53.35,-69.61922495295593,75.91378658229704,,,,No,General,Favoured,General,Favoured
630,5HEX,A,LEU,891,-104.91694240585174,127.94221079428495,173.7628177946098,109.67848839867709,62.48,171.23386885028617,59.67996071002518,,,,No,General,Favoured,General,Favoured
631,5HEX,A,GLN,892,-66.93768178501529,145.8686725533871,176.74731082423475,109.04278990984595,52.33,171.73188319906075,167.59120364136595,-31.906675005148767,,,No,General,Favoured,General,Favoured
632,5HEX,A,SER,893,-122.91467979375362,-64.38316565558033,-173.76049695366157,113.10493657420187,64.21,-67.95877485106438,,,,,No,General,Allowed,General,Allowed
633,5HEX,A,GLU,894,51.04330561976804,-145.17237701479473,177.58434065005648,111.12697502911873,79.49,65.65714907084786,-179.74472825851305,-11.64292558880674,,,No,General,Allowed,General,Allowed
634,5HEX,A,ASP,895,62.349277673950475,-3.2220543049945434,179.35850675615555,111.74414730907165,89.93,-79.536173801086,-18.738758283150815,,,,No,General,Allowed,General,Allowed
635,5HEX,A,SER,897,60.64319965999837,-114.14891738708499,21.775504549875805,105.42227583859105,64.88,-48.004499098370594,,,,,No,General,Allowed,General,Allowed
636,5HEX,A,LYS,899,-77.9693374242845,-36.97305781833649,175.7455129551385,112.3943808071332,61.67,150.03206385210987,179.45548373204616,98.02493569396789,-177.77906441331822,,No,General,Favoured,General,Favoured
637,5HEX,A,ALA,901,-61.92681772583945,-37.48064037977206,176.213030465902,111.02341444349462,57.21,,,,,,No,General,Favoured,General,Favoured
638,5HEX,A,ALA,902,-81.28956143491871,-26.54845243410201,176.8663410811814,111.43702673977803,53.81,,,,,,No,General,Favoured,General,Favoured
639,5HEX,A,LEU,903,-77.96143035064611,-25.90407488724807,179.76789441142756,112.48488151312895,53.11,-66.61055910945005,-174.2171474413615,,,,No,General,Favoured,General,Favoured
640,5HEX,A,THR,905,-72.30244205810648,-40.03881475104645,176.98820878225922,111.14936587672227,61.24,-59.85576816311701,,,,,No,General,Favoured,General,Favoured
641,5HEX,A,ALA,906,-56.81727899478532,-40.75942914657448,176.1920743317764,110.99983904375875,65.64,,,,,,No,General,Favoured,General,Favoured
642,5HEX,A,ALA,908,-82.82864383021354,-41.58030477683578,170.29638730173593,110.84830525198502,62.09,,,,,,No,General,Favoured,General,Favoured
643,5HEX,A,CYS,909,-64.00599452745746,-4.701738840596904,173.12198223171987,112.06994313681541,72.5,-68.75649460155205,,,,,No,General,Favoured,General,Favoured
644,5HEX,A,ARG,910,-40.05165367678925,-64.8204142330905,163.66187045399005,112.41104036856333,81.51,159.58461579104355,92.8380509038422,-47.47649443371694,157.3482053677378,-3.809495672289236,No,General,Allowed,General,Allowed
645,5HEX,B,GLN,18,-65.05614434408919,-45.83631152958736,-179.85502753401437,111.31126433931318,55.38,-43.79336206956425,-49.63629298262643,-44.77803643547821,,,No,General,Favoured,General,Favoured
646,5HEX,B,GLN,20,-52.42462932584547,-41.53459210877213,-179.54160465803494,111.5473444539026,53.36,147.45770665044373,-167.6079241192553,-55.51316637545077,,,No,General,Favoured,General,Favoured
647,5HEX,B,LYS,21,-94.02270655215278,-13.237476313268717,-175.19507698362207,114.4982753972583,54.85,-78.98051441552602,,,,,No,General,Favoured,General,Favoured
648,5HEX,B,ASP,23,-54.57870270642374,-36.36164108306546,179.70284752405686,111.54927842174746,43.23,-70.3869651917366,-4.685411072085916,,,,No,General,Favoured,General,Favoured
649,5HEX,B,GLN,24,-79.69371034705449,-40.561357050655815,-177.35695902854772,111.45633348291277,50.78,-53.57105672579746,-179.2460762846878,7.1391434741914495,,,No,General,Favoured,General,Favoured
650,5HEX,B,TYR,25,-57.76173813060819,-50.08760164779107,175.9443957763405,110.9963991350073,46.16,-164.79370648140667,80.13573546833167,,,,No,General,Favoured,General,Favoured
651,5HEX,B,LEU,26,-89.239862548597,13.929845632230611,-176.6380927954748,112.92842468457897,39.83,-68.5081973567915,-168.99974592073414,,,,No,General,Favoured,General,Favoured
652,5HEX,B,TYR,27,-44.659860906129765,-42.05660626754992,-174.5197443780188,112.83241050366271,38.71,164.3876258981358,-85.60979681160438,,,,No,General,Favoured,General,Favoured
653,5HEX,B,HIS,28,-68.37940218450059,-9.522014320483061,-179.3921508108874,112.84988155940607,42.8,-84.39532512648537,145.19424639423778,,,,No,General,Favoured,General,Favoured
654,5HEX,B,MET,29,-96.87045100273211,-1.0695278352828004,175.9611313545163,113.2439975256181,37.69,-67.82120963395913,-156.7724002339513,166.5431740946884,,,No,General,Favoured,General,Favoured
655,5HEX,B,ARG,30,-103.10722768437789,104.91589768976773,178.56864237361668,106.61547754458171,38.62,-70.17281713975245,165.2578720753788,54.42048660948276,71.02690713516937,-1.5674045615640195,No,General,Favoured,General,Favoured
656,5HEX,B,LEU,31,-95.79086484252308,123.1342851487463,-167.0396483829947,110.46235619753399,32.83,-62.759189858162294,-176.19770909901607,,,,No,General,Favoured,General,Favoured
657,5HEX,B,SER,32,-74.40325342853609,151.63359833952495,177.101166977844,110.68076347680504,30.66,62.37353149350035,,,,,No,General,Favoured,General,Favoured
658,5HEX,B,ASP,33,-49.696393485881536,-35.4725647111887,174.14662647010974,111.0908205849644,31.63,-73.01383695610313,9.01619991870097,,,,No,General,Favoured,General,Favoured
659,5HEX,B,GLU,34,-60.6440479778392,-48.63383169002583,176.77540977001922,110.610698045319,34.69,177.41994645602634,176.06363772287997,-8.77869214242258,,,No,General,Favoured,General,Favoured
660,5HEX,B,THR,35,-61.318856086116476,-45.764773376126,177.75345348984942,110.29429243236213,32.63,-70.11609587112852,,,,,No,General,Favoured,General,Favoured
661,5HEX,B,LEU,36,-54.281067422474806,-54.626242483691115,177.94490137607045,110.83553715756103,28.35,-57.616828192784304,-165.14869624852446,,,,No,General,Favoured,General,Favoured
662,5HEX,B,LEU,37,-51.249401947440404,-38.33705631268735,179.29263707082342,110.8498791173359,31.77,-81.55666515609528,-179.67977406566223,,,,No,General,Favoured,General,Favoured
663,5HEX,B,GLU,38,-66.3540183478494,-37.5539610081829,177.04665692744786,111.35672983214803,27.89,159.55269371863056,73.16666281223442,-0.05335397409083905,,,No,General,Favoured,General,Favoured
664,5HEX,B,SER,40,-58.8587586613299,-48.47466504158514,174.5447597796113,111.04104752986316,26.56,-169.0016646184391,,,,,No,General,Favoured,General,Favoured
665,5HEX,B,LYS,41,-57.498253390378544,-40.38935329458597,177.7290003164605,110.87335667222291,28.46,-67.56491825636995,,,,,No,General,Favoured,General,Favoured
666,5HEX,B,ARG,42,-65.18489405861375,-46.869412570448794,179.67996262227243,110.89082469267562,28.66,-64.23742571170128,178.98887001538213,-171.63794452867788,-178.5402045063129,0.7902262068702872,No,General,Favoured,General,Favoured
667,5HEX,B,PHE,43,-61.80995565183257,-27.047778899943975,179.65224633464643,111.82299466996692,27.24,-170.5041660327835,64.90215412643866,,,,No,General,Favoured,General,Favoured
668,5HEX,B,ARG,44,-71.07350170558104,-37.094330975364834,177.22638994608937,111.15957896109398,29.73,-159.81420073254333,-147.63936884340683,158.29935955975574,98.78808032798064,-0.8935463046566975,No,General,Favoured,General,Favoured
669,5HEX,B,LYS,45,-61.231800539990196,-36.5838093648095,173.32855708517835,110.55409050960039,26.16,-60.65786055382497,,,,,No,General,Favoured,General,Favoured
670,5HEX,B,GLU,46,-68.36881240473039,-44.89177482041064,179.56856295187725,110.68110523194277,26.17,-61.12388712881691,-59.24469634120534,-36.87500292162776,,,No,General,Favoured,General,Favoured
671,5HEX,B,MET,47,-51.29691865159961,-45.25427725510757,172.84237591572696,111.00271812683168,23.07,-70.35525299467605,-165.97832699158897,-73.83415271384094,,,No,General,Favoured,General,Favoured
672,5HEX,B,GLU,48,-68.85980634923885,-48.85053809467722,-179.2852807109221,111.33135576535048,23.88,-71.36883084512274,176.30617020791524,2.305545292652235,,,No,General,Favoured,General,Favoured
673,5HEX,B,LYS,49,-55.529028653521074,-29.579306985830424,177.62596779861883,111.84017797884701,25.97,-67.10714034554553,174.46907239947257,58.57094681953982,-178.69439570332432,,No,General,Favoured,General,Favoured
674,5HEX,B,LEU,51,-82.17374179732195,-29.03464865589416,-178.89699021360906,111.94158729610662,23.53,-63.796913943386635,155.6151180400621,,,,No,General,Favoured,General,Favoured
675,5HEX,B,ALA,53,-63.64691838643797,-38.70289489216275,-177.6067606750338,111.34758414650251,31.31,,,,,,No,General,Favoured,General,Favoured
676,5HEX,B,THR,54,-60.71219528186735,-42.29456628308676,175.82838235924083,111.15250146953159,29.0,-79.88962782554398,,,,,No,General,Favoured,General,Favoured
677,5HEX,B,THR,55,-93.79078097090647,-20.358008239005407,-169.94088704622953,114.73503083610528,27.5,49.52508976319254,,,,,No,General,Favoured,General,Favoured
678,5HEX,B,THR,58,-101.39192969933322,9.019499576606638,174.69614984163258,113.45937806732722,27.1,55.11083320898144,,,,,No,General,Favoured,General,Favoured
679,5HEX,B,ALA,59,-76.3990086936359,120.9779404008477,179.76125075464884,110.15128993165408,25.06,,,,,,No,General,Favoured,General,Favoured
680,5HEX,B,ALA,60,-65.00445518899397,-30.278135581431364,173.85977929175587,112.70926224650836,17.79,,,,,,No,General,Favoured,General,Favoured
681,5HEX,B,LYS,62,-81.25701865163796,-30.469728233181776,-159.34036871059257,112.82683561195688,21.38,-76.36570036663176,178.17175345292904,168.59846006408455,-164.9454769328351,,No,General,Favoured,General,Favoured
682,5HEX,B,MET,63,56.68834024386345,54.21144236187885,178.6444652514424,111.0246884184258,20.07,-48.360543468377685,-67.01810892401078,-68.64467411501131,,,No,General,Favoured,General,Favoured
683,5HEX,B,THR,66,-86.57973214007205,-27.4018683393893,175.0076924122104,114.00927091749422,19.06,70.60135083684132,,,,,No,General,Favoured,General,Favoured
684,5HEX,B,PHE,67,76.62828570599402,2.776859233243456,-174.05586049502477,111.85099738483159,22.53,-63.600795227871494,-82.41144622286936,,,,No,General,Favoured,General,Favoured
685,5HEX,B,ARG,69,-94.51979314764914,-21.653689368578636,-172.8438847769729,114.5273685170279,24.82,-61.610004341659256,-49.50643467665988,-66.73096908316138,-93.86459536570067,-0.8981095306102983,No,General,Favoured,General,Favoured
686,5HEX,B,SER,70,-154.78539449616915,145.74833312521702,-179.11122967234027,109.60247073216905,26.04,161.99557421468262,,,,,No,General,Favoured,General,Favoured
687,5HEX,B,ASP,73,-102.61214323742767,-1.8755899836128613,176.88503639373354,114.00487443043555,28.55,75.2086007454446,-9.13381340209114,,,,No,General,Favoured,General,Favoured
688,5HEX,B,THR,75,-93.6828548867226,4.834722242651536,-173.58630194522343,113.43777179853795,37.31,58.14518254762057,,,,,No,General,Favoured,General,Favoured
689,5HEX,B,GLU,76,-66.40984922055624,144.58838225776648,-176.84518051926224,109.60884643190084,30.36,-67.26074126429273,80.80846305776817,8.987729226387916,,,No,General,Favoured,General,Favoured
690,5HEX,B,HIS,77,-151.59983002983458,165.36710342673004,-178.89619133883042,110.52101118695577,35.44,68.18664557591819,-76.21315611091816,,,,No,General,Favoured,General,Favoured
691,5HEX,B,GLU,79,-137.69386466289924,128.2875294554417,-155.86922747553214,108.79674386049466,29.34,177.99135250136575,158.47632834321962,-24.424531525368106,,,No,General,Favoured,General,Favoured
692,5HEX,B,PHE,80,-146.53712241832866,158.47973862902282,-164.71305387169014,110.44930554384064,23.94,-42.70968883177249,-85.19526352176611,,,,No,General,Favoured,General,Favoured
693,5HEX,B,LEU,81,-119.18844335616988,161.06246455782176,-178.54901089065325,108.82928020298883,21.74,-56.543686423455696,148.75098683222168,,,,No,General,Favoured,General,Favoured
694,5HEX,B,ALA,82,-153.64966736874658,155.01597543047086,176.9051086656241,109.71421434380261,24.71,,,,,,No,General,Favoured,General,Favoured
695,5HEX,B,LEU,83,-125.89668729286184,124.55547492188182,177.80280805300146,108.35668393273332,25.44,-62.95576391441554,179.34638185970206,,,,No,General,Favoured,General,Favoured
696,5HEX,B,ASP,84,-107.40230455089623,110.04800650975955,171.85224687728618,106.39525991994267,37.02,-178.3722490726652,-1.3049092970659066,,,,No,General,Favoured,General,Favoured
697,5HEX,B,LEU,85,-110.40194422886779,127.39632994124982,178.20512990313136,110.45888185273971,42.98,-41.50312514774434,-173.69604647360865,,,,No,General,Favoured,General,Favoured
698,5HEX,B,THR,88,-92.47605916687328,-4.299139037715524,-177.10322094932857,113.75025440518316,57.65,166.42523709474472,,,,,No,General,Favoured,General,Favoured
699,5HEX,B,ASN,89,-117.33236286275529,157.01184416490966,171.73279984613694,108.19007092974704,51.74,71.58939544222353,-24.417143617817057,,,,No,General,Favoured,General,Favoured
700,5HEX,B,PHE,90,-138.83695294995726,173.82912385601955,162.35993451934834,108.4457531957107,43.52,56.34154951446853,-52.32861387650215,,,,No,General,Favoured,General,Favoured
701,5HEX,B,ARG,91,-124.468654529526,136.18033979164838,-178.1017000359097,109.15712279697999,32.46,172.96268546259864,179.74193730002628,-35.39706835416966,-81.47558586199841,0.725030830878974,No,General,Favoured,General,Favoured
702,5HEX,B,LEU,93,-155.2036398033986,145.06004094628858,-155.87890821142778,110.1279839631614,28.14,-155.16457798033866,156.1335570728018,,,,No,General,Favoured,General,Favoured
703,5HEX,B,TRP,94,-139.15442616103547,135.78797976780655,-177.24007416701545,107.9355965758025,27.14,170.6177548010065,85.38488694311074,,,,No,General,Favoured,General,Favoured
704,5HEX,B,LYS,96,-103.80899403389728,125.55620722629786,171.0725464364148,108.91633595778028,31.97,-174.79266235454597,170.90959406200278,-167.13879246310447,179.94467590094442,,No,General,Favoured,General,Favoured
705,5HEX,B,THR,98,-123.40966101114934,130.3474666148613,-171.45415217474283,110.60608083414745,42.98,-42.42369138774595,,,,,No,General,Favoured,General,Favoured
706,5HEX,B,ASP,99,-79.71633495915512,5.831009304812074,-174.55722551503163,112.02188386232731,49.72,-156.60811386274938,-18.70616090528594,,,,No,General,Favoured,General,Favoured
707,5HEX,B,ASN,100,-50.21422274663722,-42.41772416953872,-178.93474043946244,112.4673865847923,57.94,55.75921587311663,6.270532932210258,,,,No,General,Favoured,General,Favoured
708,5HEX,B,LEU,102,-60.1387680545008,-18.6572463712324,159.95570089255637,110.5164918911719,58.53,165.91723376746415,50.90118800710396,,,,No,General,Favoured,General,Favoured
709,5HEX,B,GLN,103,44.359132238761504,42.71422447251615,179.70327890635488,112.50143794759809,55.38,70.8478475063494,178.1354307614854,23.02587437713297,,,No,General,Favoured,General,Favoured
710,5HEX,B,LYS,104,-98.25245503790794,172.13375620239776,166.70629912224456,108.54342995869045,52.07,-153.77313520181747,168.21980808431627,-71.04405053698433,-174.18630671371812,,No,General,Favoured,General,Favoured
711,5HEX,B,GLU,106,-78.1392698528341,132.3398987751081,174.38140704354845,109.32394302018392,39.66,-47.628804673330045,172.17161853649114,23.077068875146008,,,No,General,Favoured,General,Favoured
712,5HEX,B,MET,107,-127.59077070190442,141.67901056878506,178.62215298996017,110.05568879909148,33.94,-86.28202780660082,-157.64911556254197,50.18589218521086,,,No,General,Favoured,General,Favoured
713,5HEX,B,GLU,108,-122.99900333981881,147.39769994010413,158.3345794828773,106.64056814590168,30.1,-63.97151768692266,-61.90003500743108,-33.684034571220025,,,No,General,Favoured,General,Favoured
714,5HEX,B,ASN,109,-152.0976387949928,156.6267202826163,173.01337869988595,109.99834475606043,29.52,75.22745241395866,79.67223699994295,,,,No,General,Favoured,General,Favoured
715,5HEX,B,GLN,110,-144.29338901456077,129.74399808475138,179.00476135120002,107.63718473611065,25.61,170.472092700278,81.37136381340274,60.00063358984481,,,No,General,Favoured,General,Favoured
716,5HEX,B,TYR,112,-122.16328316333508,152.06149948314774,170.77829266156715,109.51459808259722,33.12,-71.02678691515594,81.40587959588487,,,,No,General,Favoured,General,Favoured
717,5HEX,B,ALA,113,-101.37912338843205,146.23483653956103,-179.78671316711294,110.42342295279663,34.24,,,,,,No,General,Favoured,General,Favoured
718,5HEX,B,GLU,116,-53.47015652569592,-40.983895441430036,-178.11493108774067,111.35004177391734,51.76,,,,,,No,General,Favoured,General,Favoured
719,5HEX,B,ASP,117,-42.930087043990106,-62.29250603268585,169.91855603178155,110.9115030706801,46.29,163.2941549628495,15.031671091421366,,,,No,General,Allowed,General,Allowed
720,5HEX,B,MET,119,-74.48126181845176,-32.62912333834632,176.69980574905344,112.16351179222198,51.12,-70.82612018509236,-145.68735139205285,72.53079163475337,,,No,General,Favoured,General,Favoured
721,5HEX,B,ARG,120,-83.22176133117728,-21.047184369471363,-179.28624843268358,112.90673688770204,56.14,,,,,,No,General,Favoured,General,Favoured
722,5HEX,B,SER,122,-76.07056946597032,152.40190697715045,-177.44302063953532,111.66567337619813,44.62,77.51522624005783,,,,,No,General,Favoured,General,Favoured
723,5HEX,B,THR,124,-61.47518665328826,-51.722807616251956,178.3044868613268,111.21626707533757,26.71,-85.30816811274022,,,,,No,General,Favoured,General,Favoured
724,5HEX,B,GLN,125,-54.84228394336935,-39.914243509457634,175.53834014531733,110.72277750139011,30.55,-157.0025657807433,168.08029597848991,21.591651446475257,,,No,General,Favoured,General,Favoured
725,5HEX,B,LEU,126,-63.22777200432706,-46.37615974294794,-178.6672918820629,110.92105813352786,26.86,173.4846278791472,62.48550325195687,,,,No,General,Favoured,General,Favoured
726,5HEX,B,PHE,127,-80.60968738431337,-25.201315768871176,-179.20739936461072,113.6927916738267,26.16,-74.36140387685033,79.3935743510309,,,,No,General,Favoured,General,Favoured
727,5HEX,B,ASP,128,-57.19775351731846,-45.755890587533386,165.2274065992102,110.58624443121705,26.24,-72.97685203427596,-20.62590649415628,,,,No,General,Favoured,General,Favoured
728,5HEX,B,HIS,129,-61.1578567597219,-47.84319540136953,178.74745514940497,111.70126967480401,24.37,171.35839796722783,56.16325969751954,,,,No,General,Favoured,General,Favoured
729,5HEX,B,ALA,131,-54.337114459585145,-44.258420969799744,174.45164688957325,110.75077815099046,19.55,,,,,,No,General,Favoured,General,Favoured
730,5HEX,B,GLU,132,-59.899021869017915,-43.450793690281536,-179.82342997691018,111.60928348703742,23.67,177.33987224931198,171.14800554611708,-4.36229155282767,,,No,General,Favoured,General,Favoured
731,5HEX,B,CYS,133,-66.27686743814107,-41.622446374615656,178.02679912724412,111.009313766125,22.6,-64.41010227236748,,,,,No,General,Favoured,General,Favoured
732,5HEX,B,LEU,134,-55.43957972016845,-47.532305587827125,174.76570838518435,109.7449860439272,18.69,-172.0757295370134,51.19799825378837,,,,No,General,Favoured,General,Favoured
733,5HEX,B,ALA,135,-63.32586004219579,-31.806471800748177,-179.8928459319978,110.82806167937082,22.23,,,,,,No,General,Favoured,General,Favoured
734,5HEX,B,ASN,136,-69.91054305349377,-42.29336392818119,-179.9429155278276,110.85914042134648,23.7,172.46180046997895,-94.43107689527646,,,,No,General,Favoured,General,Favoured
735,5HEX,B,PHE,137,-58.45292125999452,-46.90473605599256,172.93239248126514,111.27701390716997,29.31,-166.92383735069606,59.84433994492733,,,,No,General,Favoured,General,Favoured
736,5HEX,B,MET,138,-65.75720850614971,-32.9480440243341,-175.91927254820067,111.50526182355644,27.08,-61.18430152443131,-173.16033736704986,-167.78342160842095,,,No,General,Favoured,General,Favoured
737,5HEX,B,ASP,139,-61.03458678142238,-50.64809705998737,171.10338108866983,110.26422525384292,28.21,-78.51286713031605,-31.41898719912409,,,,No,General,Favoured,General,Favoured
738,5HEX,B,LYS,140,-55.707132052201075,-40.53925954151299,-175.90388026613866,110.5929940879679,29.52,-74.28276027631017,173.607648602753,178.82793836902945,160.48829310299942,,No,General,Favoured,General,Favoured
739,5HEX,B,LEU,141,-84.72127577198629,-3.4627176705982565,-179.38171223745917,112.56574013303005,34.83,-60.34525209786037,-162.20758221577748,,,,No,General,Favoured,General,Favoured
740,5HEX,B,GLN,142,56.23587790181244,39.29904977181494,-175.9111603804134,111.11257294590742,27.75,-72.75336479591911,172.88591395077722,-48.682110189220346,,,No,General,Favoured,General,Favoured
741,5HEX,B,LYS,144,-49.47548822262237,-39.90753022764117,-169.8334312701573,112.3031424264096,29.95,-152.58328171487935,67.18262074824692,177.76817243823547,-67.47919397190475,,No,General,Favoured,General,Favoured
742,5HEX,B,ASP,145,-79.64388932441267,-15.201489802044662,-173.90234911294806,113.0984473944684,30.73,-62.669653517925006,-17.691334988601277,,,,No,General,Favoured,General,Favoured
743,5HEX,B,LYS,146,-75.11377054349077,148.14872304203848,-179.79240674611603,109.56214588048053,24.19,-70.12160856060193,174.25406686456785,171.003449856253,157.6783908203166,,No,General,Favoured,General,Favoured
744,5HEX,B,LYS,147,-113.4421407753869,97.29147336078464,172.55623162053132,106.16247883924606,26.2,179.9323184710199,167.6541888424935,76.69256200104088,72.15557228285219,,No,General,Favoured,General,Favoured
745,5HEX,B,LEU,150,-135.85437252266786,122.96822344687702,-172.9979271657475,109.60046792569726,21.0,170.19553079111586,78.90721691174369,,,,No,General,Favoured,General,Favoured
746,5HEX,B,PHE,152,-124.8572007435248,138.31608345408958,174.39883582598614,108.17643338640762,22.37,-85.30733334825592,73.4919214555954,,,,No,General,Favoured,General,Favoured
747,5HEX,B,THR,153,-123.87874670435353,137.94592515172758,172.72749930555418,109.86214857623071,29.18,177.5453947620761,,,,,No,General,Favoured,General,Favoured
748,5HEX,B,PHE,154,-133.64066826663392,149.05910817249202,-178.56246450728304,110.50114043315052,32.12,-75.36595106023984,-70.30722964593095,,,,No,General,Favoured,General,Favoured
749,5HEX,B,SER,155,-94.03097633037365,22.099885031917765,-175.64199883834465,113.57252253381131,31.73,-87.66332901318783,,,,,No,General,Favoured,General,Favoured
750,5HEX,B,CYS,158,-126.37966585050002,179.11282318735093,174.7409844695448,108.21033489840684,37.01,-52.27939966916463,,,,,No,General,Favoured,General,Favoured
751,5HEX,B,HIS,159,-88.35910171769329,114.9554815915628,167.73518304822625,107.7243883123248,41.42,176.00941435976776,64.06293061808924,,,,No,General,Favoured,General,Favoured
752,5HEX,B,GLN,160,-129.75578694396353,110.73307511342637,-168.76351674272615,109.82440469739389,30.2,-170.3568206774736,156.40698241929454,14.528735702692332,,,No,General,Favoured,General,Favoured
753,5HEX,B,THR,161,-96.39521965935405,-10.132024952963874,177.9326995894392,112.5721293370072,36.97,82.0409601851386,,,,,No,General,Favoured,General,Favoured
754,5HEX,B,LYS,162,-165.38773066626803,177.2783504815646,-174.95033614204837,108.07781958886153,36.24,71.53919159445564,-175.8083365704464,-179.65744593146093,175.03770104498562,,No,General,Favoured,General,Favoured
755,5HEX,B,LEU,163,-74.48657118371236,-36.4506343551144,-164.6755874672844,111.6682911315476,31.17,-165.4197832227288,53.45577110155367,,,,No,General,Favoured,General,Favoured
756,5HEX,B,ASP,164,-107.79883283010025,79.3717112572291,172.06115488899889,108.13301870048655,33.86,44.23956923367088,-7.89529048630965,,,,No,General,Allowed,General,Allowed
757,5HEX,B,GLU,165,-165.73917843528767,134.8373798837718,172.24987489975845,105.84035114785851,36.38,-159.4635619546276,173.96967797281428,35.726175812922904,,,No,General,Favoured,General,Favoured
758,5HEX,B,SER,166,-154.11554364452292,130.13087555178507,160.26641765143688,107.94866288992026,39.24,-91.90796682207744,,,,,No,General,Favoured,General,Favoured
759,5HEX,B,PHE,167,-100.4258967522769,131.326391877456,174.75273864548487,107.93719769282133,41.57,-63.71959759447004,-85.89776072144241,,,,No,General,Favoured,General,Favoured
760,5HEX,B,LEU,168,-78.89188461254028,114.09544324139902,177.27342993479112,108.15937310926535,56.09,-95.94559853923394,5.506979121258262,,,,No,General,Favoured,General,Favoured
761,5HEX,B,SER,178,-71.65884238122968,-54.96362056351204,-167.075307367163,112.27468100144648,79.19,,,,,,No,General,Favoured,General,Favoured
762,5HEX,B,GLU,181,-79.02759765937857,134.12082449967926,-166.64997213704373,111.09215893051937,62.88,-146.900005283071,-168.1546665075526,25.73235695995464,,,No,General,Favoured,General,Favoured
763,5HEX,B,ARG,183,-105.78686899235178,150.9578530640075,-177.13737228694015,109.95532378778063,51.64,-78.46643117123585,-141.60483800213834,107.28034985519237,-121.54622824348773,0.4358289128329598,No,General,Favoured,General,Favoured
764,5HEX,B,ASP,184,-80.08994901961772,114.9665890696397,-178.65213169797016,110.17949510284846,36.42,172.0160762472093,20.962831601215452,,,,No,General,Favoured,General,Favoured
765,5HEX,B,ALA,187,-58.908347483317286,-37.69634324563666,177.27268328253245,110.9129801170447,27.65,,,,,,No,General,Favoured,General,Favoured
766,5HEX,B,LEU,188,-62.38580244738115,-46.7097443017277,179.52917461463946,112.46683686036441,27.37,-78.28639028167957,-170.5838628453412,,,,No,General,Favoured,General,Favoured
767,5HEX,B,ARG,190,-58.69192600797311,-49.01024465504418,170.6127579728045,111.26869257605111,24.47,-73.30865218098711,-122.65606168915615,155.2182459614986,85.74589228417518,1.2170259085662107,No,General,Favoured,General,Favoured
768,5HEX,B,LYS,191,-69.57486369588068,-32.971713671018556,-179.1887112761503,112.5979394863929,26.95,-77.16612645009096,161.1066088238511,-158.61023640375373,159.45540210210854,,No,General,Favoured,General,Favoured
769,5HEX,B,ALA,192,-65.29773313340132,-37.85856506063909,176.99223064883316,111.14585602610454,23.43,,,,,,No,General,Favoured,General,Favoured
770,5HEX,B,GLN,194,-57.492240030465304,-51.79846037683041,175.75593317930154,110.81882879801267,25.45,-155.83121872345623,-172.8891512193525,17.056774690355503,,,No,General,Favoured,General,Favoured
771,5HEX,B,ARG,195,-57.69979038246298,-34.01996831620107,-178.4596355298312,111.93655230146119,25.58,-67.80424416529829,-170.19604813477153,-67.77684944721187,-89.50151215296103,-0.5628522608060802,No,General,Favoured,General,Favoured
772,5HEX,B,ARG,196,-66.72485240765904,-42.71005476302122,178.14684269386035,111.19128490362237,31.88,-72.97508120622877,-177.31165222230638,63.625273369292486,85.22677404320999,1.3182061584738198,No,General,Favoured,General,Favoured
773,5HEX,B,ASP,198,-83.67894970479696,-37.35283948915271,-166.01518820575447,112.38288316048845,33.84,-167.67189390382453,144.60136307913243,,,,No,General,Favoured,General,Favoured
774,5HEX,B,PHE,199,-152.51281709375755,176.74018654355245,-178.39130638600318,106.72069917754109,29.08,66.32180081718988,-78.46771302386675,,,,No,General,Favoured,General,Favoured
775,5HEX,B,ASP,200,-139.18868295054364,163.77669707206385,170.5919508159026,109.37664549028833,24.34,-159.32054541373455,-8.359947702420698,,,,No,General,Favoured,General,Favoured
776,5HEX,B,ASP,202,-94.95171023753527,-153.03426765775157,-179.6505389180645,109.67125972581552,25.24,-162.14826563703014,81.83015588884696,,,,No,General,Allowed,General,Allowed
777,5HEX,B,ALA,205,-133.82536066741702,134.28684172665393,176.92648741210428,108.2357147282434,22.1,,,,,,No,General,Favoured,General,Favoured
778,5HEX,B,ASN,208,-59.579892592977416,158.64946248543762,170.49276448265275,109.50486928396789,24.88,-175.55683152475063,-96.89316422547309,,,,No,General,Favoured,General,Favoured
779,5HEX,B,ASP,209,-70.95303942719015,-29.72864562497785,-174.79192013105578,112.72263083992993,26.78,45.51255745998995,10.41223605319081,,,,No,General,Favoured,General,Favoured
780,5HEX,B,THR,210,-63.0996501944529,-42.38931807631259,173.22409826027956,110.81809590175583,25.47,63.555649085873334,,,,,No,General,Favoured,General,Favoured
781,5HEX,B,THR,213,-61.62730542110758,-47.175677860057704,176.43876271945342,110.67060519889111,22.17,-55.91980562060392,,,,,No,General,Favoured,General,Favoured
782,5HEX,B,MET,214,-59.38354136902606,-40.60551530746957,179.08334812882705,111.44934149137396,28.03,-179.00691510960277,-165.22212695018322,70.31569099196244,,,No,General,Favoured,General,Favoured
783,5HEX,B,MET,215,-75.79120407111728,-42.24796493713841,-172.37076622581804,111.9004180661667,28.99,-70.985780274599,-64.91838574957944,-74.18782872973631,,,No,General,Favoured,General,Favoured
784,5HEX,B,THR,216,-64.94137302926534,-40.819039392576286,177.47439512375294,110.9258416961883,31.64,170.65868055587697,,,,,No,General,Favoured,General,Favoured
785,5HEX,B,CYS,217,-66.39955735430945,-37.74656634074737,175.3694981685773,110.84432734594593,31.26,-68.28447941623794,,,,,No,General,Favoured,General,Favoured
786,5HEX,B,TYR,219,-73.78198265915927,-33.638679171290754,177.26464254135558,110.72168194246234,32.3,-177.9981242609335,78.3624327755266,,,,No,General,Favoured,General,Favoured
787,5HEX,B,ASP,220,-82.92832621404128,-31.609160093905043,179.51577771755933,112.85474021882101,40.9,-94.23343016950916,-56.93082325239936,,,,No,General,Favoured,General,Favoured
788,5HEX,B,ASP,221,-137.18903001027374,116.5898771650942,177.63722925364135,107.6229484474993,34.45,172.2777448163153,-18.320369631866896,,,,No,General,Favoured,General,Favoured
789,5HEX,B,HIS,222,-81.01751766235196,1.6290013347514523,-168.6346012792111,112.58552917759108,36.26,-53.64399462046538,-40.98351120589431,,,,No,General,Favoured,General,Favoured
790,5HEX,B,ASN,223,-92.74532391245559,4.52388046553155,172.84137954796665,113.62321083575888,35.63,-75.77886791443002,-69.28702760901574,,,,No,General,Favoured,General,Favoured
791,5HEX,B,CYS,224,-76.48545847512572,111.5177121617402,-179.7058544793072,108.27205515775299,30.89,-178.58286419326285,,,,,No,General,Favoured,General,Favoured
792,5HEX,B,GLU,225,-106.73883278336771,4.013811287647691,167.88986199847068,115.2233422410774,30.83,-73.31783765796486,144.1384063315034,152.54571505718633,,,No,General,Favoured,General,Favoured
793,5HEX,B,LEU,228,-134.5153587648674,135.6918003546005,-177.04204045473637,108.80385020379393,23.48,173.27748713999108,62.833345653354954,,,,No,General,Favoured,General,Favoured
794,5HEX,B,THR,232,-55.87337361579768,-42.116087186907926,164.29658799674854,110.72950632325693,25.75,66.19874824804488,,,,,No,General,Favoured,General,Favoured
795,5HEX,B,SER,234,-139.6038794763633,130.97134376486534,177.86722987879938,109.99900207882187,22.09,-179.99154769837682,,,,,No,General,Favoured,General,Favoured
796,5HEX,B,ASN,235,-150.8937020106527,174.31479795315502,179.04319937090935,107.17828382878383,24.87,-176.17723190316607,28.75712609386602,,,,No,General,Favoured,General,Favoured
797,5HEX,B,ALA,236,-159.48028447246787,157.50746767542788,179.36084766111003,110.58434532802156,26.16,,,,,,No,General,Favoured,General,Favoured
798,5HEX,B,CYS,237,-144.46468097500662,154.2645461328609,179.24983873916202,109.67385551882369,21.78,73.57569559764097,,,,,No,General,Favoured,General,Favoured
799,5HEX,B,TYR,238,-148.64160008049504,155.5057266453592,179.21467041757788,108.78236473604434,23.36,69.7403502251632,-74.32414775210536,,,,No,General,Favoured,General,Favoured
800,5HEX,B,MET,239,-70.4197149837485,128.598582182094,170.77422264670386,109.81939810556463,24.41,-62.691159265183096,-55.654676507623115,-66.61346709319838,,,No,General,Favoured,General,Favoured
801,5HEX,B,GLU,240,-117.2053216737097,157.4221379618108,177.8583020732875,108.60023840307669,23.39,174.5399787287188,65.80647502474876,81.59469919633405,,,No,General,Favoured,General,Favoured
802,5HEX,B,GLU,241,-88.91083090282687,133.1826723832257,179.40355627377338,109.71245631276578,25.48,-98.1653621199261,164.4120173057445,-140.3332570463546,,,No,General,Favoured,General,Favoured
803,5HEX,B,MET,242,-56.10871550163871,-29.441107658404533,-171.8635033203755,112.97088134910449,23.04,-81.49921182783316,-74.06875110037386,-71.34209652368423,,,No,General,Favoured,General,Favoured
804,5HEX,B,ARG,243,-61.411964395553504,-26.792757649337343,178.47678261241632,111.95064048844482,22.06,69.30116431191163,-170.1819740331444,157.63748630799887,115.12966097061823,0.15860159576418634,No,General,Favoured,General,Favoured
805,5HEX,B,HIS,244,-90.09256666522366,2.544261362141626,179.58556501598747,113.34077700472847,25.55,-66.16526588187617,-46.14039591247604,,,,No,General,Favoured,General,Favoured
806,5HEX,B,ASP,246,-73.67544245493818,-35.28348637827398,-175.89967043196765,112.0726491808847,27.53,-84.86766640825965,-4.870902730600435,,,,No,General,Favoured,General,Favoured
807,5HEX,B,MET,247,-73.12658437912116,-2.5391262516433377,-172.98921289290857,113.57869512122763,26.67,-35.48350096453365,-74.59599544088742,-65.48444719121048,,,No,General,Favoured,General,Favoured
808,5HEX,B,GLU,249,-69.90716470142101,144.36051708085446,-172.54437169442326,111.43368641289271,29.42,-67.0109304333872,-172.60692221988865,-10.400655587900323,,,No,General,Favoured,General,Favoured
809,5HEX,B,ASP,251,-107.19467857206685,-4.150922398005841,177.08326428512314,113.739318453056,26.39,-60.61721904426274,-50.78052098607453,,,,No,General,Favoured,General,Favoured
810,5HEX,B,GLU,252,-84.61010197582296,148.11477531777942,-179.61069097453972,110.81243697891276,26.0,-59.58083999838673,-170.84626966246492,-5.66815309301998,,,No,General,Favoured,General,Favoured
811,5HEX,B,ARG,254,-137.2855365932393,155.15371139933288,-171.05784072193924,110.06708039442213,26.44,-77.71030535787838,-170.3428831877982,21.329085897590883,166.07940290376695,-4.642752604373117,No,General,Favoured,General,Favoured
812,5HEX,B,MET,255,-145.66202589651067,138.09495577772273,174.86479719827216,110.46902933399245,26.55,-173.20488533594255,-176.64230211931104,-72.59183724259051,,,No,General,Favoured,General,Favoured
813,5HEX,B,CYS,256,-69.40072006980033,141.80363117903613,176.38979049757555,109.74065759347766,22.69,-173.82461762748216,,,,,No,General,Favoured,General,Favoured
814,5HEX,B,ASN,258,-91.70470165953404,112.35551715628884,170.23592741910232,106.02549748849134,19.99,165.75386216426597,9.162377793810167,,,,No,General,Favoured,General,Favoured
815,5HEX,B,MET,259,-76.53643913204758,-31.16179381395039,-168.94086394194915,112.08562300731771,21.49,-75.31598903179206,-178.84695883191225,-76.09094949744743,,,No,General,Favoured,General,Favoured
816,5HEX,B,GLU,260,48.939713172181854,64.63614311550876,-166.89674314806214,110.7989197229864,24.46,-64.8971352544488,-67.64918899739824,-20.231921437545704,,,No,General,Allowed,General,Allowed
817,5HEX,B,TRP,261,-82.49173487245176,0.4261668439667873,-171.69655673922486,113.42288813930789,21.69,70.8625886250801,12.052297611946893,,,,No,General,Favoured,General,Favoured
818,5HEX,B,ALA,263,-80.81866137378883,-3.3172773772463056,-179.23686264803524,112.3987250428088,23.22,,,,,,No,General,Favoured,General,Favoured
819,5HEX,B,PHE,264,-49.93700245154072,127.76781126462473,168.27585697533024,109.06637065451565,24.93,-177.8738590848436,30.174155044318812,,,,No,General,Favoured,General,Favoured
820,5HEX,B,ASP,266,-58.38327288591345,-25.220440974147028,-177.3268385294728,112.23701548889069,29.15,-60.94053617324238,-6.363699817005573,,,,No,General,Favoured,General,Favoured
821,5HEX,B,ASP,267,-88.39647934606755,8.7656655152163,174.97381693729173,112.44986898739869,29.66,58.309618949291696,-11.814752991606376,,,,No,General,Favoured,General,Favoured
822,5HEX,B,SER,269,-79.00339350652541,-15.98494298715502,-172.48403851016104,112.67726930686248,29.98,70.04236757637777,,,,,No,General,Favoured,General,Favoured
823,5HEX,B,LEU,270,-101.13937283462074,5.1265718237273745,175.60665158873437,113.62528358583266,26.3,-71.04034871194077,177.21370503463532,,,,No,General,Favoured,General,Favoured
824,5HEX,B,ASN,271,-56.50599292800326,-29.15348479959053,-170.9443100960875,113.4617586955798,30.4,-87.7099542478745,-17.83507000660721,,,,No,General,Favoured,General,Favoured
825,5HEX,B,ASP,272,-78.53646233580902,-18.396293378556926,177.49920536497268,112.59839386811946,35.83,54.08073137931821,-2.0315696594956236,,,,No,General,Favoured,General,Favoured
826,5HEX,B,ARG,274,-73.54172215074713,145.81060114498686,-173.8711970106922,111.2773527304179,33.59,-73.95254971172204,160.32428246738937,46.23302796428016,72.78711155998532,0.19148248283374814,No,General,Favoured,General,Favoured
827,5HEX,B,THR,275,-106.60349682283515,174.18058666868296,-174.1718304984621,110.96693426759938,35.04,62.17465837106105,,,,,No,General,Favoured,General,Favoured
828,5HEX,B,GLU,276,-60.15879349735043,-29.128324031778323,174.8242626019555,111.63883229535277,40.25,58.30731328769577,-165.68084115898162,-33.881094728408655,,,No,General,Favoured,General,Favoured
829,5HEX,B,PHE,277,-72.33835334785338,-34.27810152576085,175.14526270206926,111.57922019255858,33.26,-50.45387014510161,-73.22413723080588,,,,No,General,Favoured,General,Favoured
830,5HEX,B,ASP,278,-63.33437454470888,-42.98645543552365,176.9246538781924,110.82145137122991,30.77,-74.50140899061795,-47.928330196371164,,,,No,General,Favoured,General,Favoured
831,5HEX,B,GLN,279,-76.09467017545555,-18.073137161110843,-179.6484409713134,111.76503503106349,37.01,45.152541685589284,-168.7366826908277,20.989656111474808,,,No,General,Favoured,General,Favoured
832,5HEX,B,GLU,280,-78.20800515785605,-35.0118346378726,174.31592195056112,110.73000287819441,34.99,-164.79945342274513,154.27193352287205,22.45375972269107,,,No,General,Favoured,General,Favoured
833,5HEX,B,ASP,282,-55.23339495185302,-56.14054913811445,-178.60513391244538,110.91305637448254,26.84,-170.6616697953708,26.299431561853076,,,,No,General,Favoured,General,Favoured
834,5HEX,B,MET,283,-62.981110236782015,-25.70852101993037,-171.159334469812,111.68526617408503,30.44,-79.32779942586463,-177.10613437056955,176.8112294704868,,,No,General,Favoured,General,Favoured
835,5HEX,B,SER,285,-112.490094988935,160.41042671235647,-174.62811690814212,110.11034578229443,27.57,73.95573582352186,,,,,No,General,Favoured,General,Favoured
836,5HEX,B,LEU,286,-63.96236109099673,-15.094881708145229,179.6199205038343,113.52976359098975,32.09,-57.794849087966696,172.19235593702595,,,,No,General,Favoured,General,Favoured
837,5HEX,B,LYS,290,-115.40473932207045,152.48502055412916,-176.4143756526166,108.42186749646746,31.55,-57.79901376339696,-80.7592349982127,173.70451073733815,-73.18651165142364,,No,General,Favoured,General,Favoured
838,5HEX,B,GLN,291,51.4131744963864,42.113914811919464,177.46608258650713,112.68583182963144,26.18,-52.67233138402664,-60.631815323159785,93.86281127194951,,,No,General,Favoured,General,Favoured
839,5HEX,B,LEU,292,-60.90015321413148,-39.087157624707416,-178.0415760279022,111.7378631407737,26.73,-60.88249462480491,-160.74973113944404,,,,No,General,Favoured,General,Favoured
840,5HEX,B,PHE,293,-72.43096004151094,-36.12097026995135,179.67912641368534,111.44559363512948,25.59,-176.63780193262784,69.18106039094599,,,,No,General,Favoured,General,Favoured
841,5HEX,B,GLU,294,-61.67061681735693,-36.644256338819005,173.99211440731264,110.47561857609149,23.42,-160.70861143836817,167.40265044633549,38.494746092094786,,,No,General,Favoured,General,Favoured
842,5HEX,B,LYS,295,-70.21498213975075,-22.180236369035825,-177.55814876161043,111.88723243348765,26.62,-66.82076530460188,167.03410213343423,171.19905009003554,179.4390145502762,,No,General,Favoured,General,Favoured
843,5HEX,B,MET,296,-81.27751771468475,-24.562571745636134,177.37129177538057,113.56402529674536,29.13,-74.70240375846937,-171.16058851990977,-85.60030847827569,,,No,General,Favoured,General,Favoured
844,5HEX,B,SER,298,-71.7660296732081,175.83500045164612,-166.72704428244688,111.50047392206102,29.31,70.6361424924797,,,,,No,General,Favoured,General,Favoured
845,5HEX,B,MET,300,-65.68749963254275,-50.07501129259915,170.07859079006937,110.49124053288068,31.63,-172.87592071258698,164.3646897378108,173.52364512781017,,,No,General,Favoured,General,Favoured
846,5HEX,B,TYR,301,-100.84385458818309,5.905188138727783,-172.13892376838777,114.04901177093296,33.03,-57.552258652323715,95.3565220545104,,,,No,General,Favoured,General,Favoured
847,5HEX,B,MET,302,-77.76990215502768,-45.54089347884837,-169.5488831087244,112.69553436203788,33.49,-171.03418873838274,151.0808734616314,127.77631103307253,,,No,General,Favoured,General,Favoured
848,5HEX,B,GLU,304,-63.937141758101525,-27.636419283882855,175.60965105105137,111.03425285425114,35.07,-179.02996456804186,85.4854605727759,-14.60045634043939,,,No,General,Favoured,General,Favoured
849,5HEX,B,LEU,305,-59.99065910440059,-45.62843903906918,173.9265339961735,110.58167511073371,33.34,-94.86499846738819,166.16729378066927,,,,No,General,Favoured,General,Favoured
850,5HEX,B,ARG,307,-51.201391561217015,-50.41603647905209,177.21838899583278,110.56245625099788,33.18,-168.41905752620167,-175.2469363782167,68.75898787904539,80.29732759380796,-0.35745261108555737,No,General,Favoured,General,Favoured
851,5HEX,B,LEU,308,-59.569790116587995,-40.91588637690473,-179.26701601774667,111.5185883866064,33.07,-64.24749635530175,-170.16059005367464,,,,No,General,Favoured,General,Favoured
852,5HEX,B,LEU,310,-65.26245670599901,-43.89245129962737,178.49562018348135,111.19991739204384,30.89,-60.79677328988594,175.25098170453288,,,,No,General,Favoured,General,Favoured
853,5HEX,B,LYS,312,-65.54329274912772,-31.289425491747256,-175.64810786778455,111.41259379212038,34.11,-169.86912350530008,161.49479042338686,179.67666947972543,69.24030114119223,,No,General,Favoured,General,Favoured
854,5HEX,B,MET,313,-79.1791076783568,-28.828824426936414,176.65461791258338,111.63359436869769,44.47,-67.05594904048758,178.9626353263776,85.4141296053385,,,No,General,Favoured,General,Favoured
855,5HEX,B,ALA,314,-72.49059197469475,-38.74594181649786,176.38441826169066,111.05216206213377,37.41,,,,,,No,General,Favoured,General,Favoured
856,5HEX,B,LYS,315,-63.69592395833322,-29.21029064105949,173.63108211883,111.6931207741754,39.99,-64.32054564954218,-170.35742168733233,175.52106486888354,-164.78694099333117,,No,General,Favoured,General,Favoured
857,5HEX,B,GLU,316,-88.44562786396172,4.9340656059044825,175.3119355886776,112.64705801359258,48.47,-61.345089181650835,-170.7193305750119,4.820649683958785,,,No,General,Favoured,General,Favoured
858,5HEX,B,GLU,317,65.19240269101171,29.760370895940436,175.05357545583533,113.20974478971421,50.64,-59.53065843306742,-173.9644166665169,8.355471919588926,,,No,General,Favoured,General,Favoured
859,5HEX,B,LEU,318,-93.75434386536209,-10.228402068902037,173.41047191419628,113.4966216986213,43.57,-60.43766377872197,157.89186006496178,,,,No,General,Favoured,General,Favoured
860,5HEX,B,LEU,319,-145.6677140679382,154.69286417557578,-178.86088311263345,109.04472721875955,39.17,-55.31853753110293,174.65911346404715,,,,No,General,Favoured,General,Favoured
861,5HEX,B,PHE,320,60.165914746659965,22.367940806170434,173.92912190880665,111.99278158447383,40.9,-47.179205411602,-36.95355660780828,,,,No,General,Favoured,General,Favoured
862,5HEX,B,LYS,323,-85.64729305549655,116.15813067956618,179.7788183829033,109.99609674445928,51.77,-61.69978078598655,-175.5024143187872,-57.415203640543645,-57.88086829378594,,No,General,Favoured,General,Favoured
863,5HEX,B,LEU,324,-94.7977682303521,-177.3813560006647,172.61178120283367,108.86194854046175,45.91,-67.70235744097396,94.95104643954555,,,,No,General,Favoured,General,Favoured
864,5HEX,B,GLU,327,-73.34566649677421,-30.43437761024897,-175.33927973204118,111.36712643867219,51.58,-54.179173379542846,85.06395820001457,-1.8494220069020797,,,No,General,Favoured,General,Favoured
865,5HEX,B,LEU,328,-69.37004460386993,-35.299264649936525,173.74659815142786,110.96411528043392,39.23,179.0245017971256,69.29549654761742,,,,No,General,Favoured,General,Favoured
866,5HEX,B,LEU,329,-82.02971629974805,-0.12694310128579003,-176.44785660171047,112.29191142635389,41.0,-73.07755586330369,174.14149296821304,,,,No,General,Favoured,General,Favoured
867,5HEX,B,ASN,330,-99.99568640359878,122.82525551686767,-170.85530473667916,108.0864005609691,42.51,-169.72487851864923,-10.70268507009942,,,,No,General,Favoured,General,Favoured
868,5HEX,B,THR,331,-58.296898286774585,148.1494525660535,-176.23551351296712,110.62045929687811,45.21,-166.5502126351768,,,,,No,General,Favoured,General,Favoured
869,5HEX,B,ARG,333,-85.79974959535372,0.15904421282367903,-167.48554625914895,114.25030473919598,47.89,-69.05546865565594,175.87147997558995,78.95827579718342,82.93888089903072,-0.7090196908980347,No,General,Favoured,General,Favoured
870,5HEX,B,PHE,334,-108.95772264910099,111.22368097644723,165.43945252878424,105.77524160150844,43.25,-163.01984454843065,-37.58374968635854,,,,No,General,Favoured,General,Favoured
871,5HEX,B,GLU,335,-99.16256975452633,149.10171633096286,-165.09045963908054,110.03471823732917,36.61,-58.138733705869086,169.5168982416651,1.1318524969923411,,,No,General,Favoured,General,Favoured
872,5HEX,B,THR,336,-59.14057998821976,-31.368173000621784,178.3846663511239,111.1511450261618,36.5,-52.83442416451906,,,,,No,General,Favoured,General,Favoured
873,5HEX,B,LYS,337,-53.623297681204576,-35.64022703303148,171.63109210344413,111.38227065794368,40.91,178.66071877680773,165.72691498262006,168.38751626143574,-74.65825110084279,,No,General,Favoured,General,Favoured
874,5HEX,B,ASP,338,-70.56040416573722,-34.15513752196735,-178.62325469032092,112.20592233184637,39.56,-67.22221939165466,-36.44225196090178,,,,No,General,Favoured,General,Favoured
875,5HEX,B,SER,340,-68.93072021282741,-33.596858001380916,-175.71807267315492,112.38811413928462,41.49,-69.17368051471551,,,,,No,General,Favoured,General,Favoured
876,5HEX,B,ASP,341,-68.78532940247983,-51.40849731703097,173.55101648874182,110.90507645507337,40.87,-59.33179303878062,-18.253920070232788,,,,No,General,Favoured,General,Favoured
877,5HEX,B,GLU,343,-81.51672037718231,-11.22960350092623,176.20460858712642,112.17788064692566,46.25,-109.39994164370671,167.64826159059558,-48.53165913367962,,,No,General,Favoured,General,Favoured
878,5HEX,B,GLU,345,-108.86608011876832,133.8059470464445,179.91372067499813,110.4611919221142,62.52,-68.5836963195997,-166.43693504112295,-16.07962812953235,,,No,General,Favoured,General,Favoured
879,5HEX,B,LYS,346,-47.17956226131588,-62.09787403976762,172.06864511270027,110.30270568515607,72.82,143.23084691756915,,,,,No,General,Favoured,General,Favoured
880,5HEX,B,ASP,347,-101.5320357124437,105.98007900767406,169.8596846744212,106.82958441287646,80.44,163.50479314275242,100.49638704210102,,,,No,General,Favoured,General,Favoured
881,5HEX,B,ARG,350,-66.58001073094432,-41.61892958533685,-175.45202058075552,111.26256788767331,56.39,-159.6355741923893,167.24196686759896,-77.35546123332658,98.09507703787412,-1.00088515181703,No,General,Favoured,General,Favoured
882,5HEX,B,LYS,351,-78.71553512446302,-35.176205487385154,178.50392158639255,112.161567019594,53.83,-75.14492961779031,-63.91746176856739,-75.06112469281885,-152.1393250484908,,No,General,Favoured,General,Favoured
883,5HEX,B,ALA,352,-55.75819994307155,-47.15243785769227,175.09105205179276,110.23652032673583,43.05,,,,,,No,General,Favoured,General,Favoured
884,5HEX,B,ARG,353,-47.67117546944153,-61.36796444417171,170.95793137449758,111.31274728842139,46.37,-173.39046098221021,141.22701778628348,-96.2427839927871,147.62527848137358,-1.802777692975957,No,General,Favoured,General,Favoured
885,5HEX,B,GLU,354,-56.44673218485539,-44.777504380341995,-172.92116598655363,111.9333262392792,43.24,-175.35899250902307,178.01724451234705,14.59687800689186,,,No,General,Favoured,General,Favoured
886,5HEX,B,LEU,356,-67.98368556391716,-34.96040326283435,-179.59311414865832,111.29095067298411,40.08,-65.50178016567142,157.35582540301232,,,,No,General,Favoured,General,Favoured
887,5HEX,B,MET,357,-68.60180821856615,-37.822028622409256,174.69522868784426,111.48488743828051,45.98,-71.90777471230317,-161.78848024441143,-61.722213579416824,,,No,General,Favoured,General,Favoured
888,5HEX,B,ARG,358,-57.112849999308985,-27.110708624502344,171.3380410899438,111.44719757248139,45.67,168.8534875389804,164.4502433568916,55.24240778702589,75.80438789980109,-179.94168075973366,No,General,Favoured,General,Favoured
889,5HEX,B,LEU,359,-86.61019560097402,6.279549459473066,177.22734255090907,112.35098262220484,47.53,-69.24146397761994,-170.02936968058077,,,,No,General,Favoured,General,Favoured
890,5HEX,B,LEU,361,-117.93278241286419,161.63610056988793,-179.7936266152692,109.01455822921375,44.93,-49.53981569306066,172.3303843225155,,,,No,General,Favoured,General,Favoured
891,5HEX,B,THR,364,-71.53154768152982,174.64189466867546,166.57901424801221,108.62589192075704,44.47,49.500374526498014,,,,,No,General,Favoured,General,Favoured
892,5HEX,B,GLN,365,-75.09707772529818,-23.199014764754494,177.59136311739772,110.34200581498077,45.81,75.73421491402259,-174.10658917793515,17.801396612050503,,,No,General,Favoured,General,Favoured
893,5HEX,B,GLU,366,-69.82620410448142,-37.70446946850491,174.71054369250717,110.63392962704003,43.71,-60.0526831323782,74.00835581209655,176.40958329457044,,,No,General,Favoured,General,Favoured
894,5HEX,B,ASP,367,-54.82959295400487,-51.58028635494423,170.72750058204642,110.78081045414402,39.75,-77.83629523452224,-24.398599627549306,,,,No,General,Favoured,General,Favoured
895,5HEX,B,CYS,368,-56.657702666520265,-43.09353478125414,177.0631914547065,112.25708290326662,40.24,-70.78411970001899,,,,,No,General,Favoured,General,Favoured
896,5HEX,B,ALA,370,-65.24962419846923,-34.4982162921554,178.75903565922894,111.46509772966755,36.49,,,,,,No,General,Favoured,General,Favoured
897,5HEX,B,THR,371,-69.82676438869582,-38.16649159638676,179.78103343265195,110.79974130908178,37.47,-61.07128126394624,,,,,No,General,Favoured,General,Favoured
898,5HEX,B,HIS,372,-59.28691732677235,-41.05965628133555,172.43789247441975,110.68345127097994,43.42,173.0609775067961,86.38494252545328,,,,No,General,Favoured,General,Favoured
899,5HEX,B,ARG,373,-74.6782324716613,-28.93543100593338,-175.82484207175537,112.17380867742064,40.71,-176.55606827311365,58.90909991552346,159.09622100746213,169.67097440113034,-0.9221179240202843,No,General,Favoured,General,Favoured
900,5HEX,B,CYS,375,-55.97907983629999,-42.40073192986477,174.1114645409989,111.2520904016992,36.23,-66.79887955110189,,,,,No,General,Favoured,General,Favoured
901,5HEX,B,GLN,376,-66.30179926210967,-45.54165233280804,-178.03186616009236,111.82076313963091,39.46,175.1955232724349,179.08239901014983,0.777623054855722,,,No,General,Favoured,General,Favoured
902,5HEX,B,SER,379,-64.50877855453204,-33.997122128712036,179.01282885466017,111.39554278874496,30.92,60.73182586846626,,,,,No,General,Favoured,General,Favoured
903,5HEX,B,THR,380,-69.21262183476809,-31.748166030910696,179.6954048926296,111.90732499838703,33.19,-67.0588565149932,,,,,No,General,Favoured,General,Favoured
904,5HEX,B,ARG,381,-67.63374271727767,-45.79511816902486,175.93942810233727,110.3548984679943,29.15,-163.73766387497972,-171.80770871062106,56.590250896160825,156.7390232364393,-1.907357538099974,No,General,Favoured,General,Favoured
905,5HEX,B,SER,382,-51.70889701617166,-43.0344540403434,173.01164332743906,111.41331068190571,26.74,165.6238611712597,,,,,No,General,Favoured,General,Favoured
906,5HEX,B,ALA,383,-69.89754176258168,-44.372249310639496,-177.91118491680695,111.17226388101957,28.82,,,,,,No,General,Favoured,General,Favoured
907,5HEX,B,SER,384,-67.98127645411533,-32.443328694778074,179.89481196547572,111.5101432444848,28.91,-59.606400034990244,,,,,No,General,Favoured,General,Favoured
908,5HEX,B,LEU,385,-67.61961202136015,-37.21377883425254,176.8929140142611,110.42970654180121,25.13,-76.11600487199607,176.28743052131546,,,,No,General,Favoured,General,Favoured
909,5HEX,B,CYS,386,-67.05310660247181,-37.7963634502154,175.9454279232449,111.10385813744465,20.85,-74.88559578087022,,,,,No,General,Favoured,General,Favoured
910,5HEX,B,ALA,387,-61.312193058935435,-34.67117934273198,175.9157194310691,111.5468499663813,27.3,,,,,,No,General,Favoured,General,Favoured
911,5HEX,B,ALA,388,-72.78869328611576,-37.59614686311365,-173.5651785495795,111.28451451635983,24.18,,,,,,No,General,Favoured,General,Favoured
912,5HEX,B,THR,389,-80.45570192102296,-41.0045469535342,-179.4804443485769,111.43579659652077,23.01,48.18672526548806,,,,,No,General,Favoured,General,Favoured
913,5HEX,B,LEU,390,-50.31155781072797,-43.170509859596926,167.72941004496042,111.29632869446856,18.74,-79.11085105572936,156.928925672565,,,,No,General,Favoured,General,Favoured
914,5HEX,B,ALA,391,-51.29911707154889,-53.859303457463916,179.7039128775019,110.46643928702188,24.84,,,,,,No,General,Favoured,General,Favoured
915,5HEX,B,ALA,392,-55.17448708591224,-36.61323884449416,177.96612423053088,111.45172066664189,23.35,,,,,,No,General,Favoured,General,Favoured
916,5HEX,B,LEU,394,-54.412461774438746,-39.43814718244476,175.20828086286483,111.07277108095224,26.15,-63.99186249777145,170.92263945806792,,,,No,General,Favoured,General,Favoured
917,5HEX,B,GLN,395,-59.65041409198672,-51.033827230739114,176.5575365420271,110.49714502053199,26.12,-172.79126016684708,52.50308187487616,39.41284161417574,,,No,General,Favoured,General,Favoured
918,5HEX,B,ARG,396,-54.96765668573702,-53.695815595081406,179.71687770231844,111.0112998079113,24.89,179.89300755208953,68.6112872974718,146.9745557746895,46.84010331358784,-1.8265467487705058,No,General,Favoured,General,Favoured
919,5HEX,B,LYS,398,-63.68005623757965,-46.96912664994825,-178.3756922819839,110.97499097383006,28.59,-175.4219633105353,179.9330874816482,78.76378981084491,170.70433958618415,,No,General,Favoured,General,Favoured
920,5HEX,B,GLU,399,-65.4407415855721,-31.680351003460746,177.42620325943878,111.65463941578646,28.61,-41.52059822610635,-179.81651429067534,-4.76244464970794,,,No,General,Favoured,General,Favoured
921,5HEX,B,ASN,400,-62.899299165851595,-43.162488992366704,176.323645216045,110.36645382870238,31.64,-80.76196848916193,-5.145852594663187,,,,No,General,Favoured,General,Favoured
922,5HEX,B,LYS,401,-77.23384539144187,-21.137890655666663,-175.91782157921122,112.25565861914741,35.71,-70.39300808208282,-165.52696827263742,155.6684118827156,175.43087555928042,,No,General,Favoured,General,Favoured
923,5HEX,B,GLU,403,-78.00889825868957,174.08867544513845,179.18230530933465,109.61055945918889,56.71,-165.19556177575757,-98.5144296692506,-68.24545639228587,,,No,General,Favoured,General,Favoured
924,5HEX,B,GLU,404,-88.86856484693817,-12.594977773809365,-173.522275767694,113.46261747179611,70.17,,,,,,No,General,Favoured,General,Favoured
925,5HEX,B,ARG,405,-140.0728233969999,122.77369901966333,177.7783853118171,109.76599773139023,63.81,168.4366438272521,171.2723660354229,-61.612913747158224,-80.88560102037067,0.2315406367610297,No,General,Favoured,General,Favoured
926,5HEX,B,LEU,406,-98.89689425756738,139.7179889960928,-177.83432649449526,111.19509525198123,45.3,165.20511491473815,69.48434981879566,,,,No,General,Favoured,General,Favoured
927,5HEX,B,ARG,407,-116.16445505242102,117.55050533178616,172.59860277460845,108.77282884403986,44.97,159.04848548942508,166.1754653015818,-62.260285511367194,-63.584777182863725,-179.72837519151182,No,General,Favoured,General,Favoured
928,5HEX,B,SER,408,-150.6073947292345,149.2166166492478,-163.41253533356166,110.04398332390431,38.12,-155.39083243001272,,,,,No,General,Favoured,General,Favoured
929,5HEX,B,THR,409,-121.29780514150373,137.68775153792578,-178.9160677934424,109.38430339311728,31.64,-63.800450055401875,,,,,No,General,Favoured,General,Favoured
930,5HEX,B,ASP,413,-145.92086111472796,167.84301616877312,173.87739441474537,108.01949644627588,25.82,-164.45655358163737,11.815367508960817,,,,No,General,Favoured,General,Favoured
931,5HEX,B,SER,415,-67.59818788437582,-36.812810382146196,-167.25991375643804,112.83791429917662,28.3,47.99687703765247,,,,,No,General,Favoured,General,Favoured
932,5HEX,B,TYR,417,-74.19880357144963,-38.40434957530827,-177.1483534950636,111.74050603195545,30.75,178.26981631906335,-80.51820318239328,,,,No,General,Favoured,General,Favoured
933,5HEX,B,LYS,418,-78.28760002873389,-41.90492715147332,-176.06035689756882,111.9983503252441,36.24,-72.75841983082904,162.5193586083811,80.12876277491233,172.05815801580795,,No,General,Favoured,General,Favoured
934,5HEX,B,LYS,419,-100.08365278221947,-6.291081967571779,-173.61345323213723,115.1726976650129,36.45,-73.09746935921116,163.73466395550957,154.17022784679293,-84.87500553360476,,No,General,Favoured,General,Favoured
935,5HEX,B,HIS,422,-103.45107079312223,-2.771090358847519,-174.71849929842364,115.07207923261795,45.26,-68.66039435120513,71.40480848865299,,,,No,General,Favoured,General,Favoured
936,5HEX,B,PHE,423,-69.60257983218034,-48.30842965403996,-165.51919021130988,111.08644598608812,37.22,174.51501681910227,-81.74939974916126,,,,No,General,Favoured,General,Favoured
937,5HEX,B,ALA,424,-55.063390727225574,-47.19596447441717,176.70281334526283,111.98813462449223,28.09,,,,,,No,General,Favoured,General,Favoured
938,5HEX,B,LYS,425,-67.3853247933251,-35.19603087995681,-171.3533330912043,110.89061882799842,36.89,-79.67639448208561,,,,,No,General,Favoured,General,Favoured
939,5HEX,B,ARG,426,-70.2696017033039,-39.45948108196393,176.55663693211577,111.01600722387516,35.02,-63.295729699744484,162.24222292426515,162.59576306720552,170.52320443909338,-0.5506993566784537,No,General,Favoured,General,Favoured
940,5HEX,B,LEU,427,-59.61023671915216,-54.270963216976526,175.2702175784353,110.46708316943102,28.46,171.53624718286878,62.29945569597913,,,,No,General,Favoured,General,Favoured
941,5HEX,B,HIS,428,-52.067317321205195,-49.77018040909172,177.17968176312428,111.50009873581561,31.03,-62.73922645262191,165.6885005861118,,,,No,General,Favoured,General,Favoured
942,5HEX,B,LYS,429,-65.81606514010923,-45.851463128116364,-176.07234770903688,111.0254531184634,31.51,176.8166790138254,158.22275548654076,169.82715850490993,42.893811252013855,,No,General,Favoured,General,Favoured
943,5HEX,B,THR,430,-67.66083011158123,-47.60411677309295,-173.61531113944918,111.84428916750211,30.54,-56.79796569462272,,,,,No,General,Favoured,General,Favoured
944,5HEX,B,ARG,432,-64.03111816606302,-43.64237451537249,-175.63108791738355,111.2292897448471,31.6,-80.03887086743676,163.8724529807641,179.30904940003558,150.57934131007772,-0.38066217686204007,No,General,Favoured,General,Favoured
945,5HEX,B,ARG,433,-53.51430831045908,-38.311535707764925,170.67189224406516,112.39201519719822,33.33,-120.41211753852873,-175.602787759724,-69.30959032173288,138.25576863128123,-1.8933775986635495,No,General,Favoured,General,Favoured
946,5HEX,B,LEU,434,-80.13491401689811,-29.71193395688069,-173.3687734145718,112.57419058662407,36.81,-67.48122167212313,-179.63244011597607,,,,No,General,Favoured,General,Favoured
947,5HEX,B,CYS,438,-110.78364383238123,150.21868125950388,176.63535278023477,109.46373884444824,52.05,-62.99091737838535,,,,,No,General,Favoured,General,Favoured
948,5HEX,B,ASP,439,-110.97800736143328,105.26798404180491,162.08910514773018,106.17797578476707,47.87,-58.09086935765196,-35.95019826439307,,,,No,General,Favoured,General,Favoured
949,5HEX,B,ARG,441,-98.74655520789088,141.69426839115982,169.182350055175,108.97595704621325,30.22,176.7348704103508,178.68880722121617,-174.99780057282968,-128.16081411634784,-1.2122781086401575,No,General,Favoured,General,Favoured
950,5HEX,B,PHE,442,-108.75862307237031,138.68084576962758,168.96688585392653,108.8243541179619,28.1,-63.93575805179844,67.8729569801808,,,,No,General,Favoured,General,Favoured
951,5HEX,B,LEU,443,-138.59832866410636,127.85927482290765,-178.83906009551285,107.3975531459276,35.36,172.07590291107718,68.69032387954555,,,,No,General,Favoured,General,Favoured
952,5HEX,B,ARG,444,-93.18260900436287,129.25548194376458,-174.5991561917864,109.3158148865817,39.69,42.49315565675169,-177.26581899800814,-77.15835368049494,168.50390820921885,179.6820760605498,No,General,Favoured,General,Favoured
953,5HEX,B,SER,445,-66.71012402058251,125.44875264463023,174.82342116731863,108.32600047275189,39.95,172.21633994084257,,,,,No,General,Favoured,General,Favoured
954,5HEX,B,GLU,446,-82.74128159401977,-60.48215738216901,178.60563654114694,111.05330887134028,60.19,-65.56668947657246,-35.61247072761187,-34.7052882016613,,,No,General,Favoured,General,Favoured
955,5HEX,B,ASP,447,-98.02892205817312,6.4446935243600265,-167.5984505672378,114.57009898396436,65.55,-88.03299977797191,-77.61555507379278,,,,No,General,Favoured,General,Favoured
956,5HEX,B,SER,449,-74.86165328887036,-44.26941709003316,-160.75142261557065,112.23812158532532,40.62,-86.96369069753943,,,,,No,General,Favoured,General,Favoured
957,5HEX,B,LYS,451,-48.06075874331304,-47.33272916033399,168.46322363435198,111.06738609477482,32.65,-163.67179970279764,165.47396769539074,134.01761072663808,157.68405904900115,,No,General,Favoured,General,Favoured
958,5HEX,B,ALA,453,-62.70089868516211,-35.34831796481828,-178.04951816877934,110.82836024220667,21.73,,,,,,No,General,Favoured,General,Favoured
959,5HEX,B,ALA,454,-59.76546332240924,-41.00299254456436,169.2189748312319,110.8288726271304,23.4,,,,,,No,General,Favoured,General,Favoured
960,5HEX,B,MET,455,-63.03699650122762,-39.325399320498924,-178.19449110272285,111.03069107002497,24.76,-172.91472138816874,66.84801325999429,56.74092670594839,,,No,General,Favoured,General,Favoured
961,5HEX,B,THR,457,-58.608979991296586,-38.79120415729395,176.6441380693781,111.6172574313746,23.46,-107.13714893183058,,,,,No,General,Favoured,General,Favoured
962,5HEX,B,ALA,458,-71.06138793432567,-34.445265683641864,-178.75184985601993,111.56493547473076,24.43,,,,,,No,General,Favoured,General,Favoured
963,5HEX,B,ALA,460,-54.28615071484349,-41.46509519891821,177.4396375783149,111.37529127195269,25.31,,,,,,No,General,Favoured,General,Favoured
964,5HEX,B,TYR,461,-62.11829320519282,-43.45047701637749,172.4811735513048,111.20052990648995,26.64,-87.87558313969826,5.6403674786816085,,,,No,General,Favoured,General,Favoured
965,5HEX,B,ARG,462,-58.9689490333263,-50.769898832528334,-178.8058486357429,111.25215907484821,26.97,165.0669744895042,174.54747990144062,69.01142105606523,69.8866920306309,-3.277374431450277,No,General,Favoured,General,Favoured
966,5HEX,B,LEU,463,-51.68228966975202,-46.73829588864585,179.31883564959796,110.02067306236079,22.87,-65.09083567582537,168.76983846760757,,,,No,General,Favoured,General,Favoured
967,5HEX,B,ALA,464,-59.98557362152333,-50.243925812781384,-179.21442987775495,111.45575631675247,27.9,,,,,,No,General,Favoured,General,Favoured
968,5HEX,B,ASP,465,-56.83788274767389,-39.198953215279886,-179.4024455051412,111.00949445359826,26.29,-66.14564622526719,-7.791804713676686,,,,No,General,Favoured,General,Favoured
969,5HEX,B,GLN,466,-76.28511149388783,-42.651443798563164,-172.06246671813108,110.57739364559546,26.53,-71.53407160150343,-172.1490646943149,-14.605048721130569,,,No,General,Favoured,General,Favoured
970,5HEX,B,HIS,467,-53.413213137223536,-47.4426727926413,171.35893081172802,109.9188720878628,27.64,-176.40422632611111,76.93720675609663,,,,No,General,Favoured,General,Favoured
971,5HEX,B,ARG,468,-62.664179463643734,-38.28721746024786,-177.2928103068797,110.89994150159937,34.1,-171.52269514959116,52.58669785728491,-150.62071337589077,155.23803148796753,-0.5670091797641454,No,General,Favoured,General,Favoured
972,5HEX,B,ALA,469,-68.89881747622135,-43.41214889736142,-177.36856942365645,110.64023865516225,28.62,,,,,,No,General,Favoured,General,Favoured
973,5HEX,B,ARG,470,-64.66891572578437,-42.65431825182943,178.72334182090316,111.38106404345912,28.13,-72.00604588559291,179.49406448089672,-136.75094634451844,105.75959314748896,2.15453389277037,No,General,Favoured,General,Favoured
974,5HEX,B,GLN,471,-64.94706573690603,-32.38846798568811,-177.68153315152955,111.01320695991556,36.91,-160.40654507807054,176.89486844740858,3.46945454079959,,,No,General,Favoured,General,Favoured
975,5HEX,B,LYS,472,-66.70895429014567,-45.611541640701375,179.5173631795822,110.975579842236,33.33,,,,,,No,General,Favoured,General,Favoured
976,5HEX,B,THR,473,-57.13299648770995,-50.15575963808678,171.22572772083427,111.22082626956167,31.55,-67.74511755991269,,,,,No,General,Favoured,General,Favoured
977,5HEX,B,LEU,474,-69.96542259144752,-22.33955225436792,-173.35622267061436,112.05178711824934,29.61,-60.961798743002554,174.5158306369608,,,,No,General,Favoured,General,Favoured
978,5HEX,B,GLU,475,-55.11362638473873,-30.931291131231443,175.4130077929404,111.46162477119627,39.03,-92.0924333995965,162.11194164477047,-161.29297004885362,,,No,General,Favoured,General,Favoured
979,5HEX,B,HIS,476,-65.27285376641976,-23.620698580562912,178.80463272467654,112.96503827556761,32.31,-71.39444326611046,76.52134431978756,,,,No,General,Favoured,General,Favoured
980,5HEX,B,LEU,477,-96.56012510689506,9.174959466728554,177.21900633803196,111.60411625412975,27.59,-66.28891691270681,85.78609078323143,,,,No,General,Favoured,General,Favoured
981,5HEX,B,GLN,478,-112.5821563600182,110.14433033005932,177.44553057664646,109.14405725831188,31.97,-69.91291960175924,158.3081140794099,-37.76703140232142,,,No,General,Favoured,General,Favoured
982,5HEX,B,LEU,479,-98.83369809482448,143.37014493359996,-174.31093173260547,109.70123326796059,33.35,-58.15911404219159,-175.09539833659687,,,,No,General,Favoured,General,Favoured
983,5HEX,B,SER,480,-86.77395638145647,174.42519623349133,-176.83918221394,110.82769259580589,29.44,55.529494468940015,,,,,No,General,Favoured,General,Favoured
984,5HEX,B,HIS,481,-58.02154140506312,-47.03043485726287,176.4278513811709,111.33917955450038,40.81,177.8551083144175,79.07357626619037,,,,No,General,Favoured,General,Favoured
985,5HEX,B,ASP,482,-59.060246193341655,-44.91158187082873,176.58667212762586,110.83876711937596,44.93,-71.61318420671921,-2.06926823356767,,,,No,General,Favoured,General,Favoured
986,5HEX,B,GLN,483,-60.72919342265229,-38.83321261575374,-177.43929797500243,112.04845864900251,40.02,-78.95271995592721,177.46741156200923,-36.23239734325269,,,No,General,Favoured,General,Favoured
987,5HEX,B,LEU,484,-72.28252837863135,-26.241943896940864,178.70574654174007,111.5859450791738,35.79,-62.676295864791314,172.02753493184747,,,,No,General,Favoured,General,Favoured
988,5HEX,B,LEU,485,-69.4440188437399,-35.17759201808014,172.13674775545368,111.12247305736358,37.13,-79.00739452976532,174.84338419487008,,,,No,General,Favoured,General,Favoured
989,5HEX,B,GLU,486,-70.74159063879154,-32.054071732969355,175.8517584202341,111.72599710303992,31.97,-175.95581801801302,55.60724046218005,24.79944119075851,,,No,General,Favoured,General,Favoured
990,5HEX,B,LYS,488,-55.99189430861248,-46.78370739935826,174.33783968457536,111.3631239455115,33.64,-179.05089074625724,-175.04724616152424,167.3765998291537,179.0287535485081,,No,General,Favoured,General,Favoured
991,5HEX,B,ARG,489,-62.35427433881946,-40.074699940233614,-177.830496651692,111.06736813838236,34.25,-174.1689227050631,-163.58087168132448,72.69852763684914,81.42276628344128,-0.28889675508683527,No,General,Favoured,General,Favoured
992,5HEX,B,ARG,490,-69.27112022552954,-39.81704589985399,-177.1995067100916,111.2011884384011,33.87,-60.33415713144133,-168.02279077237824,-167.02993107717776,-173.06873760218002,0.11067018539235152,No,General,Favoured,General,Favoured
993,5HEX,B,MET,491,-60.036582487257505,-31.295478783892637,173.2795973456556,111.0357934606787,34.91,171.12177315916466,70.675199726162,81.1018670961104,,,No,General,Favoured,General,Favoured
994,5HEX,B,LYS,492,-67.11682180603844,-44.93307664077736,177.78716114418526,110.86316156332322,38.15,-162.75578352189558,174.85836283334874,-53.68977103473113,-50.71369994125387,,No,General,Favoured,General,Favoured
995,5HEX,B,GLU,494,-71.07481490606436,-30.158900941531137,-176.68453323818332,111.41743792302768,37.05,-63.15696832493666,-59.95832276886523,-27.18685960648429,,,No,General,Favoured,General,Favoured
996,5HEX,B,MET,495,-66.58251167491356,-51.45631663680717,171.73020669661622,110.66935221746499,37.45,-62.06798490252199,159.49365103642802,80.35739233936675,,,No,General,Favoured,General,Favoured
997,5HEX,B,GLU,496,-52.32926889368702,-45.4025014502126,178.91820630090854,109.95457412226935,41.54,-70.30133672501978,155.2000375994795,8.827482388898117,,,No,General,Favoured,General,Favoured
998,5HEX,B,ARG,497,-67.4245101812646,-33.7779154759568,-173.12715258954472,110.81248560749609,39.5,147.34408895003784,-178.44746081362155,-54.086772436125834,113.12873108967784,-0.49189577934665507,No,General,Favoured,General,Favoured
999,5HEX,B,LEU,499,-80.17382990973782,-31.484438402924045,175.29299485206755,111.67801513510574,35.97,-64.56223906216378,163.6785559758114,,,,No,General,Favoured,General,Favoured
1000,5HEX,B,SER,500,-65.69581912677988,132.8080447009114,179.01251996005993,110.1597423674203,38.35,170.63418651416808,,,,,No,General,Favoured,General,Favoured
1001,5HEX,B,LYS,501,-66.97502168346227,-33.128594036793345,-178.17510394485717,111.168174820021,43.85,-173.09370551399059,-160.87074523618938,77.73645319808683,75.11573131200772,,No,General,Favoured,General,Favoured
1002,5HEX,B,GLU,502,-63.232010147765486,-51.1167897223053,-178.01353279355962,111.24313100259344,54.14,-93.08978776379692,-59.57944821960467,-29.50026692917031,,,No,General,Favoured,General,Favoured
1003,5HEX,B,THR,503,-98.01101920944141,0.4905732676265649,-169.01291584482357,113.52317107597509,52.45,53.75782103837849,,,,,No,General,Favoured,General,Favoured
1004,5HEX,B,HIS,504,-56.47422274695792,-50.70619930880591,-170.62859060275008,111.87234522499729,44.31,166.98466490827067,76.69078592096191,,,,No,General,Favoured,General,Favoured
1005,5HEX,B,ALA,505,-63.63485714132574,-18.37445254225983,-174.38835088673875,112.77474178854834,43.93,,,,,,No,General,Favoured,General,Favoured
1006,5HEX,B,SER,506,-92.30133242557228,-10.556395054795768,174.11752570370064,112.82328850019685,44.67,78.82487539162953,,,,,No,General,Favoured,General,Favoured
1007,5HEX,B,LYS,510,-82.10160334935478,-29.24200034655095,-161.97486654603554,112.70165855824625,31.68,-72.08338838977677,-51.544573763435054,-175.27150329539006,-167.79776427817077,,No,General,Favoured,General,Favoured
1008,5HEX,B,MET,511,60.32671163443019,44.5393296204814,174.35468741727428,111.27530317058086,34.25,-51.5780226665401,-75.08707146123898,-69.486703338406,,,No,General,Favoured,General,Favoured
1009,5HEX,B,THR,514,-97.25047832626609,-10.568598182362837,174.33716916600875,113.58387745107731,32.43,74.26121102630572,,,,,No,General,Favoured,General,Favoured
1010,5HEX,B,TYR,515,59.088469854403705,19.430469558776437,-176.9206838475462,112.83631833034545,36.84,-58.8504433614283,-80.69201841354965,,,,No,General,Favoured,General,Favoured
1011,5HEX,B,CYS,517,-105.31981215523828,-2.9458812744459952,-168.30805491203668,114.7498286765728,44.18,-59.532044390232564,,,,,No,General,Favoured,General,Favoured
1012,5HEX,B,ALA,518,-151.57059651234465,150.02733326817446,176.16504387164244,110.91678689508738,54.15,,,,,,No,General,Favoured,General,Favoured
1013,5HEX,B,ASP,521,-103.40483454513529,1.9951637894984393,165.85958067460098,114.14988648521773,70.3,64.41037955722159,-18.080260457403963,,,,No,General,Favoured,General,Favoured
1014,5HEX,B,THR,523,-70.26449502271281,-16.178891364977105,170.40044075297598,112.85240544128736,71.72,172.3708331896144,,,,,No,General,Favoured,General,Favoured
1015,5HEX,B,GLU,524,-63.428424822395755,140.4291911255876,-166.02567305857593,110.79447886482937,63.72,-57.9127550473044,85.26784461367583,4.062312197966392,,,No,General,Favoured,General,Favoured
1016,5HEX,B,LYS,525,-153.44896983509594,148.50895433891685,174.47181102239378,109.07700201288989,70.41,59.6068866677325,176.2974929716903,168.3840270596831,-64.86962927467233,,No,General,Favoured,General,Favoured
1017,5HEX,B,ASP,527,-104.9033318083719,122.85318067745555,171.65762677885198,107.89258128896446,61.4,-80.02195665743982,-2.1333756803998,,,,No,General,Favoured,General,Favoured
1018,5HEX,B,PHE,528,-127.37146827089097,155.27537934291445,-172.1450126630753,110.37742675538254,54.08,-53.90908682728722,-85.28451331007933,,,,No,General,Favoured,General,Favoured
1019,5HEX,B,LEU,529,-108.80810454573056,152.94551884327234,177.47867586015076,110.2409204469495,48.39,-68.0801830305223,179.58868490128404,,,,No,General,Favoured,General,Favoured
1020,5HEX,B,ALA,530,-140.09798292883505,150.09597262387706,168.87578545631197,110.53225951788781,42.09,,,,,,No,General,Favoured,General,Favoured
1021,5HEX,B,LEU,531,-120.45495273035179,142.69757231618462,163.23089928722322,108.35429684741977,46.81,-49.71055593286641,167.11733665677843,,,,No,General,Favoured,General,Favoured
1022,5HEX,B,ASP,532,-113.9865001031267,105.48063773877786,163.52848504344556,106.32042236088171,51.28,55.59380446563874,-6.067888513917682,,,,No,General,Favoured,General,Favoured
1023,5HEX,B,LEU,533,-110.5929672245968,177.74361539686473,-179.14041805519972,108.342380669717,48.27,-71.55139019775478,146.16627481498648,,,,No,General,Favoured,General,Favoured
1024,5HEX,B,THR,536,-59.34026796093574,-24.585014769648875,-173.23217632313185,111.78632230738516,71.2,,,,,,No,General,Favoured,General,Favoured
1025,5HEX,B,ASN,537,-125.66691913558323,122.65423610359116,172.3153590831963,108.3299377729623,71.98,,,,,,No,General,Favoured,General,Favoured
1026,5HEX,B,PHE,538,-107.19848344124132,171.9969495300028,176.86147700401764,110.66975223982794,59.93,68.35132495851668,-62.97095023572867,,,,No,General,Favoured,General,Favoured
1027,5HEX,B,ARG,539,-119.14856787175079,139.50982869457678,172.82735430041626,109.1562711221784,55.74,-62.9408114803705,175.3096805544783,-59.122702606755205,164.6233614016191,-0.2402514862114698,No,General,Favoured,General,Favoured
1028,5HEX,B,LEU,541,-123.14895428017543,146.9136578224453,-164.7300111353995,110.47888084343282,56.57,-68.39157116796088,132.2065588424675,,,,No,General,Favoured,General,Favoured
1029,5HEX,B,LEU,542,-120.01304133138896,120.94493436520055,171.39986354246142,108.46957209936522,57.92,178.5741069997101,48.776130416477685,,,,No,General,Favoured,General,Favoured
1030,5HEX,B,ARG,544,-93.73810412368763,119.67772929548735,171.3714121568625,108.00930235944202,64.02,,,,,,No,General,Favoured,General,Favoured
1031,5HEX,B,ARG,546,-116.72929600867002,131.26766393381234,179.86498334773583,109.8520972043462,77.08,-65.86935143615632,-144.86797562261316,-158.53701535363166,-78.9422676639368,-0.06643429289228378,No,General,Favoured,General,Favoured
1032,5HEX,B,ASN,547,-117.10755222390783,148.71345523991886,152.93537003234331,103.41186359590468,88.62,86.98653294234039,-43.42304886010202,,,,No,General,Favoured,General,Favoured
1033,5HEX,B,LYS,549,72.5037250321475,-35.484985043095705,-179.4617679081449,109.69485224140959,87.54,-45.76377578522852,,,,,No,General,Allowed,General,Allowed
1034,5HEX,B,TRP,550,-113.91625183830678,-1.606089007053895,160.76980466858132,113.20139584663605,89.32,-30.19223780575649,113.9443057397808,,,,No,General,Favoured,General,Favoured
1035,5HEX,B,GLU,554,-143.1630502011579,143.46453917829496,168.31396742648988,107.47954909757883,69.74,36.738358688369686,157.9516574125625,-51.374671741219316,,,No,General,Favoured,General,Favoured
1036,5HEX,B,MET,555,-131.74945756409852,130.79569794834572,-166.64697349307525,110.25832321225431,68.74,178.58884388910977,-116.75357106252679,-75.68712612142363,,,No,General,Favoured,General,Favoured
1037,5HEX,B,HIS,556,-114.94448099906953,140.89827984502162,173.80296996853167,109.1426464371494,74.08,-56.59426105594194,-81.17606896253764,,,,No,General,Favoured,General,Favoured
1038,5HEX,B,ASN,557,-145.14913826582602,158.5784299540201,175.44646356145327,110.75084321335267,67.84,83.02778721743394,71.31424650446472,,,,No,General,Favoured,General,Favoured
1039,5HEX,B,LYS,558,-142.463566646987,132.28917649271918,169.25734066423115,106.71343327655067,65.41,-174.29782475676572,-173.472252203757,174.83751555467478,-173.56784737327035,,No,General,Favoured,General,Favoured
1040,5HEX,B,TYR,560,-118.0043662263928,164.0120809165126,171.93278096861195,108.07926132164563,65.46,-50.34848532580266,76.63842988358816,,,,No,General,Favoured,General,Favoured
1041,5HEX,B,ALA,561,-130.89559360436428,153.18890935878173,178.47034677117895,108.87662950993946,67.16,,,,,,No,General,Favoured,General,Favoured
1042,5HEX,B,GLN,564,-74.71659652596848,-32.9914926717051,177.80406038904144,112.12747162039314,79.49,-45.1262174474688,103.27221828858939,-39.91015853946724,,,No,General,Favoured,General,Favoured
1043,5HEX,B,GLU,565,-66.32192909519728,-24.75552733642609,-176.79608700376357,111.54149497652385,79.65,82.00920500445285,-100.55787161914321,6.835720956409189,,,No,General,Favoured,General,Favoured
1044,5HEX,B,MET,567,-59.01190718328861,-32.814428355322676,172.11358048559535,111.81297035708141,72.47,-83.64344452856724,-176.69676823669786,63.367974685584294,,,No,General,Favoured,General,Favoured
1045,5HEX,B,HIS,568,-97.3497093430036,3.5516554350058067,177.4967105297565,113.39873209168935,76.06,-64.95925581203542,69.77562062433036,,,,No,General,Favoured,General,Favoured
1046,5HEX,B,THR,570,-82.40970243324607,157.76864983926575,177.50318438354788,111.63932602310054,65.89,71.58924707703312,,,,,No,General,Favoured,General,Favoured
1047,5HEX,B,ASP,572,-55.58025291394837,-44.17662202871373,179.58766645668368,111.2120599496032,74.98,-48.66856157849938,-128.24459015154505,,,,No,General,Favoured,General,Favoured
1048,5HEX,B,GLU,573,-63.519225024057974,-34.60282559183033,-176.90636680338596,111.6538818085114,70.2,-67.42193557707004,-171.91997148314388,-46.76010321066992,,,No,General,Favoured,General,Favoured
1049,5HEX,B,LEU,574,-70.28170669565365,-45.91951303978701,179.75500593210606,111.73605024457342,62.15,173.31118529725074,61.5304401053298,,,,No,General,Favoured,General,Favoured
1050,5HEX,B,PHE,575,-80.18522954399604,-32.72752144777602,-176.02104314581877,112.30429878518342,64.94,-69.26837948705102,-79.4821361446567,,,,No,General,Favoured,General,Favoured
1051,5HEX,B,ASP,576,-53.32173904976664,-38.36695551642045,169.35019530506685,110.36883938458027,65.2,-80.33494639055779,-23.59233559164133,,,,No,General,Favoured,General,Favoured
1052,5HEX,B,HIS,577,-66.82947945687802,-46.86515138166024,179.13424339188148,110.97639904212133,65.01,-169.43701888704882,-101.1503562481032,,,,No,General,Favoured,General,Favoured
1053,5HEX,B,GLN,580,-60.81476315091427,-34.4620459868772,172.72979979083502,110.71999570865508,68.7,-166.9301998167056,168.79087683360484,31.130058124950867,,,No,General,Favoured,General,Favoured
1054,5HEX,B,CYS,581,-78.86243421631464,-44.9993431150245,178.99101217629524,111.80656082010078,70.84,-60.06569778789894,,,,,No,General,Favoured,General,Favoured
1055,5HEX,B,ALA,583,-67.21984368335401,-42.71199205485604,-179.3614941461448,111.61611449867685,70.02,,,,,,No,General,Favoured,General,Favoured
1056,5HEX,B,ASP,584,-64.18925842365319,-20.878141495037685,174.67113300564478,111.57513725422048,70.9,166.07212232720505,97.56997920301255,,,,No,General,Favoured,General,Favoured
1057,5HEX,B,PHE,585,-78.06421070461913,-43.17609505386226,174.10332832620728,111.78735907154066,68.43,-174.14967945307308,73.0363738454215,,,,No,General,Favoured,General,Favoured
1058,5HEX,B,LEU,586,-62.1906902093176,-44.28808306950474,175.685157889483,111.14671729410446,73.88,-65.97009647935101,178.21535446099952,,,,No,General,Favoured,General,Favoured
1059,5HEX,B,GLU,587,-56.33174193806146,-28.174338533706877,178.1461486808089,111.2772032331845,79.69,,,,,,No,General,Favoured,General,Favoured
1060,5HEX,B,TYR,588,-97.13193863323235,-2.8206350925530064,-175.49274636217964,112.23161104537444,73.77,152.9864362688533,98.58850075936856,,,,No,General,Favoured,General,Favoured
1061,5HEX,B,MET,589,-96.61520544120367,7.453300561005653,162.13781624303587,112.05004534865603,77.7,-55.787646762845355,-47.18140763339922,-67.14060771840074,,,No,General,Favoured,General,Favoured
1062,5HEX,B,MET,591,-94.09850953342941,11.223288386393198,-172.05191092105002,112.99748675316535,72.55,-61.38782598017564,-168.82619076386783,78.73182871696838,,,No,General,Favoured,General,Favoured
1063,5HEX,B,LYS,592,-50.76263344799265,129.29245993816687,-179.60723333927737,111.04171528383354,71.06,,,,,,No,General,Favoured,General,Favoured
1064,5HEX,B,SER,595,-96.72963089608143,112.18340390535322,-179.66416748950283,109.52134489409504,58.33,171.48579806652808,,,,,No,General,Favoured,General,Favoured
1065,5HEX,B,LEU,598,-129.89670154016025,157.63700470288995,-174.8554723189857,109.58918496068523,46.33,177.5500791280296,147.3681341618684,,,,No,General,Favoured,General,Favoured
1066,5HEX,B,PHE,600,-150.66651689645818,160.4484169386377,-179.0300886458318,111.17113532507076,44.15,60.31638210038583,-57.76894854304923,,,,No,General,Favoured,General,Favoured
1067,5HEX,B,THR,601,-95.24343204163895,139.0230221708746,166.02610017194868,106.97655690951046,40.67,65.37368288146915,,,,,No,General,Favoured,General,Favoured
1068,5HEX,B,PHE,602,-131.43825686583207,108.18431040061206,179.7844159272225,103.57068136470744,38.58,-168.29602021184095,72.85997532859008,,,,No,General,Favoured,General,Favoured
1069,5HEX,B,SER,603,-94.13758236627648,2.4511149882026735,-161.85517607395295,113.08319358150052,53.92,72.1878716434323,,,,,No,General,Favoured,General,Favoured
1070,5HEX,B,CYS,606,-142.19497487066232,167.11641300655734,-166.89055667342046,110.67071428096001,51.73,-78.57870129445676,,,,,No,General,Favoured,General,Favoured
1071,5HEX,B,GLN,607,-120.7001127618083,114.47034395340529,173.18440527525365,107.29446223723873,46.8,172.91706892018865,63.27409930823036,41.867902004172606,,,No,General,Favoured,General,Favoured
1072,5HEX,B,GLN,608,-104.50266122618076,112.6118032948578,-174.71371148199736,110.10132695376689,45.08,-161.4135238879126,171.60069548092684,15.426930039333833,,,No,General,Favoured,General,Favoured
1073,5HEX,B,ASN,609,-99.36520198611274,-6.898564126902031,178.76350625845237,113.64594365344036,40.95,-55.63880715845987,-36.271196930556876,,,,No,General,Favoured,General,Favoured
1074,5HEX,B,SER,610,-171.86022162281088,176.88207112160865,174.2466165181179,108.12067862494753,34.74,82.34880390789743,,,,,No,General,Favoured,General,Favoured
1075,5HEX,B,LEU,611,-66.30428908221965,-35.76880884691507,-170.84208286375969,111.85707920176802,34.58,-176.51065904991515,48.69744031157776,,,,No,General,Favoured,General,Favoured
1076,5HEX,B,ASP,612,-101.93764239340501,12.312613467893707,174.3146817892624,114.05684525073295,43.68,56.91517298843153,5.746146232382004,,,,No,General,Favoured,General,Favoured
1077,5HEX,B,GLU,613,-130.60719238021235,112.2143587708422,-177.8921997703314,111.05366252385004,45.58,-173.2930549924019,-170.11774140193594,3.5549459646523123,,,No,General,Favoured,General,Favoured
1078,5HEX,B,SER,614,-138.89005618539923,120.93444661350489,174.30633164943242,110.9605075039675,51.97,174.15807835001365,,,,,No,General,Favoured,General,Favoured
1079,5HEX,B,LEU,616,-63.77268969197612,123.94712381478837,173.56694052319224,110.28525950162972,57.2,166.68871303289708,71.06657983763878,,,,No,General,Favoured,General,Favoured
1080,5HEX,B,LEU,617,-87.24146058131463,-63.76221756571267,-179.02624032803652,111.23278341812326,54.19,-62.66890917093116,174.12720433354485,,,,No,General,Allowed,General,Allowed
1081,5HEX,B,LYS,618,-133.09103742635693,125.11033214829332,-177.47808657090764,108.60416102583893,61.95,-175.3010704826648,84.93928447421939,164.56755108169835,178.15967411805312,,No,General,Favoured,General,Favoured
1082,5HEX,B,TRP,619,-56.56717509657239,147.2518217155276,166.01281009189756,109.38016264838247,62.35,-80.28281157206662,125.51350815694857,,,,No,General,Favoured,General,Favoured
1083,5HEX,B,THR,620,-140.86437065699656,175.35493007903824,169.5656541003785,110.31061396017074,56.6,73.11872038198429,,,,,No,General,Favoured,General,Favoured
1084,5HEX,B,LYS,621,69.85340249834994,-41.76317860868763,160.7647017235292,115.99379361437573,62.0,-64.41887528426761,-164.9205453390487,-78.29339859696881,-76.332263653516,,No,General,Allowed,General,Allowed
1085,5HEX,B,PHE,623,-97.39334073835226,135.59928553876966,-140.7370038580427,112.55823668646131,63.26,-64.42972181967079,65.73679642055443,,,,No,General,Favoured,General,Favoured
1086,5HEX,B,LYS,624,-131.16448121029364,109.64595278234235,160.4730894903242,106.25259520121396,62.02,,,,,,No,General,Favoured,General,Favoured
1087,5HEX,B,ALA,625,-134.6773292437865,119.80477463959622,-179.2649870747148,108.3173934468842,68.39,,,,,,No,General,Favoured,General,Favoured
1088,5HEX,B,SER,626,-76.97489479324081,150.4902025907667,-170.0503885778531,111.50539374043728,71.0,33.942944171670185,,,,,No,General,Favoured,General,Favoured
1089,5HEX,B,CYS,628,-118.88703235745933,-61.99497993738799,-170.3573503710599,112.87903584675819,55.96,-75.17581699755235,,,,,No,General,Allowed,General,Allowed
1090,5HEX,B,GLU,629,-50.5567950978616,136.49408096292504,179.37151132202266,110.31788876551418,60.22,-88.67084466813759,154.2751976341286,-24.537504786015806,,,No,General,Favoured,General,Favoured
1091,5HEX,B,GLU,631,-114.63836061457371,154.5855284926375,179.7164303838829,110.02052256639303,53.36,-62.2141884779802,-64.81884234963829,-39.98706153365216,,,No,General,Favoured,General,Favoured
1092,5HEX,B,ASP,632,-66.65489162484536,133.83062463758984,177.61322966465073,110.14085134213816,50.48,-174.91813711599124,2.0933356184033096,,,,No,General,Favoured,General,Favoured
1093,5HEX,B,THR,635,-57.3108573543699,-55.29495181000684,173.75781158090567,111.12589265196632,51.86,-61.2471456051461,,,,,No,General,Favoured,General,Favoured
1094,5HEX,B,LEU,636,-49.68648037530658,-53.55426829524125,178.0522362280727,111.5138287385536,55.84,-93.67911622608327,40.33419705599002,,,,No,General,Favoured,General,Favoured
1095,5HEX,B,LEU,637,-58.660269740624955,-41.057832752543945,175.76324440745478,111.81163610286526,52.26,-175.57978910146528,59.56107188402074,,,,No,General,Favoured,General,Favoured
1096,5HEX,B,LYS,638,-69.7798592759436,-35.2155075310105,-177.99138755884374,111.23395209975621,55.57,-80.11156284570073,-168.24219185545596,-69.0034171270472,-175.6926007105226,,No,General,Favoured,General,Favoured
1097,5HEX,B,GLU,639,-63.15384152191187,-46.65763485339518,175.37433185645276,110.86462224039553,55.37,-71.88528430223113,-176.81953968199187,-9.01330211362605,,,No,General,Favoured,General,Favoured
1098,5HEX,B,ALA,640,-59.50703378047435,-22.813494067752117,176.209345952174,112.63800055349452,58.23,,,,,,No,General,Favoured,General,Favoured
1099,5HEX,B,HIS,642,-70.89202418224635,-29.23842536423938,178.64492896754834,112.1411786368835,74.34,-83.38033022003908,87.99799100230386,,,,No,General,Favoured,General,Favoured
1100,5HEX,B,ARG,643,-68.7801200259205,-28.994472050639825,-175.12074228140605,112.40419590187273,73.06,-63.68138896744447,-168.4830687953242,-65.2374005358857,-101.34623334190539,0.33284605894416136,No,General,Favoured,General,Favoured
1101,5HEX,B,ARG,644,-84.02767936453085,6.081575027042749,-165.43763926075437,113.86253253672243,76.41,-175.17236623647693,175.1346009172917,-172.03561254724363,77.65466106696557,0.5613379236550959,No,General,Favoured,General,Favoured
1102,5HEX,B,GLU,645,-94.68542540734119,102.88420363830632,-126.83533524287733,127.96683357528593,83.93,-161.87780608490257,58.168752918628165,-58.93445512184294,,,No,General,Favoured,General,Favoured
1103,5HEX,B,GLU,646,-136.0280308115557,97.23061961716944,121.13853002976178,106.25017617731953,84.53,51.288111564630356,-167.6944414611099,-8.377630579949852,,,No,General,Favoured,General,Favoured
1104,5HEX,B,PHE,647,-152.39436620791955,-42.133733918493,-170.6109457352835,113.64391287781007,84.33,166.61133507793147,75.14454751837351,,,,No,General,Allowed,General,Allowed
1105,5HEX,B,ASP,648,-37.095747495801696,145.84429549094105,-135.42922045920287,122.20629843768728,67.22,-147.11062436399436,-22.49893066158779,,,,No,General,Allowed,General,Allowed
1106,5HEX,B,LEU,649,-128.0131993599083,161.44286260019925,178.2781657368394,111.06089817652878,55.91,-35.34274830592158,160.10034644962204,,,,No,General,Favoured,General,Favoured
1107,5HEX,B,ASP,650,-110.30010447657185,109.61834791892167,177.69616195753872,109.80975066401294,48.47,171.3254251981117,28.201579626559685,,,,No,General,Favoured,General,Favoured
1108,5HEX,B,ALA,653,-131.43225252289747,147.66864811120865,-173.06907621026684,111.80500850009062,43.9,,,,,,No,General,Favoured,General,Favoured
1109,5HEX,B,ASN,656,-95.33419892508061,145.83950501428117,175.9788528290022,109.85752225962541,29.21,159.02563029105593,-81.7436628720561,,,,No,General,Favoured,General,Favoured
1110,5HEX,B,ASP,657,-62.286320627466665,-21.621667059860062,-169.23160785930258,113.055200974662,33.99,63.46173774471505,-11.240184119154332,,,,No,General,Favoured,General,Favoured
1111,5HEX,B,THR,658,-78.66123079811611,-32.27994897009967,176.84081527983827,111.88882900654073,30.28,72.58125218510436,,,,,No,General,Favoured,General,Favoured
1112,5HEX,B,THR,661,-62.48944043875045,-45.42483466332113,178.56803415106845,110.82678698806635,36.53,-76.13361811925056,,,,,No,General,Favoured,General,Favoured
1113,5HEX,B,MET,662,-58.70687766646263,-56.49148796036916,174.68597295629476,111.8042847443955,40.07,176.50808528257076,-171.49566045497966,81.58690562362688,,,No,General,Favoured,General,Favoured
1114,5HEX,B,MET,663,-56.108014383568275,-45.96891954166165,-178.9931906381293,111.35639731541133,41.66,-81.7756254082091,-70.56795806181456,-43.770598552651485,,,No,General,Favoured,General,Favoured
1115,5HEX,B,THR,664,-50.92744024009022,-40.79974464747685,176.37196565757145,111.28995762804118,42.44,-60.705608491089656,,,,,No,General,Favoured,General,Favoured
1116,5HEX,B,CYS,665,-66.73536101351684,-39.36037999854808,173.8221501109908,111.08862921380265,45.18,-172.79178280230468,,,,,No,General,Favoured,General,Favoured
1117,5HEX,B,PHE,667,-61.599373481827,-38.03071955716036,176.01519400101432,111.35337656124466,53.53,-85.69295634189073,47.72392413695166,,,,No,General,Favoured,General,Favoured
1118,5HEX,B,GLU,668,-74.6749768805317,-54.48120782821091,179.33595995411378,111.60269528979943,48.02,,,,,,No,General,Favoured,General,Favoured
1119,5HEX,B,HIS,671,-73.3006282077526,-4.174007672781196,179.7373389488795,113.40441256378303,60.36,-88.1374688548083,-93.94941433018714,,,,No,General,Favoured,General,Favoured
1120,5HEX,B,CYS,672,-87.43470126583108,108.81219669269095,-168.3603989514646,109.23532737044191,49.58,160.3553525248568,,,,,No,General,Favoured,General,Favoured
1121,5HEX,B,GLU,673,-108.5814587183016,7.175255726069361,175.99425860896042,113.57545592392778,47.56,-57.214090200100074,-163.34652516892635,41.15126566707993,,,No,General,Favoured,General,Favoured
1122,5HEX,B,LEU,676,-148.5607954736307,138.60445494621976,-170.59553236716349,108.83599400803625,32.23,172.13101268927784,71.5218694408575,,,,No,General,Favoured,General,Favoured
1123,5HEX,B,THR,680,-59.98604008838806,-14.083910530660651,172.0025711295723,112.28464480281338,25.35,67.3830753541027,,,,,No,General,Favoured,General,Favoured
1124,5HEX,B,SER,682,-139.74987920576578,139.2727477547182,-177.88696930863202,112.11090968039254,26.27,172.46798769512745,,,,,No,General,Favoured,General,Favoured
1125,5HEX,B,ASN,683,-159.9988795928672,163.45855416715136,-179.94722906282243,107.78753234832527,30.7,-178.4753187351881,27.716028118555915,,,,No,General,Favoured,General,Favoured
1126,5HEX,B,ALA,684,-149.44948773207273,150.56776296334814,-176.72158530119,111.121936284001,31.98,,,,,,No,General,Favoured,General,Favoured
1127,5HEX,B,CYS,685,-142.11543666389005,145.80767610151221,177.2733854866227,110.24206563685621,33.34,64.72189845470793,,,,,No,General,Favoured,General,Favoured
1128,5HEX,B,TYR,686,-141.77701552947923,164.70673797341533,172.59291162172084,111.45005034352413,38.56,61.27833652211711,-68.94120088590816,,,,No,General,Favoured,General,Favoured
1129,5HEX,B,MET,687,-79.05474965821482,120.84447889354985,176.31603319359598,108.94372678258844,36.19,-64.54020739183268,-51.67105955920183,-69.85560136962089,,,No,General,Favoured,General,Favoured
1130,5HEX,B,GLU,688,-110.93218633460926,156.89260707548556,-175.04427763849574,108.34829334452242,35.13,176.72862544223224,63.15120336187606,65.80612371485307,,,No,General,Favoured,General,Favoured
1131,5HEX,B,GLU,689,-73.01833002917347,128.98495796801777,175.3951039896906,109.57839322078708,36.32,-73.34932607756573,-22.271863275395937,74.78903859946368,,,No,General,Favoured,General,Favoured
1132,5HEX,B,MET,690,-51.465836874648915,-26.37581299679687,179.16543903282914,113.08329025337864,35.9,-95.77725445810937,-58.29327472531176,-76.0171131886218,,,No,General,Favoured,General,Favoured
1133,5HEX,B,ARG,691,-76.03039126785707,-28.402349796138417,-178.3828836801998,112.52987719495268,37.14,55.791203781514604,-178.52657117498728,-45.48808212912379,173.17902662749307,0.2123630274018229,No,General,Favoured,General,Favoured
1134,5HEX,B,ASN,692,-82.08780808034764,-16.972382055935878,175.77926831719222,113.03928746362521,38.89,-65.38656173564766,123.8989197699197,,,,No,General,Favoured,General,Favoured
1135,5HEX,B,GLU,694,-84.925633815139,-20.83484182350813,179.489454271401,112.77676772964047,30.07,-59.76425663100249,177.87167860672417,0.459467197468738,,,No,General,Favoured,General,Favoured
1136,5HEX,B,LEU,695,-66.93216939435268,-7.0367462718025084,177.7902671650519,113.05038085151399,30.47,-96.29454142923699,63.3480507373822,,,,No,General,Favoured,General,Favoured
1137,5HEX,B,GLU,697,-68.87235668120724,141.26168755337363,-171.27379299193882,110.61157262139173,42.76,-108.49463888524234,-178.49034944170978,,,,No,General,Favoured,General,Favoured
1138,5HEX,B,GLU,699,-108.89889684816639,3.4087182199162456,-168.36776236692913,114.0832492255013,38.06,-54.43437615925889,-176.5665100780031,8.259881288993888,,,No,General,Favoured,General,Favoured
1139,5HEX,B,GLU,700,-104.07061532018,143.4617378669985,-176.22539587404648,109.29229723690113,47.81,,,,,,No,General,Favoured,General,Favoured
1140,5HEX,B,ARG,702,-129.92072919075957,157.05419335843618,177.8451522632529,109.9032107390245,41.87,-75.81892851038411,-163.3453792939516,-85.10553326567376,-98.9995395109523,0.42455693202411626,No,General,Favoured,General,Favoured
1141,5HEX,B,MET,703,-140.97333885167112,136.52419582745375,173.21849567969178,109.5357832985995,39.95,178.54352168443208,170.10714708874903,-63.24098553718631,,,No,General,Favoured,General,Favoured
1142,5HEX,B,CYS,704,-70.72897051854505,145.39600844834422,176.80969015787375,109.7811633247554,37.93,-171.00401697088196,,,,,No,General,Favoured,General,Favoured
1143,5HEX,B,ASN,706,-91.93208232123051,105.87410359442943,178.33476875931814,105.80238386022971,36.67,172.66734823374543,55.76150138996868,,,,No,General,Favoured,General,Favoured
1144,5HEX,B,MET,707,-66.63602557330297,-32.646688746136256,-165.39359619577138,111.4082572658031,28.65,-72.8418380665533,-172.3107526778892,62.746738857616435,,,No,General,Favoured,General,Favoured
1145,5HEX,B,GLU,708,40.74712582514518,63.268006049393286,-157.53604171228267,109.15100931253613,32.1,-68.94696621450849,-59.235942608784505,-24.138031278369894,,,No,General,Allowed,General,Allowed
1146,5HEX,B,TRP,709,-83.0780142607622,-7.665743717784785,-172.03977619054683,112.64921175570849,29.38,83.5462025500694,-9.5991303373709,,,,No,General,Favoured,General,Favoured
1147,5HEX,B,ALA,711,-82.66921129251536,-7.6486723521085995,-177.45392397070913,113.23721057351504,25.24,,,,,,No,General,Favoured,General,Favoured
1148,5HEX,B,PHE,712,-50.097345092509876,128.80015762293095,175.73230178116427,109.92773114426133,26.62,176.0553222402973,53.297307157668406,,,,No,General,Favoured,General,Favoured
1149,5HEX,B,ASP,714,-62.596509529659045,-18.78262742116935,178.70450071100979,112.25416659426422,25.72,-68.18366722536527,-11.48578651937623,,,,No,General,Favoured,General,Favoured
1150,5HEX,B,ASN,715,-89.16615784851109,7.877877431041436,174.36047423962452,112.5370327485552,31.44,63.08264442392301,-20.200025416779628,,,,No,General,Favoured,General,Favoured
1151,5HEX,B,CYS,717,-77.32732112679861,-6.4943034155200055,-169.86644156588338,113.06957753324315,34.36,73.56569819866267,,,,,No,General,Favoured,General,Favoured
1152,5HEX,B,LEU,718,-99.58134455336558,0.9950752228524983,166.7841489276631,112.96829628769343,38.34,-67.70201561371752,174.2273256429949,,,,No,General,Favoured,General,Favoured
1153,5HEX,B,ASP,719,-55.6431786826543,-30.35322959915785,-165.69070099856486,113.06632083641713,36.85,-86.4143867648526,4.6305079002908895,,,,No,General,Favoured,General,Favoured
1154,5HEX,B,ASP,720,-94.40346343626429,3.5267371758617236,-178.33689818976063,113.53825125182092,48.16,61.18632028419546,29.286157468491588,,,,No,General,Favoured,General,Favoured
1155,5HEX,B,PHE,721,-101.71058945353984,3.267909706562232,160.8408793959772,114.12524303181542,39.19,-58.54686425886821,-76.25457909398239,,,,No,General,Favoured,General,Favoured
1156,5HEX,B,ARG,722,-104.4308535964715,142.91398599222074,-173.30221218190266,110.72922808239487,36.02,-49.7281372656057,-176.01629955574842,80.50085820115233,-146.76875356422025,-179.77962528775052,No,General,Favoured,General,Favoured
1157,5HEX,B,THR,723,-96.76308932699312,173.65221680431418,-178.08807592788037,111.60702646782528,31.84,70.84521940317069,,,,,No,General,Favoured,General,Favoured
1158,5HEX,B,GLU,724,-61.61483426652121,-30.172635839877955,172.74595011283844,110.6883832412402,27.33,59.98452301341315,176.00704919333253,-26.68435638832128,,,No,General,Favoured,General,Favoured
1159,5HEX,B,PHE,725,-65.52445779494256,-40.79196207520758,175.03667724467203,111.75465047894157,24.4,-49.78838518053449,-61.5479854641747,,,,No,General,Favoured,General,Favoured
1160,5HEX,B,ASP,726,-62.503020714085146,-44.37617402417722,173.62069116833177,111.05275187468504,24.49,-65.10500556970652,-62.56100944694463,,,,No,General,Favoured,General,Favoured
1161,5HEX,B,ALA,728,-55.76263586479706,-51.175468863209346,177.28011719717023,111.34444709956416,22.86,,,,,,No,General,Favoured,General,Favoured
1162,5HEX,B,ASP,730,-71.1239546008277,-49.357394603995644,-176.56239402811264,111.04340153943753,32.01,-165.08439490167223,9.586123283039884,,,,No,General,Favoured,General,Favoured
1163,5HEX,B,GLU,731,-65.69883956553691,-28.572850330093818,-170.51725238324687,112.09615656437713,30.58,-62.26717812752175,-173.03980566341514,-4.868473984131968,,,No,General,Favoured,General,Favoured
1164,5HEX,B,LEU,732,-97.25534036564103,5.2154020752556915,178.859278543971,113.64718793155177,35.1,-50.207282185961276,174.58878705635263,,,,No,General,Favoured,General,Favoured
1165,5HEX,B,SER,733,-73.10810711946766,163.0069250900189,174.63658975296906,111.28068950811381,37.06,58.997429147011516,,,,,No,General,Favoured,General,Favoured
1166,5HEX,B,LEU,734,-53.15456101294147,-37.88272821734462,174.4615119421275,111.93442723340364,30.59,-77.42142801941297,-167.55312423769152,,,,No,General,Favoured,General,Favoured
1167,5HEX,B,LYS,738,-123.17742280506559,154.37611771025684,177.43497115391267,110.57571231209201,31.46,-60.92720508028332,-170.90780796501213,172.52000055441806,-47.18698518311273,,No,General,Favoured,General,Favoured
1168,5HEX,B,GLN,739,56.972838270099835,41.941479590033005,178.00995916933186,110.96797457765142,24.98,-61.89654269578084,-70.02805928106494,110.00795999784583,,,No,General,Favoured,General,Favoured
1169,5HEX,B,ARG,740,-65.40229004877352,-41.30564881891866,-174.9173394209445,111.53444123824708,29.03,-74.0123471849271,177.3048668606273,-178.87426219452243,-179.39434105654996,0.4292732663382484,No,General,Favoured,General,Favoured
1170,5HEX,B,PHE,741,-60.94301768500301,-44.627887654915874,177.35482621662226,110.88473039864998,27.7,-169.722204934029,54.68313786589652,,,,No,General,Favoured,General,Favoured
1171,5HEX,B,GLU,742,-54.25505364896644,-42.63102202131188,175.6362957302843,110.70365715964554,25.51,-154.28608472235464,178.09324887310464,36.655530918268454,,,No,General,Favoured,General,Favoured
1172,5HEX,B,LYS,743,-68.44973001346986,-19.73804796990133,-176.69137463619927,113.32404432608284,24.57,-69.07712792376122,173.80676609850252,-174.77220537664778,176.9229102821683,,No,General,Favoured,General,Favoured
1173,5HEX,B,MET,744,-86.49872901172516,-33.796436774660044,175.47948778309203,113.5890711859198,24.13,-57.09347869362986,-176.49137291723534,72.68903582929462,,,No,General,Favoured,General,Favoured
1174,5HEX,B,SER,746,-161.51070050066207,174.8413654293617,-172.4698227461962,111.82731329532993,21.63,71.95293318576422,,,,,No,General,Favoured,General,Favoured
1175,5HEX,B,MET,748,-51.84875495679386,-34.05973793053708,169.84057136157298,110.76075892968704,25.28,179.18804520628962,-130.4632522076023,43.74026046517535,,,No,General,Favoured,General,Favoured
1176,5HEX,B,TYR,749,-59.80365018582952,-35.10308815180879,-168.8713380755875,112.92273044708907,24.39,-49.45697328207918,-81.11329317771677,,,,No,General,Favoured,General,Favoured
1177,5HEX,B,LEU,750,-56.565423381904495,-54.22820135146422,-179.72146718217894,111.21908251357007,21.21,-63.56839288177963,-175.34030221225854,,,,No,General,Favoured,General,Favoured
1178,5HEX,B,GLU,752,-72.43002049802327,-37.232439871454,179.99801079081834,111.4064710594865,23.37,-87.05352127595556,-72.37615742197791,-65.4602425156535,,,No,General,Favoured,General,Favoured
1179,5HEX,B,ARG,755,-66.80014657520056,-38.42378819928153,-175.0784978059464,111.07491816818927,19.66,-175.2133216651413,179.67384868174494,63.5740950183685,96.3511053529043,0.7620859289995416,No,General,Favoured,General,Favoured
1180,5HEX,B,ASN,756,-65.08159809810782,-34.53271827853796,179.48940277440838,111.40493920385552,22.76,-86.48202412339852,-86.96245482520543,,,,No,General,Favoured,General,Favoured
1181,5HEX,B,LEU,758,-60.2033328361239,-38.70807578294875,178.9704422165905,111.06877513008733,20.17,-53.51524250537365,-171.625184031534,,,,No,General,Favoured,General,Favoured
1182,5HEX,B,ASP,760,-63.63514838965071,-45.032326297124186,-178.2037065747858,111.58804497380534,28.17,-170.78190738085092,61.42729030691984,,,,No,General,Favoured,General,Favoured
1183,5HEX,B,PHE,761,-57.24906687983996,-49.45235725105414,175.1347977632586,110.54517644619135,24.66,-73.55374127553328,-2.8216460776723773,,,,No,General,Favoured,General,Favoured
1184,5HEX,B,THR,762,-61.076316074764314,-42.60534773605823,-176.5440855439883,111.15593362913111,28.59,-55.08750035092642,,,,,No,General,Favoured,General,Favoured
1185,5HEX,B,LYS,763,-59.063025531448616,-34.04825282873182,177.19258012763802,111.88000506054026,28.82,-166.0041019497542,-168.3283033957248,-47.42669889183883,-59.103520258155406,,No,General,Favoured,General,Favoured
1186,5HEX,B,ARG,764,-93.27039352249996,7.709541285728632,-176.4812577668369,113.1597915671605,24.91,-67.04081645067495,-163.27788361494453,-73.41592865852974,146.46972655520804,-0.4506105562382217,No,General,Favoured,General,Favoured
1187,5HEX,B,LEU,766,-92.73939491959052,-4.5528273848669505,-167.59007661170017,114.36728899026704,25.88,-46.785097825772716,179.05388627588863,,,,No,General,Favoured,General,Favoured
1188,5HEX,B,LEU,767,-157.2843068664735,152.4698694076323,-178.20697166523706,107.9977217312856,20.63,177.03894403915814,63.86190593728103,,,,No,General,Favoured,General,Favoured
1189,5HEX,B,PHE,768,57.88637104908214,23.996657131189277,176.06861024104447,111.99710539626149,24.44,-65.49830999822088,-37.92722117414943,,,,No,General,Favoured,General,Favoured
1190,5HEX,B,ARG,769,49.417389048011216,41.33280720513079,179.30817729653808,110.81413483793202,42.52,-78.25207096265885,-137.52993704246396,,,,No,General,Favoured,General,Favoured
1191,5HEX,B,ARG,771,-98.96259300717661,115.94394421913937,-175.79252331352174,110.01998003758496,33.17,,,,,,No,General,Favoured,General,Favoured
1192,5HEX,B,SER,773,-76.3522364076117,151.22316013132678,179.47631646563048,111.12788633866136,31.14,55.81092482562131,,,,,No,General,Favoured,General,Favoured
1193,5HEX,B,GLU,774,-51.30907677487687,-51.237400656479096,169.26940348807418,111.0968372375203,28.53,-144.72713416795162,57.63347322291544,14.752915109283643,,,No,General,Favoured,General,Favoured
1194,5HEX,B,ARG,775,-55.424564098375654,-39.19766159032936,-177.21189250128378,111.97545046348472,22.29,-175.95347223669722,64.16416642722157,-169.12392040153605,151.26978242356589,-0.5146368378770078,No,General,Favoured,General,Favoured
1195,5HEX,B,LEU,776,-65.31682706364981,-17.599561204852588,177.42576673570355,112.2998353705877,23.15,178.48754049012783,66.10426832300975,,,,No,General,Favoured,General,Favoured
1196,5HEX,B,LYS,777,-87.69555033001556,6.058174836706349,178.7315164852355,112.60078387721175,23.2,-57.45628582172286,-169.73620188965376,-167.53623462523402,166.8788471279092,,No,General,Favoured,General,Favoured
1197,5HEX,B,THR,778,-87.71996033348572,119.64370362854274,-176.20088579431382,109.00672949122846,23.35,-51.67842839226537,,,,,No,General,Favoured,General,Favoured
1198,5HEX,B,ARG,779,-54.84763511311053,147.53419569736158,177.45606156052415,110.24955291158689,23.78,-76.10575298045302,-171.68520717266358,81.79868628338272,-117.03071017398021,0.7855469626948269,No,General,Favoured,General,Favoured
1199,5HEX,B,PHE,782,-90.04107464421769,95.05516178968857,-178.65947484696113,106.76591579446021,21.94,-78.70778971436584,-88.92804985362758,,,,No,General,Favoured,General,Favoured
1200,5HEX,B,GLU,783,-83.72460260856917,149.7449220247162,-177.55442345328137,108.54041631009073,23.4,-64.45532636667112,-174.1721843574578,-16.835053339479234,,,No,General,Favoured,General,Favoured
1201,5HEX,B,THR,784,-53.322018046363,-34.85290279059768,-173.29995303704231,111.87114724159775,25.24,-54.720625469522204,,,,,No,General,Favoured,General,Favoured
1202,5HEX,B,LYS,785,-66.12734458513144,-33.13228966420265,-179.50282868374632,111.63407053506174,23.65,61.153490328678984,166.07591952955184,163.4780058026207,-176.34523579981536,,No,General,Favoured,General,Favoured
1203,5HEX,B,PHE,786,-68.20368069402097,-42.81774480793309,174.81918725832978,111.21965531467116,27.54,-64.05977857013916,-40.03528653006297,,,,No,General,Favoured,General,Favoured
1204,5HEX,B,LEU,787,-55.12525207264938,-38.76418737583352,172.18806748875969,111.41517297098784,26.94,-58.92987307179433,-165.1673129560795,,,,No,General,Favoured,General,Favoured
1205,5HEX,B,SER,788,-72.65489298970806,-38.18889099360798,-179.01347406369848,110.54498319825491,28.05,-59.27969234447914,,,,,No,General,Favoured,General,Favoured
1206,5HEX,B,GLN,789,-70.94925983365326,-44.69318782793743,-177.9248917651796,110.63810360763266,30.25,-161.12921046935796,165.7827595875081,-23.014785617208222,,,No,General,Favoured,General,Favoured
1207,5HEX,B,GLU,791,-68.26128863606567,-26.7951344794215,-177.4936649704699,111.69378627100754,31.48,173.93440992656727,155.06718707193986,-19.451543249563247,,,No,General,Favoured,General,Favoured
1208,5HEX,B,SER,792,-75.13962930924035,-17.618550974642073,176.42261764210568,112.65561551793543,32.46,178.11302857384226,,,,,No,General,Favoured,General,Favoured
1209,5HEX,B,ASP,793,-71.98899112515723,160.43884480776717,-173.44294096224988,109.51963828885049,30.52,-158.7935859252326,1.737511293931806,,,,No,General,Favoured,General,Favoured
1210,5HEX,B,CYS,794,-150.9057828829845,-168.08230071177536,-177.53229640133313,108.8129160417253,32.62,60.991646841071876,,,,,No,General,Favoured,General,Favoured
1211,5HEX,B,LEU,795,50.85737496616185,-114.6902158420077,-177.57342999102642,112.22097629218345,33.97,-65.01629627358224,178.9534335470013,,,,No,General,Allowed,General,Allowed
1212,5HEX,B,ALA,796,-88.4357916900727,1.0878674475963126,-172.27373945282906,114.03566028594949,24.9,,,,,,No,General,Favoured,General,Favoured
1213,5HEX,B,LEU,797,64.57562753735006,32.75380162769978,179.13495975797727,112.42533587478147,28.71,-61.409565864332585,-168.20470790612302,,,,No,General,Favoured,General,Favoured
1214,5HEX,B,LEU,798,-66.14171110262551,-30.812152797502716,-178.79545399408414,112.39155540310459,27.2,-61.623511432971156,-175.29752361392056,,,,No,General,Favoured,General,Favoured
1215,5HEX,B,GLN,799,-72.42398623560229,-42.428932195211296,179.9909221126831,110.89318425749103,26.84,-44.36741194904201,-159.61992678076408,14.937175339203128,,,No,General,Favoured,General,Favoured
1216,5HEX,B,ARG,801,-53.04132943105826,-46.00179489083668,178.7804753461307,111.23761185878188,22.3,-66.31657955132162,179.84278444367882,71.10983959069392,-167.56693893862473,0.04442487649659294,No,General,Favoured,General,Favoured
1217,5HEX,B,ALA,802,-62.77788529681972,-40.837045146770436,179.2758333733451,111.14483012668633,18.76,,,,,,No,General,Favoured,General,Favoured
1218,5HEX,B,LEU,804,-66.28267749097395,-41.86175794272369,177.4585558574032,111.44984006427279,22.51,-66.98451333060461,160.93650712553992,,,,No,General,Favoured,General,Favoured
1219,5HEX,B,GLN,805,-63.30114741294905,-41.51511020157036,175.30167820407618,110.37130040840022,23.4,-168.5100233975533,,,,,No,General,Favoured,General,Favoured
1220,5HEX,B,HIS,806,-61.78534181672194,-39.408324515283326,-179.16514733213958,111.00048517500174,25.38,176.41447316066376,-104.76726543757992,,,,No,General,Favoured,General,Favoured
1221,5HEX,B,LEU,807,-72.20159356072885,-5.410167001960459,176.73726092714435,112.1452635619998,24.46,-83.78101594707455,34.67247559260979,,,,No,General,Favoured,General,Favoured
1222,5HEX,B,LEU,809,-121.19269432979279,153.9807404072434,-179.73698800685935,110.18468965486652,27.12,-56.16781489056636,-177.10005184870272,,,,No,General,Favoured,General,Favoured
1223,5HEX,B,GLU,810,-71.44241441106627,121.66180717322246,-175.49999297074544,109.60332492430099,32.77,,,,,,No,General,Favoured,General,Favoured
1224,5HEX,B,SER,811,-119.7456060304128,84.47688045853235,-170.27818100010873,112.36007656689742,33.71,57.482595921276065,,,,,No,General,Favoured,General,Favoured
1225,5HEX,B,THR,812,-87.92574031697127,157.36000592778313,171.53297242800159,110.09361138443397,26.61,68.05914598582548,,,,,No,General,Favoured,General,Favoured
1226,5HEX,B,CYS,813,-47.793087806101454,-44.3599635607526,171.38391747297155,111.46467466293964,27.11,-54.874905797432675,,,,,No,General,Favoured,General,Favoured
1227,5HEX,B,ASP,814,-69.0514821907457,-43.60230340383317,-178.28058949426472,111.26863249671293,25.97,-70.77377843211457,3.7330321613437403,,,,No,General,Favoured,General,Favoured
1228,5HEX,B,ASP,815,-52.77278055987073,-47.34650984337879,173.70503110790713,111.45521175284014,27.13,-71.25832027205061,-34.83880834296428,,,,No,General,Favoured,General,Favoured
1229,5HEX,B,SER,816,-64.18500013307995,-29.88716415558194,-171.67262989893348,111.72413727933551,25.59,91.26973207837364,,,,,No,General,Favoured,General,Favoured
1230,5HEX,B,LYS,820,-62.39191708403866,-43.532078276993595,-179.9363881292736,111.56487237686717,21.04,178.24247500461976,155.43448430311327,-177.98427311692723,-85.0940167064436,,No,General,Favoured,General,Favoured
1231,5HEX,B,GLU,821,-68.71730191057102,-35.67287994354122,-177.39826211509785,111.31270359408587,27.79,-145.55629182797517,52.257032341547635,-165.69434328928946,,,No,General,Favoured,General,Favoured
1232,5HEX,B,CYS,823,-52.72961536737428,-45.969703657252595,175.22976041266926,111.65782817336435,21.42,-71.55553335200848,,,,,No,General,Favoured,General,Favoured
1233,5HEX,B,THR,824,-65.42595567453692,-31.429912386990633,-176.52415626816165,111.36500426861087,25.49,-57.85661588783711,,,,,No,General,Favoured,General,Favoured
1234,5HEX,B,ALA,827,-68.55564421607673,-32.78379692444698,-179.38520043784712,110.76043892642669,20.78,,,,,,No,General,Favoured,General,Favoured
1235,5HEX,B,ARG,828,-65.12100612052484,-53.19827228030836,176.87346422964995,110.72292312376764,27.35,-177.42432323516633,172.2003865050869,-174.8349643681484,78.89387787265304,0.6871786096330961,No,General,Favoured,General,Favoured
1236,5HEX,B,ARG,829,-52.146108485365815,-39.576312216311756,177.23573773480692,110.82570161060893,25.75,-169.6242357587254,-173.16756188684514,64.15056746254113,168.95977750347754,-1.3773583127957236,No,General,Favoured,General,Favoured
1237,5HEX,B,ALA,830,-63.82112195607292,-46.54085348270792,-178.2312544886028,110.64973416173335,23.73,,,,,,No,General,Favoured,General,Favoured
1238,5HEX,B,ALA,831,-66.64355518659808,-31.932228779210018,179.82171691010856,111.24415034065605,28.57,,,,,,No,General,Favoured,General,Favoured
1239,5HEX,B,GLN,832,-78.00077792731052,-38.44473181681428,-179.61673026402033,111.266389771697,27.54,-63.01538140139438,176.6746750531863,-40.70907058935851,,,No,General,Favoured,General,Favoured
1240,5HEX,B,LEU,833,-63.55784049887706,-41.935878244011334,173.71531940238282,110.68394826557014,26.43,-74.21679138012962,177.17286964586532,,,,No,General,Favoured,General,Favoured
1241,5HEX,B,CYS,834,-60.25141165779583,-40.38854881254779,174.606627397218,110.47891441562888,29.25,-174.66701177464503,,,,,No,General,Favoured,General,Favoured
1242,5HEX,B,ALA,836,-56.201095360988276,-40.42110462737548,176.1451819938707,111.07308640782439,26.73,,,,,,No,General,Favoured,General,Favoured
1243,5HEX,B,MET,838,-62.598624807960505,-21.598957476300345,174.4453055090561,111.84777506205673,34.18,-170.9416237501156,62.15269187417589,65.23209971703184,,,No,General,Favoured,General,Favoured
1244,5HEX,B,ALA,839,-67.34510461029791,-50.12247489011951,173.16027744359715,110.61595893429853,36.2,,,,,,No,General,Favoured,General,Favoured
1245,5HEX,B,ALA,840,-57.3608062097179,-32.206825285217796,176.31949605509442,112.06221570477763,36.09,,,,,,No,General,Favoured,General,Favoured
1246,5HEX,B,ASP,843,-73.70975091101359,-31.3962658899083,179.12251195660787,112.24039367407823,44.18,-108.74257699798235,9.031869239228003,,,,No,General,Favoured,General,Favoured
1247,5HEX,B,ARG,844,-67.07130804166027,-48.388288312281816,176.64845531760733,110.62506249341168,49.03,-171.88215971065503,176.49783438061382,170.99768569864798,86.23046610158667,-1.7276067997808675,No,General,Favoured,General,Favoured
1248,5HEX,B,ARG,846,-62.30226852932379,-53.150469341954924,178.64381600974212,110.99792019070347,45.55,-173.00303453407008,-171.9844269709118,61.540276867535525,78.7769161431447,-0.06645530758697962,No,General,Favoured,General,Favoured
1249,5HEX,B,GLU,847,-63.941258333982915,-43.02670842300635,-177.86723050259238,111.76661907141964,47.37,-61.648823392260454,-175.16545657249085,7.583950725847721,,,No,General,Favoured,General,Favoured
1250,5HEX,B,ASN,848,-47.195518497549784,-43.84561215050236,176.76259096592844,111.1064714177986,47.06,-80.38636885368919,-18.968029989987887,,,,No,General,Favoured,General,Favoured
1251,5HEX,B,ARG,849,-89.90469734358523,6.578270890547697,-173.49879236869782,113.27296854823804,50.89,-59.79711925835226,-173.77025659694914,-178.5637063823674,168.4305518507179,-0.15335207810894413,No,General,Favoured,General,Favoured
1252,5HEX,B,LEU,851,-79.92087997779028,152.7311634749897,177.76478977245156,110.91052062085559,49.42,-38.26297663638352,171.61382671754507,,,,No,General,Favoured,General,Favoured
1253,5HEX,B,ASP,852,-94.4247874153434,-11.157788396594334,170.1519133697752,112.0016873991949,55.22,-170.92269044671187,16.488824700921587,,,,No,General,Favoured,General,Favoured
1254,5HEX,B,ALA,853,-147.47024633295246,147.42384550326307,171.58144496659202,107.98335249696915,47.49,,,,,,No,General,Favoured,General,Favoured
1255,5HEX,B,LEU,854,-138.00966644347398,136.74973364796872,-177.97834771411308,110.88805478934438,45.72,173.07623282259996,66.9335964268694,,,,No,General,Favoured,General,Favoured
1256,5HEX,B,LYS,855,-113.06073826158011,119.62605139866709,172.24878777625295,107.25142192977978,47.01,177.48922579500956,179.06667727322935,170.44915542953672,-69.99472743984555,,No,General,Favoured,General,Favoured
1257,5HEX,B,THR,857,-93.701663703303,147.4825555493703,173.2056596729261,109.75137994834692,41.6,-52.001869930768635,,,,,No,General,Favoured,General,Favoured
1258,5HEX,B,ASP,861,-136.7989513408355,178.73887162600025,173.3094268269005,108.776597029365,32.5,-160.16711002307696,-2.2621303640764694,,,,No,General,Favoured,General,Favoured
1259,5HEX,B,THR,863,-70.8167942780571,-47.63453514129389,-169.32332183420493,111.32174024066893,30.65,49.276426288266656,,,,,No,General,Favoured,General,Favoured
1260,5HEX,B,LEU,864,-56.102855991551436,-53.31334440038333,174.89538901782015,110.58924980452568,29.64,-179.57186881407742,67.73955227250141,,,,No,General,Favoured,General,Favoured
1261,5HEX,B,TYR,865,-54.60928512240121,-46.90277421977982,-178.939865965948,112.06076015186578,30.36,-175.54067944423463,84.15213194876266,,,,No,General,Favoured,General,Favoured
1262,5HEX,B,LYS,866,-77.0231106044137,-44.84130014324515,-177.95680507973927,113.60088927263794,34.39,-71.517091656166,-169.16155722901522,-178.918382066471,179.91025450127972,,No,General,Favoured,General,Favoured
1263,5HEX,B,LEU,867,-86.03218735081411,-28.083762050087024,-172.34058614548135,115.2947192115819,30.09,-60.330653821278304,179.6106959235923,,,,No,General,Favoured,General,Favoured
1264,5HEX,B,HIS,870,-108.98761275777231,-12.083182689622102,-171.14514852437875,116.4778084213933,31.6,-53.458746480730134,149.3205334512701,,,,No,General,Favoured,General,Favoured
1265,5HEX,B,PHE,871,-54.59985419309351,-54.68423952256513,-168.4701527907413,110.5373100600549,27.67,-175.73706901007967,-76.45607693576987,,,,No,General,Favoured,General,Favoured
1266,5HEX,B,ALA,872,-59.51382554101016,-53.93972182225645,-175.65705580766044,111.78094006476148,29.25,,,,,,No,General,Favoured,General,Favoured
1267,5HEX,B,LYS,873,-53.01611909707421,-46.87374088024961,178.49960656864587,111.55383212443584,30.53,172.9484405011977,,,,,No,General,Favoured,General,Favoured
1268,5HEX,B,MET,875,-72.62141435919243,-48.07119248132397,179.9090192035627,111.25162525604637,30.58,-177.950588649141,-157.78634162652372,59.87480178009418,,,No,General,Favoured,General,Favoured
1269,5HEX,B,HIS,876,-51.14392218980645,-45.140710217298604,176.36203743433387,110.63293209394259,31.49,-50.95833866869736,165.65498796846757,,,,No,General,Favoured,General,Favoured
1270,5HEX,B,GLU,877,-62.67895150652031,-34.43895449040194,178.39774169335644,111.63888064057583,39.24,-62.38045042838171,168.97711519126202,-1.4087756155867925,,,No,General,Favoured,General,Favoured
1271,5HEX,B,THR,878,-71.22331037533105,-37.490989021020624,-178.02154198045878,110.97382215565943,38.99,-62.522011824891464,,,,,No,General,Favoured,General,Favoured
1272,5HEX,B,LYS,880,-66.24921129151669,-29.753283696168822,178.1140244484959,111.65123108502594,41.29,178.06022150264985,152.51307915550473,-174.65448226519348,,,No,General,Favoured,General,Favoured
1273,5HEX,B,ASP,881,-79.09315868888793,-40.787530506549786,179.6454283787199,112.1735287185962,36.6,-177.64866783991377,45.20357943949785,,,,No,General,Favoured,General,Favoured
1274,5HEX,B,LEU,882,-85.46118012666525,-20.257357254156524,-174.94797861768245,114.31308381799383,39.05,-64.8472230231317,171.204876651545,,,,No,General,Favoured,General,Favoured
1275,5HEX,B,LYS,885,-66.4161231899599,-6.648047552525189,179.1228075213061,113.00906457541977,46.33,-57.450484928310196,175.3037232044923,-176.13114210094588,175.85539161075585,,No,General,Favoured,General,Favoured
1276,5HEX,B,CYS,886,-105.18401020288793,141.30601436272462,177.65806723815592,110.45641792435475,43.97,-61.207827867453446,,,,,No,General,Favoured,General,Favoured
1277,5HEX,B,ASP,887,-115.1975813770064,105.94514467359976,174.42693191543412,107.10237582320866,40.39,175.8618099178055,66.93785971939133,,,,No,General,Favoured,General,Favoured
1278,5HEX,B,SER,889,-110.09948929157301,131.95316192990794,177.4649478006318,108.8065254785114,34.33,-55.7441963502335,,,,,No,General,Favoured,General,Favoured
1279,5HEX,B,PHE,890,-108.74217938965494,141.82502911026546,178.22919835909735,109.24098998073408,37.14,-60.61804623073249,82.60905631565228,,,,No,General,Favoured,General,Favoured
1280,5HEX,B,LEU,891,-139.9658717835652,125.66565292430492,-174.28864889412975,107.97959365516675,41.11,-106.97344099605121,74.13694875213133,,,,No,General,Favoured,General,Favoured
1281,5HEX,B,GLN,892,-68.13868070814353,130.14492396984895,177.31139601922035,109.53491947502071,43.36,-59.42515954997791,-167.01190389662997,2.8477955184487835,,,No,General,Favoured,General,Favoured
1282,5HEX,B,SER,893,-119.34705669572524,148.0992963702966,166.40997158624472,108.5970719617204,51.28,-53.892325608410765,,,,,No,General,Favoured,General,Favoured
1283,5HEX,B,GLU,894,-108.97837669054513,152.8509366374828,177.10803225761023,109.3419808677091,54.0,-49.75197904198955,70.64028099901945,159.89223794249887,,,No,General,Favoured,General,Favoured
1284,5HEX,B,ASP,895,63.09935301313338,51.55219375456885,156.99409021346284,112.93906469235898,45.18,-161.79485536400995,20.59324978297784,,,,No,General,Favoured,General,Favoured
1285,5HEX,B,SER,897,-64.20861076004051,-11.5148743128689,176.90701369684075,112.64238343274327,51.87,76.73217589012792,,,,,No,General,Favoured,General,Favoured
1286,5HEX,B,LYS,899,-46.41040996001438,-24.7142278433217,175.20117488323135,112.28805272019137,49.24,78.32415191842856,-167.29485863985605,-171.3802998386413,91.94680350394472,,No,General,Allowed,General,Allowed
1287,5HEX,B,ALA,901,-64.52160897116482,-43.403009490357434,-179.1859017838459,110.60817264217168,38.48,,,,,,No,General,Favoured,General,Favoured
1288,5HEX,B,ALA,902,-56.948144055571554,-51.49749757991215,176.7155241028022,111.01386984726562,43.68,,,,,,No,General,Favoured,General,Favoured
1289,5HEX,B,LEU,903,-66.53211190288945,-24.668218593430865,-173.39545571600593,112.20334143252457,45.3,-54.75145964676624,174.54621439856842,,,,No,General,Favoured,General,Favoured
1290,5HEX,B,THR,905,-65.31907046203698,-35.58163953454572,179.34736418146534,110.82610498337365,54.03,72.85425912878877,,,,,No,General,Favoured,General,Favoured
1291,5HEX,B,ALA,906,-57.391531242880454,-47.17085801815818,175.72096939330802,110.60344247674628,51.83,,,,,,No,General,Favoured,General,Favoured
1292,5HEX,B,ALA,908,-65.49136041323823,-38.32480891271771,174.78030630604567,111.01806500679106,58.39,,,,,,No,General,Favoured,General,Favoured
1293,5HEX,B,CYS,909,-75.22307716816529,-37.08164460140712,-177.2205333126739,112.19912427337768,64.16,-74.67018308639217,,,,,No,General,Favoured,General,Favoured
1294,5HEX,B,ARG,910,-60.486103316064444,-44.5453752680221,177.66249115502274,111.12226177382374,69.14,140.3638435621903,-174.0945723607443,98.0573967507367,84.10865215951267,-2.8185718575450625,No,General,Favoured,General,Favoured
1295,5HEX,B,ARG,912,-63.335660632644924,-21.37102387707128,-177.0387582485258,112.2349020890886,72.34,-142.84737586460048,162.7137230323109,55.21279375264821,171.6139136337586,-1.186645363505382,No,General,Favoured,General,Favoured
1296,HXK3,A,ASP,2,-60.63814342505142,-43.11240386884299,179.16863843046116,105.21642400675657,69.23,-171.3364010331653,-38.89628570158889,,,,No,General,Favoured,General,Favoured
1297,HXK3,A,SER,3,-76.05099967085236,171.63776392547325,177.53853051085082,105.77901183466054,82.48,65.0418647334012,,,,,No,General,Favoured,General,Favoured
1298,HXK3,A,SER,6,-141.97842563241787,164.52589921068434,179.20027140238602,106.77976045448904,143.14,64.51929392912248,,,,,No,General,Favoured,General,Favoured
1299,HXK3,A,SER,7,-74.2583690082534,152.20966080323882,178.8308490413914,106.7150464601807,156.12,-64.15373565382869,,,,,No,General,Favoured,General,Favoured
1300,HXK3,A,LEU,9,-118.89331181464534,133.39749130776661,178.9234141324778,107.21847842464751,275.29,179.87700954342085,63.48889040217046,,,,No,General,Favoured,General,Favoured
1301,HXK3,A,ARG,10,-78.21447418129843,141.75185002817844,178.26661488797532,106.51552951847346,306.69,179.99170750656603,67.37465903323509,175.98169155959653,167.31462758416885,-0.840913504677432,No,General,Favoured,General,Favoured
1302,HXK3,A,GLN,11,-122.15628412812396,151.55595555471004,179.85317303884005,107.25874326042421,227.52,-65.50007614628836,-179.9900132526788,-2.722029185964351,,,No,General,Favoured,General,Favoured
1303,HXK3,A,GLU,13,-114.57627901051983,141.22324742697822,-179.85567823848373,107.16449468162546,311.24,-173.4460430848364,75.5108957671071,15.407978399293675,,,No,General,Favoured,General,Favoured
1304,HXK3,A,GLU,14,-132.30478385732667,167.13099587929892,179.38126139386247,107.19771010009474,277.2,-69.94270434797822,-65.72777115772956,2.394079417747216,,,No,General,Favoured,General,Favoured
1305,HXK3,A,THR,15,-73.33284599932995,158.23560683410088,-179.94267804739002,106.8847335031938,256.35,63.005430275304406,,,,,No,General,Favoured,General,Favoured
1306,HXK3,A,LEU,16,-67.52093564302268,139.2273566631634,179.91185822867533,105.41095508029817,292.68,-176.40450534250712,-67.71646541826361,,,,No,General,Favoured,General,Favoured
1307,HXK3,A,SER,17,-122.3089402094074,150.0939773982327,-179.80984321942674,106.85816113082532,141.94,63.60752342961743,,,,,No,General,Favoured,General,Favoured
1308,HXK3,A,CYS,18,-112.07303157902132,140.30791213820044,179.56445006946774,107.31306867193435,87.35,-179.8737430582159,,,,,No,General,Favoured,General,Favoured
1309,HXK3,A,SER,19,-124.9352868710679,149.2594842236798,178.10109468275726,105.92704908453292,181.4,-179.91336917108134,,,,,No,General,Favoured,General,Favoured
1310,HXK3,A,GLU,20,-72.12395973264219,138.2866530606586,-179.27918576939183,107.7772146887687,258.43,-70.08167112314806,72.88542672787322,16.981075082328072,,,No,General,Favoured,General,Favoured
1311,HXK3,A,GLU,21,-131.97557877205148,141.9675682781297,177.76208141788143,105.36284578891816,317.39,-177.7419728705818,-80.64056070946289,-44.04102739042766,,,No,General,Favoured,General,Favoured
1312,HXK3,A,SER,27,-72.12749510483559,150.66528049361423,-177.62989064982406,108.3618854757599,117.34,65.4464640791362,,,,,No,General,Favoured,General,Favoured
1313,HXK3,A,ASP,28,-93.74337071811301,69.15081071305923,177.14435016084425,103.0260909751456,159.41,-68.30757800448853,-14.631287256129966,,,,No,General,Favoured,General,Favoured
1314,HXK3,A,SER,29,-67.58485151910509,-28.586774649887225,-176.73652763855887,108.92019013816794,42.47,65.25056012533953,,,,,No,General,Favoured,General,Favoured
1315,HXK3,A,SER,30,-62.757579322514516,-46.36070062988752,-179.52099858515243,108.30117133278245,65.92,-63.20641954300656,,,,,No,General,Favoured,General,Favoured
1316,HXK3,A,GLU,31,-63.19463363182236,-41.124529504929605,-176.8933468555587,109.03972870036814,55.46,-68.25415321087719,-80.43616358898815,-6.769832156193978,,,No,General,Favoured,General,Favoured
1317,HXK3,A,LEU,32,-62.73394049442103,-43.3644646107313,-176.53022558078456,108.17337573842676,111.06,-173.72560434135497,-69.00860039144277,,,,No,General,Favoured,General,Favoured
1318,HXK3,A,GLN,34,-61.14271139420801,-43.17960945133877,-175.84706620041524,109.45088244585138,84.67,-179.84260630850036,179.96003043103278,174.44828302365323,,,No,General,Favoured,General,Favoured
1319,HXK3,A,GLU,35,-64.56130628225614,-41.66866553118361,-178.4265368544995,109.6617275227832,100.06,-73.94680172680084,-62.11883269131611,-15.81922866416554,,,No,General,Favoured,General,Favoured
1320,HXK3,A,CYS,36,-65.6799243685061,-45.130147271555444,-176.59830081935772,110.8773686132846,52.88,179.97961285099302,,,,,No,General,Favoured,General,Favoured
1321,HXK3,A,LEU,37,-77.51909316044134,-1.9529719356805633,-178.4964657659943,114.26214934628692,148.18,-75.18496278390421,-74.03014473206672,,,,No,General,Favoured,General,Favoured
1322,HXK3,A,GLN,38,-47.42956680221024,-36.89448167996992,-167.68521512839425,113.11242009315289,69.44,-177.45636590906858,179.95939079589238,-151.92084455692745,,,No,General,Favoured,General,Favoured
1323,HXK3,A,GLN,39,-61.716220047780716,-29.839705544977758,-178.60178980448214,110.1877793290458,95.42,-64.48425384289237,-73.07298534581399,39.37185602678076,,,No,General,Favoured,General,Favoured
1324,HXK3,A,PHE,40,-74.19320157296359,-19.479360119395935,-178.6563102990642,113.23671021382327,96.47,-61.55345862178929,82.78363861489804,,,,No,General,Favoured,General,Favoured
1325,HXK3,A,LYS,41,-94.00758113356382,119.96408173922119,179.61288906755956,106.59285893437715,110.98,-59.05348497859309,-66.34552706092866,-179.98600319054717,177.41198168688842,,No,General,Favoured,General,Favoured
1326,HXK3,A,THR,43,-78.10996733760652,163.16638853183525,179.70265804067262,107.34094318062778,96.19,62.186037619905086,,,,,No,General,Favoured,General,Favoured
1327,HXK3,A,ARG,44,-60.07494726107172,-36.288268491628315,-179.09654109955227,106.95182706564862,90.86,174.95427319221562,-172.5083272306803,173.4229079495795,-162.85112671632274,0.05550438131871447,No,General,Favoured,General,Favoured
1328,HXK3,A,ALA,45,-61.32640839663057,-44.884562679845246,-178.31680201531702,108.97580682486435,23.04,,,,,,No,General,Favoured,General,Favoured
1329,HXK3,A,GLN,46,-63.27805865102533,-39.8112780896903,-177.56455566197468,108.35920145467716,65.19,-64.38390536268614,-70.08210121523257,-19.372959876904325,,,No,General,Favoured,General,Favoured
1330,HXK3,A,LEU,47,-63.481186700196865,-41.525330044108316,-176.45428014539587,109.7316622184006,42.11,-63.88506094245866,-176.48298364428436,,,,No,General,Favoured,General,Favoured
1331,HXK3,A,GLN,48,-66.83162328529849,-37.89698407890999,179.97729548787242,108.29539243237522,116.9,-177.76937802572127,-80.75671671009316,-17.79132927053872,,,No,General,Favoured,General,Favoured
1332,HXK3,A,GLN,49,-62.948010422889794,-45.82515837699797,-178.56466848925035,107.90833855512214,35.41,-62.141129588142626,174.90531643926735,-37.20215042421849,,,No,General,Favoured,General,Favoured
1333,HXK3,A,GLN,51,-62.96425010513004,-38.74752801075522,-178.33650473042192,108.89732391598635,83.3,69.39661729336099,-179.1996453918159,64.35389433506583,,,No,General,Favoured,General,Favoured
1334,HXK3,A,ALA,52,-62.53232796405217,-39.982254022166046,-179.7270170536496,108.78690266642492,22.21,,,,,,No,General,Favoured,General,Favoured
1335,HXK3,A,SER,53,-62.502867640980064,-42.24976035014396,-178.22599483370965,109.39019814689155,62.74,179.96485507140682,,,,,No,General,Favoured,General,Favoured
1336,HXK3,A,LEU,54,-62.622518209736,-36.94571441913709,-177.83869879758618,107.82575076684262,96.78,-176.96250527799677,-70.55628372178805,,,,No,General,Favoured,General,Favoured
1337,HXK3,A,LEU,55,-58.98523580092329,-40.57185699229618,-177.7030139982541,107.54749954576856,76.81,-176.69729761038266,-69.9327912546609,,,,No,General,Favoured,General,Favoured
1338,HXK3,A,SER,57,-62.86385585642844,-38.550658404510465,-177.5080979323579,109.00530416305604,71.74,-64.53505543266813,,,,,No,General,Favoured,General,Favoured
1339,HXK3,A,MET,58,-60.296654785425005,-42.70242481626417,-178.68736962670044,108.25013952117885,99.95,-165.52697981728983,178.7938495697214,-63.37742955663877,,,No,General,Favoured,General,Favoured
1340,HXK3,A,GLU,59,-68.98554375878633,-36.84931463211324,-179.16921615516833,110.10832193860934,87.74,65.43409256520368,177.87955599228815,34.85568932983106,,,No,General,Favoured,General,Favoured
1341,HXK3,A,GLN,60,-62.97747648387516,-43.759976457486225,-175.6535551150107,110.17846841430645,33.17,-65.00533469663137,-179.90193576696373,-17.347425067715346,,,No,General,Favoured,General,Favoured
1342,HXK3,A,ALA,61,-62.57361446269165,-43.472999700215915,-177.78312161243795,110.64048011399005,60.14,,,,,,No,General,Favoured,General,Favoured
1343,HXK3,A,LEU,62,-68.96436273846953,-38.65432858631644,-175.38981317378335,111.81867515139722,60.64,-68.2976939472026,179.9462034955475,,,,No,General,Favoured,General,Favoured
1344,HXK3,A,ARG,63,-72.26339587330236,145.78055205434018,-174.06040159084034,110.93609362926512,97.48,-62.464312817723645,-165.7650933575468,82.40621185171447,-158.81723750127207,1.3798304923945255,No,General,Favoured,General,Favoured
1345,HXK3,A,GLN,65,-66.78672274759363,-42.365614568476424,-176.11254892882877,108.34815105176496,83.39,64.79157913171498,179.97260266742617,-123.25578018155001,,,No,General,Favoured,General,Favoured
1346,HXK3,A,ALA,66,-66.71173673368455,-36.22986354317054,-177.83865001552795,111.80172396715392,63.89,,,,,,No,General,Favoured,General,Favoured
1347,HXK3,A,ALA,71,-67.3199436521705,-38.52224495263241,-177.7295149199658,111.92839037271148,57.24,,,,,,No,General,Favoured,General,Favoured
1348,HXK3,A,ARG,73,-68.49833837641926,-38.778684487691294,-172.9518456550035,113.27673958933447,139.87,-66.43280788079625,175.02112300225397,67.54452890474622,88.37050089193691,-0.2078292798607327,No,General,Favoured,General,Favoured
1349,HXK3,A,MET,74,49.102090023988,60.109367059125475,-176.8881559545162,110.94555499994044,150.48,-62.58113196802887,-158.8779935863719,69.88088932423223,,,No,General,Favoured,General,Favoured
1350,HXK3,A,THR,77,-85.62374904475628,-25.080652378822656,178.37960401679467,113.46136072114012,84.02,66.03736605940779,,,,,No,General,Favoured,General,Favoured
1351,HXK3,A,TYR,78,72.77456507393458,11.130804100243864,-176.136262657476,111.25651318418964,86.39,-66.50607873724157,-80.345248035657,,,,No,General,Favoured,General,Favoured
1352,HXK3,A,SER,81,-150.20898889376963,158.3672161917899,-173.49733416861505,109.65247186943893,53.63,177.2767180280249,,,,,No,General,Favoured,General,Favoured
1353,HXK3,A,HIS,84,-86.45684908126611,-20.60007415008736,175.5909802026104,113.84239585320978,97.77,-78.01974101402165,-82.95324745857715,,,,No,General,Favoured,General,Favoured
1354,HXK3,A,THR,86,-80.38122992587394,-14.172238453383672,179.5808150195462,112.54578312631416,84.57,63.392644527995664,,,,,No,General,Favoured,General,Favoured
1355,HXK3,A,GLU,87,-53.724005707596156,146.0412109294818,-174.07152946591629,111.52637046655919,101.7,-69.31188499249014,76.85465213000161,9.382649368317846,,,No,General,Favoured,General,Favoured
1356,HXK3,A,GLN,88,-156.212814003316,150.95984948651017,177.79007439648464,109.34442729772442,110.09,-179.9682365565983,179.97733207265776,177.23142191101635,,,No,General,Favoured,General,Favoured
1357,HXK3,A,ASP,90,-115.30852310789132,133.6992717637729,177.40213387910703,106.57903766863782,43.78,-67.87559931829018,-4.3348907138713,,,,No,General,Favoured,General,Favoured
1358,HXK3,A,PHE,91,-139.15584633988308,152.3233405553392,-175.10607818989283,109.95651688507805,59.29,-54.26908233114843,83.40411838669722,,,,No,General,Favoured,General,Favoured
1359,HXK3,A,LEU,94,-131.9868193782315,134.7133475739268,176.95722019204968,106.14313843370968,69.62,-58.967141083963426,-179.96004987577157,,,,No,General,Favoured,General,Favoured
1360,HXK3,A,GLU,95,-117.46460949735135,120.68659988913089,174.65327520991838,105.224107028216,98.71,59.7046443483401,179.9272016200053,48.20312713860384,,,No,General,Favoured,General,Favoured
1361,HXK3,A,LEU,96,-114.58870676786438,88.86246515886008,-174.44402781138578,110.05098066303304,111.25,-179.5982846089649,68.40763962175622,,,,No,General,Favoured,General,Favoured
1362,HXK3,A,ALA,98,64.60179297275444,-140.25216972116925,179.91650951270069,106.09031824225144,197.08,,,,,,No,General,Allowed,General,Allowed
1363,HXK3,A,THR,99,-59.73336674174216,-41.94020322136484,178.91103990019045,108.39671954192829,116.08,-173.50289306522166,,,,,No,General,Favoured,General,Favoured
1364,HXK3,A,ALA,101,142.3180936333086,-147.22665005250175,-176.9525306312384,101.93832323526476,172.5,,,,,,No,General,Disallowed,General,Disallowed
1365,HXK3,A,SER,102,-69.99700404167552,152.61311364740206,176.68589904870618,107.76608801599062,69.07,63.295580484047456,,,,,No,General,Favoured,General,Favoured
1366,HXK3,A,LEU,103,-139.77252282574116,159.02530034021544,179.90258264382538,107.48307753968761,111.97,66.42070438044944,-179.8631248111741,,,,No,General,Favoured,General,Favoured
1367,HXK3,A,ARG,104,-116.99027293739532,154.923338809049,179.72722921755644,109.04767240935054,90.26,-71.33441076904695,-178.18164613517777,-65.69700656341269,162.79278202978227,-1.4873855790316424,No,General,Favoured,General,Favoured
1368,HXK3,A,LEU,106,-122.00580757776959,149.40340860238712,-171.0151546643625,109.58011293865175,83.72,-48.65244022093718,173.56797127482292,,,,No,General,Favoured,General,Favoured
1369,HXK3,A,TRP,107,-119.54934395583437,126.3498210735164,172.8787830110758,105.07885230181463,69.52,174.72115452968706,76.53569551734911,,,,No,General,Favoured,General,Favoured
1370,HXK3,A,THR,109,-111.97341142882419,124.9149050765861,178.48998274559355,107.5313761580465,113.37,-170.56443157914654,,,,,No,General,Favoured,General,Favoured
1371,HXK3,A,LEU,110,-118.3436035609535,129.91812531675424,-177.256777111187,108.61193209580038,100.72,-63.66865949562071,64.14627222395036,,,,No,General,Favoured,General,Favoured
1372,HXK3,A,THR,111,-125.40683848613978,147.75950233944724,-178.79930614814546,108.23008221645959,35.23,-57.70114622440634,,,,,No,General,Favoured,General,Favoured
1373,HXK3,A,GLU,114,70.96753566385425,-1.4938275373861936,179.12840432445722,111.7426211878839,239.8,-174.17342938277955,176.93701921894692,-1.816591741363566,,,No,General,Favoured,General,Favoured
1374,HXK3,A,HIS,116,59.72232233971918,40.72271896673311,-174.21788373308078,108.24965250441454,54.63,-62.98502441582907,82.02605198237495,,,,No,General,Favoured,General,Favoured
1375,HXK3,A,ARG,117,-112.47084638754149,117.08552776598837,179.1441851577987,108.07538825622044,68.67,-179.9342940473856,179.9632165440207,177.00959335163176,163.70589685182821,-1.114720140572739,No,General,Favoured,General,Favoured
1376,HXK3,A,ARG,121,-154.5349370027218,143.02812012273532,170.35834330635072,102.97757866506532,112.04,-67.45024952266779,-80.15343020968335,179.91620993313683,172.6018288441275,-0.36343482193367266,No,General,Favoured,General,Favoured
1377,HXK3,A,SER,122,-150.86183302393107,159.4296729692991,-177.17495864047245,108.71502136478676,82.23,-52.29541417945279,,,,,No,General,Favoured,General,Favoured
1378,HXK3,A,GLN,123,-149.47637838876835,143.6474259696006,177.98868688227864,109.16958943119673,58.3,177.0887625045782,53.59560207781627,53.40217247368348,,,No,General,Favoured,General,Favoured
1379,HXK3,A,GLU,124,-106.37205118729189,137.04598229711456,-176.51734556292627,109.97648522349874,102.13,179.95553225446113,-166.27830275453638,-72.73717011079948,,,No,General,Favoured,General,Favoured
1380,HXK3,A,PHE,125,-130.7624801063345,155.16738322589492,178.58320193649234,107.1875672766536,56.22,-63.435971256681114,84.07199355907134,,,,No,General,Favoured,General,Favoured
1381,HXK3,A,GLN,129,-65.21854655358445,-38.699495399816314,-174.5734710075769,110.22814102904236,105.01,-179.45166362394184,179.24711797566502,0.49132971606497133,,,No,General,Favoured,General,Favoured
1382,HXK3,A,GLU,130,-55.90388689402557,134.37083916560633,-175.21827073476246,109.36141956353529,230.91,58.763940168309475,179.96370665718675,-53.18420207309469,,,No,General,Favoured,General,Favoured
1383,HXK3,A,MET,132,-58.998224372120426,-47.222654326426415,-176.35057482400754,108.80163698669917,101.97,-66.93324046177618,-67.08077981838044,-72.05607133011996,,,No,General,Favoured,General,Favoured
1384,HXK3,A,LEU,133,-66.67959056023186,-48.264922943386274,-178.24193941269826,108.86553390839504,141.41,-179.35951486346468,61.74735157534496,,,,No,General,Favoured,General,Favoured
1385,HXK3,A,ALA,135,-91.36251644858305,-178.7273083221852,174.361870925015,105.00005037878203,202.84,,,,,,No,General,Favoured,General,Favoured
1386,HXK3,A,GLN,137,-66.74359071169171,-39.067630750254835,-175.53214615860568,108.36866895324607,84.69,-179.2092523168822,178.88798914278763,3.717382808538942,,,No,General,Favoured,General,Favoured
1387,HXK3,A,GLN,138,-64.39445751076686,-37.40546670575871,-178.8580786439459,107.97499298393764,132.97,-57.39729167908459,-60.739576504292025,125.33608450168644,,,No,General,Favoured,General,Favoured
1388,HXK3,A,LEU,139,-63.55428683737906,-47.80950821628374,-174.49038175085278,110.87988723611937,118.5,-170.65882885492437,-68.7666985246184,,,,No,General,Favoured,General,Favoured
1389,HXK3,A,PHE,140,-68.92397982837416,-35.81550934578563,-178.1974281950198,110.2497391502853,72.03,-75.47500752582322,-77.21881088167883,,,,No,General,Favoured,General,Favoured
1390,HXK3,A,ASP,141,-58.202009128825274,-40.087158611240135,178.24221868689833,106.36502953878428,39.14,-70.72924524014796,-11.751938138121602,,,,No,General,Favoured,General,Favoured
1391,HXK3,A,PHE,142,-63.68775158095365,-42.661014897996566,179.55761471312047,108.84711207342838,44.48,179.95776778737533,80.90335988106314,,,,No,General,Favoured,General,Favoured
1392,HXK3,A,ALA,143,-64.52183120840603,-44.786999834828656,-177.02766032550252,111.26801306863774,40.2,,,,,,No,General,Favoured,General,Favoured
1393,HXK3,A,ALA,144,-63.60358492601987,-38.958044383771735,-177.86120141103677,108.98127503870096,33.61,,,,,,No,General,Favoured,General,Favoured
1394,HXK3,A,HIS,145,-63.16048267547937,-43.30164397338846,-178.6679782041765,110.3736175943611,70.67,-80.61573178902412,79.52456627238554,,,,No,General,Favoured,General,Favoured
1395,HXK3,A,CYS,146,-61.83691141979025,-44.45951346268671,-179.08870092889163,108.06553341484772,32.94,-63.192304210940726,,,,,No,General,Favoured,General,Favoured
1396,HXK3,A,LEU,147,-59.75117417914549,-39.02434668927236,-179.13524343054175,107.89209944813678,60.47,-179.86664291292564,60.13135839360761,,,,No,General,Favoured,General,Favoured
1397,HXK3,A,SER,148,-64.25145899271996,-45.05455368095378,-179.602631415963,109.31032129901706,71.49,179.90058996928295,,,,,No,General,Favoured,General,Favoured
1398,HXK3,A,GLU,149,-64.98454874596945,-38.754911261400515,-178.15293781356021,108.86259472052063,79.7,64.58283224397339,179.9632099205911,-60.586497874925776,,,No,General,Favoured,General,Favoured
1399,HXK3,A,PHE,150,-61.311530925283925,-44.989353921851404,-177.8205899387182,108.88019872788543,40.08,-177.9278202665716,82.6927839812928,,,,No,General,Favoured,General,Favoured
1400,HXK3,A,LEU,151,-65.26081375678326,-40.71332295201096,-179.72087970922976,110.67958627121122,85.91,-79.85603909829017,-71.94168187677515,,,,No,General,Favoured,General,Favoured
1401,HXK3,A,ASP,152,-64.41492944018614,-44.352125524908836,-179.06800621557312,109.40324384426232,34.09,-71.13900348381773,-6.602963197804062,,,,No,General,Favoured,General,Favoured
1402,HXK3,A,ALA,153,-61.64676036076947,-37.157559055718934,-177.6822931297596,108.15486869419989,41.81,,,,,,No,General,Favoured,General,Favoured
1403,HXK3,A,ASN,157,-48.218731444325854,-37.350907696943636,-163.7625374344892,112.70170538044339,101.66,-164.95825922179648,-8.47297159744997,,,,No,General,Favoured,General,Favoured
1404,HXK3,A,LYS,158,-62.86074958818644,-33.0172005205103,-178.05866818269695,111.01324547657092,110.11,-179.95463950867662,167.0546911578365,70.38225768640254,179.99902361733464,,No,General,Favoured,General,Favoured
1405,HXK3,A,GLN,159,-84.85917580128873,153.55403637217768,-174.24445989062485,112.9157930145007,102.28,64.36761582169633,-179.9549507243639,-41.54840448717184,,,No,General,Favoured,General,Favoured
1406,HXK3,A,LEU,161,-125.07131408268712,162.0504886846025,-174.36781636804355,109.94742065249393,57.01,-58.788827270921914,-179.80377181017184,,,,No,General,Favoured,General,Favoured
1407,HXK3,A,GLN,162,-71.37475009815299,154.60155761907308,178.30017454435574,108.30882998972723,73.79,-65.19955976391665,93.81558822359736,-63.40717356971813,,,No,General,Favoured,General,Favoured
1408,HXK3,A,LEU,163,-129.49157108892302,129.65305310705884,-178.96372126543355,108.80943393915909,124.32,-173.1018445917736,171.08273249865593,,,,No,General,Favoured,General,Favoured
1409,HXK3,A,PHE,165,-120.15370492009686,147.3235679144465,176.15961383160652,107.60279716424738,76.17,-80.59544505593448,67.94115355598257,,,,No,General,Favoured,General,Favoured
1410,HXK3,A,SER,166,-131.77401903565686,137.59653572468073,177.44180338897348,107.37923978300685,45.82,-61.243088036154425,,,,,No,General,Favoured,General,Favoured
1411,HXK3,A,PHE,167,-135.98163528079684,146.14984797858503,178.66715232225096,109.24296450341464,86.86,-67.50238463850869,-56.09757217768988,,,,No,General,Favoured,General,Favoured
1412,HXK3,A,SER,168,-81.52012269421003,0.3521744135919283,179.3393034232699,111.28441215881357,64.77,-63.9717039851841,,,,,No,General,Favoured,General,Favoured
1413,HXK3,A,CYS,171,-134.10387711867483,175.8857445601956,175.80757060108803,104.49706355236478,53.46,-59.1113937168905,,,,,No,General,Favoured,General,Favoured
1414,HXK3,A,HIS,172,-89.73635675530096,121.07818403150097,175.72645950805352,105.19921849054732,61.07,-175.78212572452537,68.16321171138601,,,,No,General,Favoured,General,Favoured
1415,HXK3,A,GLN,173,-136.60758053987817,116.35965363208541,-174.2935448425959,110.77898422887448,81.22,-177.92108686112527,172.83225726328243,-29.80836006932967,,,No,General,Favoured,General,Favoured
1416,HXK3,A,THR,174,-82.30597641239662,-30.878801407193627,175.9818781495366,112.52162204222789,68.19,63.79907356831483,,,,,No,General,Favoured,General,Favoured
1417,HXK3,A,LEU,176,-59.12991781807449,-42.03813910957998,-176.38232721508774,109.2228111600001,51.59,-73.3765037257146,-179.89013928044608,,,,No,General,Favoured,General,Favoured
1418,HXK3,A,ASP,177,-104.56392094753978,85.66972302549888,179.71929296899918,109.91751285018317,59.55,56.44735032773536,-10.314106778997985,,,,No,General,Favoured,General,Favoured
1419,HXK3,A,ARG,178,179.76719066323776,150.7539978027719,176.19192311552234,105.85014806418924,177.86,-72.93569903691173,-65.60228739428338,179.64632697878403,88.79971525780785,1.8709036476945988,No,General,Allowed,General,Allowed
1420,HXK3,A,SER,179,-171.20240826405959,136.1978826483183,171.41279948771464,106.00794654782385,65.89,-70.99597184881723,,,,,No,General,Allowed,General,Allowed
1421,HXK3,A,THR,180,-114.3038204528249,130.6124474565987,177.3382382461018,104.59214695326136,35.63,-58.76784701317422,,,,,No,General,Favoured,General,Favoured
1422,HXK3,A,LEU,181,-91.45825485722504,128.27170213731517,-177.3241136459813,107.30929478366848,67.73,-59.26079825167581,-167.44181117540188,,,,No,General,Favoured,General,Favoured
1423,HXK3,A,SER,183,-160.35537418919725,168.56402957155984,179.69665762764134,104.38130588601196,207.66,-63.55461849848896,,,,,No,General,Favoured,General,Favoured
1424,HXK3,A,TRP,184,-107.33450372867803,124.53026794202407,179.16313260065942,106.96590460393085,198.31,-66.57886442915304,103.53891271396157,,,,No,General,Favoured,General,Favoured
1425,HXK3,A,THR,185,-126.54433559889438,153.81609399319,-179.64960354763875,107.10671209796239,218.5,-59.00177830532749,,,,,No,General,Favoured,General,Favoured
1426,HXK3,A,LYS,186,-107.00507535287655,141.5875654438824,179.5906488698088,106.95041953100468,278.82,59.09470173517333,176.5366341400668,-67.92557169874453,-69.693866322816,,No,General,Favoured,General,Favoured
1427,HXK3,A,PHE,188,-64.01698761744842,-46.614930793827696,-179.5080158734084,108.72392090651856,58.43,-72.16171996465825,81.35544650212877,,,,No,General,Favoured,General,Favoured
1428,HXK3,A,ARG,189,-110.29647700971977,130.99074617871014,-177.4765328861725,107.75416150398067,212.16,-166.2183149613306,175.3727520124874,-177.39840898917006,159.43659502611453,0.3409724135007017,No,General,Favoured,General,Favoured
1429,HXK3,A,CYS,190,-63.62377863503324,-45.41228286785863,179.28799005093518,106.75453721391094,88.5,-64.67851482591281,,,,,No,General,Favoured,General,Favoured
1430,HXK3,A,SER,191,-78.66990205824241,156.46736201600802,-179.9630739107786,107.52984165030757,133.04,179.92076037979558,,,,,No,General,Favoured,General,Favoured
1431,HXK3,A,GLU,194,-139.15986329334464,165.3233678851225,179.3665858045645,106.82099932089115,199.65,-65.50882744941619,179.86357958489836,7.185340247818448,,,No,General,Favoured,General,Favoured
1432,HXK3,A,GLN,196,148.4334290210957,122.86205867703262,175.17646131116516,108.730073675085,87.29,-86.6587190191378,179.30723818686297,-48.04576991556546,,,No,General,Disallowed,General,Disallowed
1433,HXK3,A,ASP,197,-70.24465379738947,123.36832522557283,175.77709475897205,106.03656059374417,48.28,-179.957781993977,0.2463317254840354,,,,No,General,Favoured,General,Favoured
1434,HXK3,A,GLN,200,-61.28910541890606,-39.894500910828455,-175.38060201600337,108.29723110608056,68.14,-174.850871750448,74.41462293260528,2.7371517508737857,,,No,General,Favoured,General,Favoured
1435,HXK3,A,LEU,201,-63.64552555402182,-46.53579236077746,-176.80024488121572,110.46553567014195,45.82,-61.9899683001693,-179.52625780984144,,,,No,General,Favoured,General,Favoured
1436,HXK3,A,LEU,202,-65.93379591650125,-38.27860604566672,-177.92968118971547,109.08337129587443,83.8,179.93831453896354,63.747082725305056,,,,No,General,Favoured,General,Favoured
1437,HXK3,A,ARG,203,-67.40975826100366,-43.382373035421,-179.16835763457445,111.03546321412261,76.02,-74.33599871323568,179.96386470313115,169.8773319285496,150.5594728293083,-1.9324012664171972,No,General,Favoured,General,Favoured
1438,HXK3,A,ASP,204,-65.40042718589734,-38.888104715004204,-178.34908301236777,108.86443254317639,29.98,-69.77138140981356,-29.16603146850813,,,,No,General,Favoured,General,Favoured
1439,HXK3,A,ALA,205,-62.94250893974672,-38.89821373379956,-178.89108999917605,109.42601487791322,36.59,,,,,,No,General,Favoured,General,Favoured
1440,HXK3,A,ARG,207,-60.00120065767755,-39.85643995884672,-178.07607384594374,108.70266007086774,100.36,179.75842610563691,-174.53869038598637,53.10005986371264,154.42206113914077,-1.4389900775291702,No,General,Favoured,General,Favoured
1441,HXK3,A,ARG,208,-62.98677191756303,-40.20050808313653,-177.4559255199967,109.8300453076388,115.57,-179.65006830842856,162.8621715709509,35.58390079022032,-93.26940794582484,0.4466657037809486,No,General,Favoured,General,Favoured
1442,HXK3,A,GLN,209,-66.32318580167595,-53.265741731197465,-177.93565157100647,111.04717254087885,40.57,-62.85473303390047,179.60150825596287,-50.00042774276913,,,No,General,Favoured,General,Favoured
1443,HXK3,A,ALA,211,-66.03883815485005,-51.64878624721398,-177.3359209963365,112.3139805307661,46.81,,,,,,No,General,Favoured,General,Favoured
1444,HXK3,A,TYR,212,-136.39945872463022,173.7769567071722,-176.44836139992248,107.86728981528022,81.67,62.843954351406445,-70.53853360554328,,,,No,General,Favoured,General,Favoured
1445,HXK3,A,ASN,213,-128.85855077629517,161.32155969581788,177.96193335708156,106.69744759439865,52.98,-168.32164288309613,15.111556862544496,,,,No,General,Favoured,General,Favoured
1446,HXK3,A,ASP,215,-90.74050668632518,-155.79776564959604,-178.51169057023785,108.03477247060935,55.8,-161.285183861857,32.4258883350391,,,,No,General,Allowed,General,Allowed
1447,HXK3,A,ALA,218,-132.72541204557993,140.76141889215407,174.83730211621713,106.95266419281418,41.95,,,,,,No,General,Favoured,General,Favoured
1448,HXK3,A,ASN,221,-74.58472676761409,162.16336072832365,176.79877821748204,107.08418638302405,52.64,-177.0292397768044,-86.47079536117806,,,,No,General,Favoured,General,Favoured
1449,HXK3,A,ASP,222,-65.5541678858624,-36.554626708540894,-177.9101373402727,111.08501970414419,121.69,-70.93937732619467,-6.432719892193807,,,,No,General,Favoured,General,Favoured
1450,HXK3,A,THR,223,-62.054472261150174,-41.01840456148924,178.91512751432128,108.27960651445771,52.55,55.589045084620395,,,,,No,General,Favoured,General,Favoured
1451,HXK3,A,THR,226,-62.47844385940765,-47.73438937543594,-179.68370652163924,109.94144288437624,39.42,-59.00871724004208,,,,,No,General,Favoured,General,Favoured
1452,HXK3,A,MET,227,-59.175016237192686,-44.61044329306502,-178.60126981342322,108.12033359775982,95.95,-179.83198823391618,-161.46615024538568,-50.8949977294358,,,No,General,Favoured,General,Favoured
1453,HXK3,A,MET,228,-64.65768198707603,-41.69218458066125,-176.28398330563698,109.88720536951952,66.59,-64.17826136194984,-61.50436947365478,-75.25561162131515,,,No,General,Favoured,General,Favoured
1454,HXK3,A,CYS,230,-64.77622557353465,-36.01603501320461,-177.2987458127765,110.33669015616094,44.13,-70.63912071286144,,,,,No,General,Favoured,General,Favoured
1455,HXK3,A,CYS,237,-80.51201547641872,99.41038840991308,-173.87026689189983,112.35100539244766,68.31,-179.8674532808489,,,,,No,General,Favoured,General,Favoured
1456,HXK3,A,GLU,238,-93.6181065476543,-12.291315355628301,175.92325159427145,114.62169331056762,128.96,-62.05263230228556,-166.10858799886242,23.017926306403652,,,No,General,Favoured,General,Favoured
1457,HXK3,A,LEU,241,-138.45916553532746,136.6516582422806,-178.70810997334533,109.71541315198955,64.62,178.90515435001058,62.90501643226535,,,,No,General,Favoured,General,Favoured
1458,HXK3,A,ASP,244,-124.57302298251359,-143.50321373464982,-176.2733321482821,108.6144319033056,89.52,-159.96653968900583,-6.919918222624782,,,,No,General,Allowed,General,Allowed
1459,HXK3,A,THR,245,-61.92499076168458,-41.26654253492897,173.7928125405206,103.10677248696302,101.33,-58.06428273734919,,,,,No,General,Favoured,General,Favoured
1460,HXK3,A,THR,247,-145.063043373181,137.1937048325515,178.09075199437103,109.16449856263702,121.71,62.26045861762484,,,,,No,General,Favoured,General,Favoured
1461,HXK3,A,ASN,248,-159.92139550702817,164.10978022481294,-179.53708019584974,108.00692975522813,59.15,-168.19272285128258,12.48208717563235,,,,No,General,Favoured,General,Favoured
1462,HXK3,A,ALA,249,-154.14513111917546,152.99839870245788,177.8599622249628,109.42670851231581,43.01,,,,,,No,General,Favoured,General,Favoured
1463,HXK3,A,CYS,250,-131.8186226183791,161.54115697652915,179.18362445191826,108.35355995539211,106.48,-81.48487100686833,,,,,No,General,Favoured,General,Favoured
1464,HXK3,A,TYR,251,-155.2484187907503,162.7762867058904,175.22648939910837,109.38413256847248,87.22,66.70637213199154,-81.24083608187182,,,,No,General,Favoured,General,Favoured
1465,HXK3,A,MET,252,-79.1306229316862,138.69943816826893,176.40403955853435,107.03425175330517,56.55,-64.3304900387905,-59.93385959192258,-66.44050013966296,,,No,General,Favoured,General,Favoured
1466,HXK3,A,GLU,253,-135.87133089768096,154.38043791848705,-177.18211592821356,108.86988856019428,95.62,179.9662774988873,63.923789216576246,-66.6556474034906,,,No,General,Favoured,General,Favoured
1467,HXK3,A,GLU,254,-84.64521638893561,140.91263717083098,-177.98336334351416,110.0765352005065,66.84,-66.58509094235009,-179.92776057406283,-1.4738389785878971,,,No,General,Favoured,General,Favoured
1468,HXK3,A,ALA,255,-58.76436121914962,-29.711717485928986,-174.68288797830317,110.26860569988413,50.7,,,,,,No,General,Favoured,General,Favoured
1469,HXK3,A,ARG,256,-59.66487863117229,-34.89832311732065,-177.68072003755304,108.82874460791608,196.86,-53.365881021646956,179.57118341913383,-62.72111744242632,154.63034072256684,-0.5731341461358488,No,General,Favoured,General,Favoured
1470,HXK3,A,HIS,257,-75.97057165253486,-25.0591374148132,-178.65795873365778,113.23409409010517,86.41,-59.73583594069238,166.37594498580484,,,,No,General,Favoured,General,Favoured
1471,HXK3,A,ALA,259,-70.21348693855761,-38.0796694915263,179.70932489754625,111.8522148586649,42.47,,,,,,No,General,Favoured,General,Favoured
1472,HXK3,A,LEU,261,-111.82443755428463,134.70960809550039,-178.42806505556237,106.71834193173163,102.15,-162.70204740386697,-173.62075022357092,,,,No,General,Favoured,General,Favoured
1473,HXK3,A,ASP,262,-73.64390618021228,140.26323132314803,-178.99783497106253,109.04582160514998,80.97,-70.0077640055758,-8.495818732624597,,,,No,General,Favoured,General,Favoured
1474,HXK3,A,GLU,263,112.04380111713088,130.3616628981237,175.65232761578085,109.65229090954624,366.12,76.84027915275408,179.92450329042066,-15.908288196056397,,,No,General,Disallowed,General,Disallowed
1475,HXK3,A,ASP,264,-84.97148771679255,-16.01832559233032,178.13246316486973,113.45866837347072,122.61,-67.56401546192711,-11.46639270405403,,,,No,General,Favoured,General,Favoured
1476,HXK3,A,ARG,265,-94.51346171178375,139.92751464881687,-168.7910894592951,114.09752632889861,119.66,-67.22980896936043,169.6800983581607,-70.6881633293643,168.95122037167528,-0.9345268914746309,No,General,Favoured,General,Favoured
1477,HXK3,A,ARG,267,-129.26147467628212,163.3309005263159,-174.8323100487476,108.78449674889599,109.2,-53.70797090354364,179.89612783593194,76.04503865819467,-159.63284474702135,0.4967504673522359,No,General,Favoured,General,Favoured
1478,HXK3,A,CYS,269,-76.74965692802952,142.0269605014864,179.712908338946,107.92202790166958,39.4,-179.96377139256097,,,,,No,General,Favoured,General,Favoured
1479,HXK3,A,SER,271,-94.00036390283957,111.24411936085943,176.38568645726653,104.56493527112721,48.88,-179.99882434093604,,,,,No,General,Favoured,General,Favoured
1480,HXK3,A,GLU,273,56.786017924353786,52.5021398539852,-171.98657284101105,107.55281176127578,104.0,-66.03949100095441,-63.416189160595565,-16.172050665322317,,,No,General,Favoured,General,Favoured
1481,HXK3,A,TRP,274,-68.76956237519872,-15.815757380740244,-174.12322825895706,112.73891819944514,138.0,70.3704826466655,8.5431667247803,,,,No,General,Favoured,General,Favoured
1482,HXK3,A,SER,276,-72.74302677932891,-7.4090477058639586,-178.2738604065479,112.88377778346766,94.19,179.92259941399152,,,,,No,General,Favoured,General,Favoured
1483,HXK3,A,PHE,277,-54.4137186096019,135.1161619878128,179.96381829756984,107.72106759067674,107.93,176.61758356803617,61.041288286105406,,,,No,General,Favoured,General,Favoured
1484,HXK3,A,SER,278,78.29302946295162,10.036732407962521,178.66635177084822,113.7248096306154,83.4,-39.40183717715355,,,,,No,General,Favoured,General,Favoured
1485,HXK3,A,ASP,279,-63.126855349404934,-35.732500047104104,177.08299844015357,107.74311938785225,45.52,-75.90355712470593,-5.4638481985972955,,,,No,General,Favoured,General,Favoured
1486,HXK3,A,ASP,280,-71.1704876997902,-21.180451293628472,-179.54719349851518,111.81713312643446,71.37,60.198267815878765,-6.1857788265686535,,,,No,General,Favoured,General,Favoured
1487,HXK3,A,ALA,282,-59.07175103888231,-39.563699478356384,-175.95827537403824,111.20724807912823,54.98,,,,,,No,General,Favoured,General,Favoured
1488,HXK3,A,LEU,283,-79.96607407652198,-5.414476946335685,179.1175455108942,116.43802458975354,127.02,-83.11516658251944,-178.4200553029308,,,,No,General,Favoured,General,Favoured
1489,HXK3,A,LEU,287,-76.52547447773962,145.219166375398,-171.32674815710476,112.3981319855388,127.1,86.14156865627793,179.8674549780711,,,,No,General,Favoured,General,Favoured
1490,HXK3,A,THR,288,-103.2692028776425,-177.5730824054046,-175.57626328990563,110.2825136662087,43.82,62.08442943023087,,,,,No,General,Favoured,General,Favoured
1491,HXK3,A,THR,289,-64.50021280963361,-37.7069811599596,-179.41516224785022,108.50787086674124,93.87,-173.0373000806932,,,,,No,General,Favoured,General,Favoured
1492,HXK3,A,PHE,290,-61.909420632478096,-43.20460666765209,-178.6524306901033,107.14948126853513,44.6,-59.152300013056454,-78.36360297849052,,,,No,General,Favoured,General,Favoured
1493,HXK3,A,ASP,291,-61.545630134439065,-40.678645097935195,179.82129507836075,108.55509459093516,39.19,-69.42550976639876,-42.6485350443278,,,,No,General,Favoured,General,Favoured
1494,HXK3,A,HIS,292,-65.2693317116569,-41.011300604732185,-178.65045025806137,110.28138819764798,99.95,-71.1808233267553,95.21850946633528,,,,No,General,Favoured,General,Favoured
1495,HXK3,A,THR,293,-61.76697183000079,-43.96831685841153,-175.3127596667369,109.79431602507671,25.44,-58.70342530653776,,,,,No,General,Favoured,General,Favoured
1496,HXK3,A,LEU,294,-59.848060037976666,-40.153269237478945,-177.74697628781857,108.88603932184871,128.9,179.38841544700747,67.2610193495546,,,,No,General,Favoured,General,Favoured
1497,HXK3,A,ASP,295,-62.073570331206135,-43.49037469711427,-175.39184456226897,110.93570301554342,43.51,-169.52787526056667,16.20669859025916,,,,No,General,Favoured,General,Favoured
1498,HXK3,A,HIS,296,-66.56363461418265,-38.17115983929422,-176.91107799441838,110.30399971073433,39.02,-65.84558343356551,-82.9946923321304,,,,No,General,Favoured,General,Favoured
1499,HXK3,A,GLU,297,-70.11580316507063,-17.31303422079675,-176.7249617044877,112.48173749972544,106.8,-67.59325509267855,-63.37137006675344,-49.452889066242506,,,No,General,Favoured,General,Favoured
1500,HXK3,A,SER,298,-84.06784121075951,166.22738489717733,-173.0312393313612,113.38928440927181,68.01,71.1345267321745,,,,,No,General,Favoured,General,Favoured
1501,HXK3,A,LEU,299,-65.39777049424612,-39.202856557279574,179.42495301147073,108.62438881293957,82.72,-63.302803403498416,63.982407082880385,,,,No,General,Favoured,General,Favoured
1502,HXK3,A,ALA,303,-125.71379826977393,156.91051128435186,-178.63458364913947,108.7817908685251,37.92,,,,,,No,General,Favoured,General,Favoured
1503,HXK3,A,GLN,304,53.746874930484,43.04910335819047,177.4676446421026,110.59617690447304,61.41,-64.5548841823762,-65.92851443180132,60.8394817485593,,,No,General,Favoured,General,Favoured
1504,HXK3,A,ARG,305,-63.54752015607817,-41.567574724718696,-175.09581421457418,112.76163875083239,80.35,-83.02114317687563,-177.8373636369873,166.6683872671291,160.46323001860583,-3.9142994302288354,No,General,Favoured,General,Favoured
1505,HXK3,A,PHE,306,-65.56719491748552,-42.43054784163795,-178.1848159589186,109.28216262307042,64.69,179.98245854710683,70.63271783266936,,,,No,General,Favoured,General,Favoured
1506,HXK3,A,GLU,307,-62.76481954118844,-38.53546926422319,-178.84664088341697,108.627265357288,89.61,66.2157508151371,169.7527210712688,44.46201742887113,,,No,General,Favoured,General,Favoured
1507,HXK3,A,LYS,308,-60.7910270126164,-29.71395278681173,-177.10879710233448,109.92361116553808,104.98,-76.62071720861621,177.78433942728913,163.56142097754608,99.44486461844835,,No,General,Favoured,General,Favoured
1508,HXK3,A,MET,309,-74.34192809153438,-48.261165905368244,174.97482799310333,113.37486055165736,82.9,-68.92807051550277,179.5548445837973,-82.84831834946304,,,No,General,Favoured,General,Favoured
1509,HXK3,A,LEU,313,-58.33151686436329,-51.65378960033307,-171.66442943334297,109.88364459942372,115.48,-170.27427916018635,179.9511920791008,,,,No,General,Favoured,General,Favoured
1510,HXK3,A,TYR,314,-80.0243711676918,-19.631088187363193,-177.64011891476522,114.96607593572881,109.09,-59.14244640807605,-72.6029933313902,,,,No,General,Favoured,General,Favoured
1511,HXK3,A,LEU,315,-58.65337717555967,-51.463042471827485,-167.45180495521032,113.0786294414667,121.32,-172.8052368288234,-70.70291716551019,,,,No,General,Favoured,General,Favoured
1512,HXK3,A,GLU,317,-60.78332137240704,-38.08658624266337,-178.12429601389155,109.36177056166463,74.39,177.40547564152084,66.01351195426112,-11.12820219692173,,,No,General,Favoured,General,Favoured
1513,HXK3,A,LEU,318,-60.9586811315798,-38.11288901197632,-178.3058490842487,109.08581390115069,61.56,-179.9824643045408,64.44098469525524,,,,No,General,Favoured,General,Favoured
1514,HXK3,A,ARG,320,-61.29441223786228,-43.16415536855935,-176.9510210577194,109.5791295947755,117.85,-179.90478542838179,-179.7986680512312,68.20420265798569,85.39142115711978,0.9279755309934392,No,General,Favoured,General,Favoured
1515,HXK3,A,LEU,321,-60.8697743627075,-36.49845023194498,-175.33003601538033,109.01053961578154,52.49,-63.494727658816,-179.8716733629429,,,,No,General,Favoured,General,Favoured
1516,HXK3,A,LEU,323,-64.80581523668441,-43.16501541451352,-179.24142561066455,110.678166153583,104.83,-74.77838499678938,66.80986978583887,,,,No,General,Favoured,General,Favoured
1517,HXK3,A,ALA,324,-60.40569118218074,-43.19968309558701,-177.0828361845235,109.12670140332088,40.54,,,,,,No,General,Favoured,General,Favoured
1518,HXK3,A,HIS,325,-64.99058007228817,-49.671085017016985,-176.8193902062352,111.38214333143861,44.05,179.95947439455892,78.23382291543291,,,,No,General,Favoured,General,Favoured
1519,HXK3,A,LEU,326,-62.779648819108125,-38.24182021796017,-177.3651382137948,109.11774022978742,84.67,-77.02204892568699,-71.01683698595647,,,,No,General,Favoured,General,Favoured
1520,HXK3,A,ALA,327,-63.64851944596424,-41.675456877716854,-179.73928160949535,109.24953967206667,39.29,,,,,,No,General,Favoured,General,Favoured
1521,HXK3,A,ARG,328,-60.89877622913139,-35.47428344501058,-177.172746902829,107.56184675278524,172.67,-170.19692693794954,64.01952856515584,48.54566799103793,174.64617688729768,-1.2899861329322782,No,General,Favoured,General,Favoured
1522,HXK3,A,CYS,329,-68.42763125867299,-30.221244253938575,177.77023503809068,109.43362203486004,87.45,-179.88465123123058,,,,,No,General,Favoured,General,Favoured
1523,HXK3,A,LEU,332,-136.70396729049813,152.92341906699963,-178.32868235097618,111.06588339579902,84.69,-68.71370703353037,179.9819970819954,,,,No,General,Favoured,General,Favoured
1524,HXK3,A,PHE,333,61.79012353439858,19.548424687034988,173.7537478074191,109.70709897523021,139.26,-52.1241444562354,-60.73680433914104,,,,No,General,Favoured,General,Favoured
1525,HXK3,A,CYS,336,-52.28433272330552,147.18044084440436,-174.902233687098,113.88106941958678,119.71,179.95613747220798,,,,,No,General,Favoured,General,Favoured
1526,HXK3,A,THR,337,-138.25365677502495,163.52640791538775,178.4949608682406,107.72066296095734,107.16,-169.42928785053635,,,,,No,General,Favoured,General,Favoured
1527,HXK3,A,ALA,340,-66.75064805399475,-37.56021081350305,-178.21480210416257,110.87113601388124,38.6,,,,,,No,General,Favoured,General,Favoured
1528,HXK3,A,LEU,341,-62.52866110597008,-37.852962824388264,-175.7036180976361,108.78061454002635,123.15,-166.99450662357341,-60.73041148232004,,,,No,General,Favoured,General,Favoured
1529,HXK3,A,LEU,342,-72.03510179970021,-26.68208418216273,-178.95975343119898,112.98637679225327,117.55,-68.9420489402,-67.28623772143258,,,,No,General,Favoured,General,Favoured
1530,HXK3,A,SER,343,-76.06731655154412,144.82648946904695,-177.06211108313286,109.82886683752105,80.9,-179.9793280633879,,,,,No,General,Favoured,General,Favoured
1531,HXK3,A,GLN,344,-80.78975575175083,145.61486152377216,-177.77408089646707,109.91172228312604,44.12,-67.25086032662148,-179.98239468322672,135.58287196358222,,,No,General,Favoured,General,Favoured
1532,HXK3,A,SER,346,-67.44073842907576,-33.846108523094294,-177.26639643420793,110.42807937787077,38.0,-63.558085709831396,,,,,No,General,Favoured,General,Favoured
1533,HXK3,A,LEU,348,-110.20144431124028,162.98213362985766,-171.23000858679518,111.77592046061696,89.63,-63.72657459357319,-64.98685520368842,,,,No,General,Favoured,General,Favoured
1534,HXK3,A,LEU,349,-62.459054834631246,-35.662045740147,179.96814199891404,107.07183624016405,97.15,-179.42015622425615,-72.0123149387399,,,,No,General,Favoured,General,Favoured
1535,HXK3,A,GLU,350,-59.56542990028665,-36.3796896784861,-178.51668523506532,108.16869989766593,68.75,-173.68444557822943,179.87421827989297,11.96259200173183,,,No,General,Favoured,General,Favoured
1536,HXK3,A,HIS,351,-63.73580473568652,-35.83672754329002,-178.48530429106012,109.84098867759185,78.87,-65.36347137281426,84.16846682582545,,,,No,General,Favoured,General,Favoured
1537,HXK3,A,ALA,353,-60.128339516418876,-40.308376042742736,-176.77857833311654,108.42103552842885,32.33,,,,,,No,General,Favoured,General,Favoured
1538,HXK3,A,GLU,354,-65.47428768773757,-43.81470791065615,179.92783588156007,109.41991017531525,40.19,-67.83444298991452,179.9949309936181,-44.97176910757752,,,No,General,Favoured,General,Favoured
1539,HXK3,A,MET,355,-61.97210179048782,-44.21874024643935,-174.02759297508484,110.85877519570106,133.43,166.77183012029954,-93.65555930615143,92.59112023215319,,,No,General,Favoured,General,Favoured
1540,HXK3,A,GLU,356,-75.57799710790893,-30.839285842977915,-178.82157056025886,112.66858339910047,70.72,-67.3977944408952,179.9782440199405,53.87915809702772,,,No,General,Favoured,General,Favoured
1541,HXK3,A,SER,359,-62.04420482789415,-36.721285310076766,179.3056505548803,105.64225617281753,67.87,179.80893056935554,,,,,No,General,Favoured,General,Favoured
1542,HXK3,A,THR,360,-71.62977061784224,-122.51769141537646,174.47092337779588,104.17243942097971,182.98,179.91869774446783,,,,,No,General,Disallowed,General,Disallowed
1543,HXK3,A,ALA,362,-68.12359093444212,-42.323673943191864,172.91367651458052,105.37974865637592,63.01,,,,,,No,General,Favoured,General,Favoured
1544,HXK3,A,ALA,363,-65.75124319129515,-42.503403968586454,178.56481105517915,108.0333698345797,29.65,,,,,,No,General,Favoured,General,Favoured
1545,HXK3,A,ARG,364,-65.06041743371858,-35.41795278963409,-177.93068762750198,109.37695063273152,140.18,-175.17338166359707,65.19203889521147,71.8508550615708,168.09812993354086,0.4419617943777771,No,General,Favoured,General,Favoured
1546,HXK3,A,HIS,366,-59.563030960219756,-40.962480288447885,-178.0112681817332,107.4341426697753,101.61,-164.34253729641622,82.9140228581562,,,,No,General,Favoured,General,Favoured
1547,HXK3,A,ALA,367,-64.9795809620884,-43.487858237900696,-178.34763419752306,111.49812065431303,34.56,,,,,,No,General,Favoured,General,Favoured
1548,HXK3,A,LEU,369,-63.85447319281161,-37.53558872846577,-177.22809520882572,110.10564368174168,55.27,-67.73316111537828,179.98998166158873,,,,No,General,Favoured,General,Favoured
1549,HXK3,A,GLN,370,-64.13383070009856,-38.280047056159944,-179.25591059739378,109.29668093853037,38.74,-67.49049930766847,-179.99399887952967,-35.221219963146076,,,No,General,Favoured,General,Favoured
1550,HXK3,A,ASP,371,-62.30710339787784,-33.421514047823386,-178.88462444939606,107.78503071539099,33.7,-70.1779522683799,-5.440033233988379,,,,No,General,Favoured,General,Favoured
1551,HXK3,A,LEU,372,-63.451365566671384,-24.235083919493892,177.9517778940218,109.26618157642318,119.76,-82.5836646780164,-81.63308502670732,,,,No,General,Favoured,General,Favoured
1552,HXK3,A,LEU,374,-108.90096285646554,166.33601320029038,179.41388328293613,109.01544721920868,75.8,-65.21914901234751,179.76771993532205,,,,No,General,Favoured,General,Favoured
1553,HXK3,A,ALA,378,-65.12176578660947,-42.92644862955639,179.30487920497575,108.95038007576336,25.91,,,,,,No,General,Favoured,General,Favoured
1554,HXK3,A,SER,379,-62.052478477368,-42.346105868177915,-176.4120585152701,109.21419959091057,68.87,179.95097818489953,,,,,No,General,Favoured,General,Favoured
1555,HXK3,A,ASP,380,-59.74504295835659,-37.54518298670804,-176.75087496062028,108.18190577812776,40.54,-69.55076603080313,-18.227811856369442,,,,No,General,Favoured,General,Favoured
1556,HXK3,A,GLU,382,-64.91681174998932,-43.66570133313923,-176.11619331250174,109.10661168113498,37.11,-65.49206080574078,172.57997573152346,-4.731002951296233,,,No,General,Favoured,General,Favoured
1557,HXK3,A,LEU,383,-66.1552668431403,-41.230694955298844,-176.49573507384113,109.54059391598503,54.47,-169.50088956483174,174.95536898817437,,,,No,General,Favoured,General,Favoured
1558,HXK3,A,GLN,385,-59.43691852906771,-42.588010841903674,-177.09478048573908,108.98104021482625,48.31,175.81666783202417,-179.29539884777756,49.17830857596355,,,No,General,Favoured,General,Favoured
1559,HXK3,A,HIS,386,-68.02796515439046,-41.425232722795556,-176.34939687156879,111.53737205567474,75.12,-168.67002427350016,-82.47183946151551,,,,No,General,Favoured,General,Favoured
1560,HXK3,A,CYS,388,-62.998392138286945,-42.10639046194272,179.2994329184808,109.37955051955676,36.72,-64.12116057768631,,,,,No,General,Favoured,General,Favoured
1561,HXK3,A,ALA,389,-66.44708249730236,-42.89068762277235,-178.32575569800463,111.0055384762203,35.94,,,,,,No,General,Favoured,General,Favoured
1562,HXK3,A,ALA,390,-62.523370355472665,-44.44567716301236,-175.50452376483156,109.44196821160939,35.91,,,,,,No,General,Favoured,General,Favoured
1563,HXK3,A,CYS,392,-67.69465825470598,-35.19570880262186,-177.58192816617546,109.72549813675049,86.1,69.6957151547872,,,,,No,General,Favoured,General,Favoured
1564,HXK3,A,THR,393,-66.99981815655133,-38.1586665940753,179.9422380936211,109.2428679778081,35.14,-59.00082867124497,,,,,No,General,Favoured,General,Favoured
1565,HXK3,A,ARG,394,-64.8617059514866,-39.141925451594865,-178.22044283812062,108.55000348898054,151.07,66.91496650712804,-176.62264024155215,-52.60647513756617,-155.77657693680482,6.4145099752852754,No,General,Favoured,General,Favoured
1566,HXK3,A,ALA,395,-61.74971625596719,-42.7182523772726,-178.37137228034524,109.27108795058102,34.75,,,,,,No,General,Favoured,General,Favoured
1567,HXK3,A,ALA,396,-64.69187914049927,-40.50211711726467,-178.00303168685113,110.52941567672156,34.57,,,,,,No,General,Favoured,General,Favoured
1568,HXK3,A,GLN,397,-68.1485569678925,-38.75284611731558,-176.63564076937408,111.03678850975501,88.41,-58.267014920716,-54.13726150222087,-64.95580664986508,,,No,General,Favoured,General,Favoured
1569,HXK3,A,LEU,398,-63.64848053314461,-40.560854361836306,-177.51008460730932,108.56092297105049,58.21,-60.816816979049044,179.97829711866174,,,,No,General,Favoured,General,Favoured
1570,HXK3,A,CYS,399,-62.67948668493176,-42.09365210697122,179.39981612199819,108.49566760463816,41.1,-61.40961166160989,,,,,No,General,Favoured,General,Favoured
1571,HXK3,A,ALA,400,-60.52310417478026,-43.97080336247025,-176.237220705676,109.66256319782751,38.14,,,,,,No,General,Favoured,General,Favoured
1572,HXK3,A,ALA,401,-61.1032696541792,-45.68811151138812,-174.40098132893962,110.39318793533832,38.35,,,,,,No,General,Favoured,General,Favoured
1573,HXK3,A,ALA,402,-67.78461902240424,-41.090011405326166,-178.81925405368307,110.65050720725482,41.21,,,,,,No,General,Favoured,General,Favoured
1574,HXK3,A,LEU,403,-62.8691226828364,-35.632471828597495,179.7921156514815,107.5299583237763,49.7,-68.75108643475653,-179.9093083737941,,,,No,General,Favoured,General,Favoured
1575,HXK3,A,ALA,404,-60.388630994804046,-42.73918707026603,-177.88365116662197,109.21714609649106,31.25,,,,,,No,General,Favoured,General,Favoured
1576,HXK3,A,ALA,405,-62.713163154912245,-42.593610341724286,-177.32991064981363,110.13198891632268,33.44,,,,,,No,General,Favoured,General,Favoured
1577,HXK3,A,LEU,407,-62.16756049752217,-40.921456764613936,-179.3207329520679,108.95657474418219,44.6,-68.54726635072947,-179.9749453566629,,,,No,General,Favoured,General,Favoured
1578,HXK3,A,SER,408,-62.906541597317954,-42.254226919519496,-177.93499379883366,109.85605671485204,32.96,-179.99097063786675,,,,,No,General,Favoured,General,Favoured
1579,HXK3,A,CYS,409,-66.25495388204583,-40.60721574972516,-175.78303623729627,110.36017103155838,79.45,73.25261902983715,,,,,No,General,Favoured,General,Favoured
1580,HXK3,A,LEU,410,-61.864931318822876,-38.864306197812226,179.97903942346846,108.24225801410697,129.5,172.26059073162367,56.69826809584178,,,,No,General,Favoured,General,Favoured
1581,HXK3,A,GLN,411,-64.02695573728991,-43.51085892818216,-177.61131262864038,109.90900073269043,47.4,-170.54262788841268,171.8691496232473,-167.25889320651754,,,No,General,Favoured,General,Favoured
1582,HXK3,A,HIS,412,-64.88174713623891,-37.73957502316626,-179.21875810637977,109.09719706482488,67.79,-70.82407283757661,87.94400238073409,,,,No,General,Favoured,General,Favoured
1583,HXK3,A,SER,413,-62.15335087766127,-45.905900199048496,-177.65068151921466,109.27417841598171,73.96,69.1783461026078,,,,,No,General,Favoured,General,Favoured
1584,HXK3,A,ARG,414,-67.50812431932074,-34.80623028040764,-179.39883026107222,110.10832827668942,103.57,-73.14469692581677,-159.93595837511486,66.8166769019042,-161.3787756165759,-0.23374896240052104,No,General,Favoured,General,Favoured
1585,HXK3,A,GLU,415,71.66066524032644,30.105819101366784,177.7351869359128,114.14738875209122,71.18,-65.38350486378079,179.89786625074632,47.65997207984892,,,No,General,Favoured,General,Favoured
1586,HXK3,A,GLN,416,-115.13368670673539,169.71539610985977,172.25931247442364,105.20191729360837,169.94,77.69373690843983,-47.567554809541214,101.31851847768739,,,No,General,Favoured,General,Favoured
1587,HXK3,A,GLN,417,-70.81070260437943,-41.53408559711799,-177.25011192374203,113.25399537734775,51.22,-66.20354244727928,-178.72484357420132,42.88629185865276,,,No,General,Favoured,General,Favoured
1588,HXK3,A,THR,418,-115.83976143732555,146.90690426034118,-173.7461102477022,109.15061046421822,43.11,-58.69590424686685,,,,,No,General,Favoured,General,Favoured
1589,HXK3,A,LEU,419,-132.43557652867122,128.14705720452173,-177.1909879342417,110.56526383274273,58.1,179.9153401801537,65.86400015922702,,,,No,General,Favoured,General,Favoured
1590,HXK3,A,GLN,420,-100.8040352673308,121.90940538557365,173.88542762859439,104.70835711088618,51.92,-67.60074585631004,-179.86334728312067,171.2984464814808,,,No,General,Favoured,General,Favoured
1591,HXK3,A,ALA,422,-122.93970659340053,138.72901874993087,-179.258376341953,109.05473468815052,33.52,,,,,,No,General,Favoured,General,Favoured
1592,HXK3,A,ALA,424,-76.94966339824603,131.39675307517373,175.1714027202973,106.05506354385419,51.69,,,,,,No,General,Favoured,General,Favoured
1593,HXK3,A,THR,425,-134.48969542227536,147.207729904308,-174.00518536623446,111.55935802533385,112.34,-172.2169380172619,,,,,No,General,Favoured,General,Favoured
1594,HXK3,A,ARG,428,-64.64574615860849,-39.940834973672246,-175.83556880594827,111.83699863514342,122.48,-72.6989196038722,178.911800684581,60.982115952636356,87.11864779620619,-0.7392453724112787,No,General,Favoured,General,Favoured
1595,HXK3,A,CYS,430,-64.20098740798373,-43.841761311074755,-174.72416421885666,110.20994246920391,97.46,-64.04667061198117,,,,,No,General,Favoured,General,Favoured
1596,HXK3,A,GLU,431,-70.56977265216521,-54.32709923975736,-176.49142284199453,112.47422901413245,125.64,-169.12360667064755,-84.67949265402387,-88.12781449659506,,,No,General,Favoured,General,Favoured
1597,HXK3,A,ARG,432,-74.73526627594245,-35.84924462137245,-172.9913332437742,115.41733288508472,165.74,-60.41014684897537,-53.50646957534692,-70.83349924191873,164.79514353679363,-1.869358193370161,No,General,Favoured,General,Favoured
1598,HXK3,A,ARG,435,-82.50557666953134,-24.80763082014122,-175.83396833539496,116.45079725428853,150.83,-71.56034501617579,66.45347527914323,-83.01184429327732,-91.50170690181561,-0.4028113754931766,No,General,Favoured,General,Favoured
1599,HXK3,A,PHE,436,-56.989912905890435,-50.53361831458339,-163.66312255302535,114.82243870001722,136.58,-179.9280199452436,-79.4925696729564,,,,No,General,Favoured,General,Favoured
1600,HXK3,A,CYS,437,-60.36801893449868,-41.27568556377076,-175.34231043225347,109.21318987945632,35.53,-70.45957183909785,,,,,No,General,Favoured,General,Favoured
1601,HXK3,A,SER,438,-61.21545780626378,-44.33844200503965,-178.27312304968154,108.67280174808505,23.06,-63.98838858326179,,,,,No,General,Favoured,General,Favoured
1602,HXK3,A,LEU,440,-64.4940814432539,-46.867530360657554,-178.13719746674658,108.94736751398645,108.79,-170.91913024842987,-66.20683162284419,,,,No,General,Favoured,General,Favoured
1603,HXK3,A,GLN,441,-61.40356459385498,-43.68538605235168,-174.6222164659743,109.27658466467676,33.91,-64.6092788398457,-179.856417537635,1.2521432885964345,,,No,General,Favoured,General,Favoured
1604,HXK3,A,THR,443,-68.99999016554594,-41.69490443108894,-175.62159921357318,111.98006620746884,121.46,-174.96538135140952,,,,,No,General,Favoured,General,Favoured
1605,HXK3,A,MET,445,-62.14845509680841,-39.49419836568159,-175.79148235609057,109.82283687399368,28.71,-67.5697996029345,179.9620019111853,-71.25940983273615,,,No,General,Favoured,General,Favoured
1606,HXK3,A,LEU,446,-63.981859748170784,-42.47774224514968,-179.36295523071985,109.36272385379989,36.13,-63.58744208301004,-178.01149943062336,,,,No,General,Favoured,General,Favoured
1607,HXK3,A,LEU,447,-64.32446595536359,-34.97648158501475,-177.3560174215519,111.76930828450189,118.81,-79.80781301999866,59.66053932946677,,,,No,General,Favoured,General,Favoured
1608,HXK3,A,GLU,450,-71.21104979825152,-14.917584647291523,-176.17257263907288,111.82459843187986,73.45,-68.68647645259304,179.95836735610402,-24.760501468540312,,,No,General,Favoured,General,Favoured
1609,HXK3,A,CYS,451,-123.50258784273677,148.62957709613235,-173.61427837490146,113.42995830835414,57.15,-62.156476311620565,,,,,No,General,Favoured,General,Favoured
1610,HXK3,A,ASP,452,-103.4120821153311,110.02075359806757,171.5946577149166,103.16631333467785,43.86,-72.18812760737589,-9.403939157761213,,,,No,General,Favoured,General,Favoured
1611,HXK3,A,SER,454,-94.96225916239476,157.99621964084804,177.28177609607891,108.25139529336221,36.62,64.65405025989736,,,,,No,General,Favoured,General,Favoured
1612,HXK3,A,LEU,455,-124.15702509592907,132.1723619085815,176.12013082098028,107.3195060563184,84.06,-65.59583738955271,64.16690347896291,,,,No,General,Favoured,General,Favoured
1613,HXK3,A,SER,458,-102.5129135196287,122.09831632083095,178.2548901854426,107.62069254544087,101.43,73.14735844717266,,,,,No,General,Favoured,General,Favoured
1614,HXK3,A,ASP,460,-62.237746006579655,-29.974117947519485,-168.40628125535295,111.04373123718752,121.3,-168.36810948608613,-73.35194451250618,,,,No,General,Favoured,General,Favoured
1615,HXK3,A,ARG,464,-67.33414192353226,-33.524386957851625,-177.1637439539767,109.59428518492238,96.59,-50.7078516566091,-67.17363471728035,166.6233643839291,-89.72863876410075,-3.16060604560093,No,General,Favoured,General,Favoured
1616,HXK3,A,ALA,467,-61.38256347718151,-40.282375208434686,179.42943085758444,109.2587605591923,35.4,,,,,,No,General,Favoured,General,Favoured
1617,HXK3,A,MET,468,-63.89962505028613,-34.04545462051624,-176.76340468157832,109.29639769446788,51.69,-167.68289969027433,69.33735817367337,67.08254641431294,,,No,General,Favoured,General,Favoured
1618,HXK3,A,THR,470,-64.97598620294403,-33.41811124088234,-179.22341011585294,108.80021610339159,43.28,63.61800140538679,,,,,No,General,Favoured,General,Favoured
1619,HXK3,A,ALA,471,-64.58395622335853,-43.379125450249326,179.9752617834907,109.79294353082737,32.78,,,,,,No,General,Favoured,General,Favoured
1620,HXK3,A,ALA,473,-60.85902487093424,-41.37735996528678,-177.88546185627047,108.77765487543977,24.99,,,,,,No,General,Favoured,General,Favoured
1621,HXK3,A,ALA,474,-64.18918975336724,-39.57122327819646,-179.80359760216004,109.13507478115967,24.95,,,,,,No,General,Favoured,General,Favoured
1622,HXK3,A,ARG,475,-62.47503473547868,-44.06064474473799,-176.0775049443824,110.28488150653853,77.57,-176.55081930429992,-179.16672857476192,92.45922007266779,-82.06343040523943,-0.33733563123634025,No,General,Favoured,General,Favoured
1623,HXK3,A,LEU,476,-60.482629551992,-41.064716752325054,-178.24784958321143,108.71832893663102,86.78,-76.99688454309262,-66.78207974138812,,,,No,General,Favoured,General,Favoured
1624,HXK3,A,ALA,477,-62.45182430956502,-43.63254240701423,-178.20431900073592,109.79342795405134,28.16,,,,,,No,General,Favoured,General,Favoured
1625,HXK3,A,ALA,478,-64.05345176033252,-43.47994680278394,-175.86461693385144,110.46961183583498,28.98,,,,,,No,General,Favoured,General,Favoured
1626,HXK3,A,HIS,479,-66.25361732311465,-37.02017275796466,-177.74074113534263,110.35297771709,60.09,-72.88077711832267,173.2163503245736,,,,No,General,Favoured,General,Favoured
1627,HXK3,A,ARG,480,-61.37400070052908,-47.363501788831705,-178.15351822915176,109.5184648283958,87.42,179.95946595227457,-173.42755049926566,-70.68697051277033,175.21946731657908,-1.2484548586072552,No,General,Favoured,General,Favoured
1628,HXK3,A,ARG,481,-64.55013015049431,-37.69679281604023,-178.32619118102792,108.54948648224776,168.36,-67.79459684889981,168.52833351467882,-70.13050526076506,166.77356916326292,-1.3026412384014021,No,General,Favoured,General,Favoured
1629,HXK3,A,LEU,482,-62.24692539719558,-49.33526702067962,-176.13888035893325,109.84424895535719,78.56,179.73910505908142,63.32027131252856,,,,No,General,Favoured,General,Favoured
1630,HXK3,A,LEU,483,-65.99387604370979,-35.79463709840802,-178.77988969904277,110.036635275075,133.08,173.70503368217652,58.65699237572281,,,,No,General,Favoured,General,Favoured
1631,HXK3,A,GLU,484,-63.5275865276668,-34.799185288879315,-179.53387403916037,108.8110666480289,98.11,-73.68104293456874,-69.89794709783621,-9.953004410592621,,,No,General,Favoured,General,Favoured
1632,HXK3,A,GLU,485,-60.87449091355946,-41.757379862306365,-177.56782756459117,109.49346269644076,98.37,176.97641192123078,-88.37982042178321,-4.26289124552543,,,No,General,Favoured,General,Favoured
1633,HXK3,A,THR,486,-69.60650595595227,-39.71312800977711,-179.3268876804424,110.95485180415045,36.37,-58.620052203183775,,,,,No,General,Favoured,General,Favoured
1634,HXK3,A,LEU,487,-64.53621785979223,-30.188476667706638,-177.11573275344878,109.7026439485945,54.38,-66.4027148003384,-179.90051018492775,,,,No,General,Favoured,General,Favoured
1635,HXK3,A,PHE,490,-79.6910004134314,-19.59477706140152,177.03815109716035,112.57938415474482,145.78,-70.42667678032214,82.06241098774372,,,,No,General,Favoured,General,Favoured
1636,HXK3,A,ARG,491,-97.49060728432214,125.55025092628073,-177.4733629664625,108.37323718017875,105.44,-61.73585249733959,175.36104814511555,-61.07370642495119,-164.58841958121937,1.4996216169261536,No,General,Favoured,General,Favoured
1637,HXK3,A,LEU,492,-110.35256528743076,137.7327485322065,-175.1678327851492,109.51774254834062,57.38,-59.44714651848198,-179.98370395629107,,,,No,General,Favoured,General,Favoured
1638,HXK3,A,ASN,493,-77.26099917654196,162.16031374508856,-179.30667274805378,108.31309566658564,88.17,-64.06891430870779,-58.434842610587175,,,,No,General,Favoured,General,Favoured
1639,HXK3,A,HIS,494,-61.80512795046717,-35.84548271382404,-179.3046714928731,107.23918359114506,38.23,-174.53275131571434,-77.23246160224987,,,,No,General,Favoured,General,Favoured
1640,HXK3,A,ASP,495,-64.28185834576054,-39.422105717200665,-179.98045933978236,109.13617274185154,29.81,-68.00509902823482,-31.49979370097251,,,,No,General,Favoured,General,Favoured
1641,HXK3,A,GLN,496,-67.31008667017866,-39.0001152112801,-176.33269574294036,112.03937382262274,44.02,-70.62317824243539,-176.1374369315254,-62.9736249316803,,,No,General,Favoured,General,Favoured
1642,HXK3,A,LEU,497,-65.13662899991398,-39.971644394404066,-177.56644458480815,109.44375738569056,40.01,-64.24705945646724,-179.98939982215825,,,,No,General,Favoured,General,Favoured
1643,HXK3,A,ALA,498,-59.458923875717815,-39.69068202957624,-178.92856316229665,107.45727866447541,24.67,,,,,,No,General,Favoured,General,Favoured
1644,HXK3,A,ALA,499,-62.451192905236205,-41.47956699909737,179.5825750640071,108.22513302613693,20.42,,,,,,No,General,Favoured,General,Favoured
1645,HXK3,A,GLN,501,-61.71657405901524,-41.35348532079742,-179.07117732770394,108.38286229620505,41.1,-179.97721068352016,179.9495657969651,-173.6527547328404,,,No,General,Favoured,General,Favoured
1646,HXK3,A,ALA,502,-60.34473834821418,-42.80273340088114,-176.0023829205551,109.83998659514785,28.19,,,,,,No,General,Favoured,General,Favoured
1647,HXK3,A,GLN,503,-65.54452258521242,-32.10153429049256,-177.06957589487808,110.10189982606168,94.73,61.83848141400066,-175.3111928723225,-40.734317848563784,,,No,General,Favoured,General,Favoured
1648,HXK3,A,MET,504,-65.37655712324329,-36.92449741612347,176.14682522180084,107.73776465780615,45.83,-174.04789510601367,67.4542835938212,72.39917282136759,,,No,General,Favoured,General,Favoured
1649,HXK3,A,ARG,505,-60.83662285026231,-50.77636998926567,-178.80295938470306,110.28942641561855,133.04,-68.87450604811049,-168.8011340596263,179.9521955034043,90.5961611439194,-0.5261100899175835,No,General,Favoured,General,Favoured
1650,HXK3,A,LYS,506,-63.24457422013806,-40.58938733081834,-174.23688711455026,109.2933837377713,119.42,-165.06410606236236,-62.58627643424646,179.980537320985,179.64817392914878,,No,General,Favoured,General,Favoured
1651,HXK3,A,ALA,507,-64.00435195806705,-35.72515410359061,-178.56179060327008,110.04474887889891,48.69,,,,,,No,General,Favoured,General,Favoured
1652,HXK3,A,MET,508,-66.61462839491105,-47.5944944402244,179.1269608795947,110.10183785736395,59.76,-64.07985410260737,170.01633069498948,70.83385270792435,,,No,General,Favoured,General,Favoured
1653,HXK3,A,ALA,509,-63.03642578887418,-39.58188925222413,-177.9971400208463,108.43693596139875,35.43,,,,,,No,General,Favoured,General,Favoured
1654,HXK3,A,LYS,510,-63.53979906843798,-37.76303170807661,-177.60102924262083,110.21881106102374,114.74,63.14022979865133,167.9015309812941,77.11062454238908,179.9879085062983,,No,General,Favoured,General,Favoured
1655,HXK3,A,LEU,512,-66.47942460658372,-42.48148475840122,-175.84424008224755,112.7178831874989,68.3,-66.86252137399867,179.9624769129425,,,,No,General,Favoured,General,Favoured
1656,HXK3,A,ARG,513,-66.25395782214308,166.33177795230367,-177.4905295811936,109.61330012770782,142.84,-77.02864561799807,-173.33513780744198,170.23500789775352,87.54885530747913,-1.2600422359306829,No,General,Favoured,General,Favoured
1657,HXK3,A,GLU,515,-66.84647112611671,157.24450217938565,178.9540739029967,108.11477093700996,251.59,66.73306468894356,-79.75719388898702,-2.050879405000147,,,No,General,Favoured,General,Favoured
1658,HXK3,A,ALA,516,-69.11452735364776,-60.21737410580508,-169.61138161723298,123.80373470561602,166.25,,,,,,No,General,Favoured,General,Favoured
1659,HXK3,A,SER,517,63.6247204059985,155.78832421511456,179.61049533425515,113.3704794145962,160.98,-55.13718585960165,,,,,No,General,Allowed,General,Allowed
1660,HXK3,A,SER,518,-71.05544228578512,-38.86922783224139,179.4739849655452,110.82666643366056,99.81,-176.3084662085796,,,,,No,General,Favoured,General,Favoured
1661,HXK3,A,LEU,519,-92.37245823383799,108.2505165829745,179.1028666790288,105.70005626504849,74.74,-177.05733504561886,60.77982383453479,,,,No,General,Favoured,General,Favoured
1662,HXK3,A,ARG,520,-65.17053593146143,-34.44811356136948,-168.7951704894154,114.97756171078244,119.45,-58.46491746474842,170.22701085841598,-179.85468417946524,141.60201801862914,-0.45566737017228504,No,General,Favoured,General,Favoured
1663,HXK3,A,MET,521,51.81061227417612,53.72626373679604,-179.967764579256,111.89790536526115,83.9,-66.75096751495853,-62.53640205444707,-179.41576862750406,,,No,General,Favoured,General,Favoured
1664,HXK3,A,THR,524,-83.45324814984056,-26.750859941649278,178.88654377348092,113.22305776272785,74.75,63.26060460935759,,,,,No,General,Favoured,General,Favoured
1665,HXK3,A,PHE,525,66.76831508968279,23.057194090462062,-171.84803206931159,109.74011107472525,77.89,-70.84980234335998,-80.35783537552112,,,,No,General,Favoured,General,Favoured
1666,HXK3,A,ARG,527,-80.59361687991594,-28.043941759020033,-176.36968195093593,115.74988521267667,140.65,179.98011796889347,-179.8783247871894,-70.11882990350935,178.23347607742045,-0.9597346791996612,No,General,Favoured,General,Favoured
1667,HXK3,A,ALA,528,-129.49138704943368,166.41076203369866,-169.02507502043375,112.55278578132267,57.49,,,,,,No,General,Favoured,General,Favoured
1668,HXK3,A,ASP,531,-125.68481454994578,-178.79510416557582,170.92695575325712,102.47384104900463,81.66,-66.55629720581686,-4.2215264005003785,,,,No,General,Favoured,General,Favoured
1669,HXK3,A,SER,533,-59.30974974442948,-35.325484273799574,-166.83137005792022,118.00364376040368,120.39,62.09719710012268,,,,,No,General,Favoured,General,Favoured
1670,HXK3,A,GLU,534,-63.77048626604415,138.7097636608944,-165.8351816669318,113.85845489819587,104.63,-63.79602168817452,80.77227783763438,7.450829108721393,,,No,General,Favoured,General,Favoured
1671,HXK3,A,ARG,535,-152.90290989900015,150.90531456291103,175.15227238624058,107.35521798549871,144.01,-178.16264471284234,160.0341853249058,59.97708366263717,-167.00160465450196,0.646798851344441,No,General,Favoured,General,Favoured
1672,HXK3,A,ASP,537,-117.66977372279764,132.54570958543601,178.6183437766258,107.51134995058791,52.1,-72.45535844693956,-22.992526270886717,,,,No,General,Favoured,General,Favoured
1673,HXK3,A,PHE,538,-133.58393784806196,143.4413205439463,-178.89158147549765,108.40456385538808,55.09,-60.38644378410556,83.72940523891452,,,,No,General,Favoured,General,Favoured
1674,HXK3,A,LEU,539,-100.73823592559872,142.06103222789713,176.53631150622235,106.92757610003399,60.59,-67.36156744781697,179.91354704251216,,,,No,General,Favoured,General,Favoured
1675,HXK3,A,ALA,540,-123.36493919012956,131.57683935256975,176.87952962117126,106.8295287141359,39.02,,,,,,No,General,Favoured,General,Favoured
1676,HXK3,A,LEU,541,-112.34113692694378,110.86267775347277,176.66283549674316,105.67824382175672,59.51,177.8798189626924,65.82369094733129,,,,No,General,Favoured,General,Favoured
1677,HXK3,A,ASP,542,-109.11846175185002,105.06094635941517,-178.87494676193145,107.67483515022465,53.03,-176.4234592597053,-3.102140068138543,,,,No,General,Favoured,General,Favoured
1678,HXK3,A,LEU,543,-121.96645149120108,124.6364088137826,-179.07691016319873,109.90030186889899,80.74,179.81247316903975,78.02318734156935,,,,No,General,Favoured,General,Favoured
1679,HXK3,A,THR,546,-64.66293628820006,-34.30133713722157,-174.51270671781725,111.93817319846521,54.53,62.89197417221279,,,,,No,General,Favoured,General,Favoured
1680,HXK3,A,ASN,547,-115.07941567294165,121.90355396442304,-176.5866047891947,111.95693755444604,123.85,60.03918735529733,115.89313219478804,,,,No,General,Favoured,General,Favoured
1681,HXK3,A,PHE,548,-95.87078561840227,158.09593851710932,175.18450392428568,108.49238006063818,82.33,51.934971320677725,67.15878669184501,,,,No,General,Favoured,General,Favoured
1682,HXK3,A,ARG,549,-113.68064669038026,145.2745856000181,177.0413782621468,105.88158416883743,102.69,-58.21825659253341,169.07836646031114,-55.45911720479804,139.3176789661464,4.128943181490309,No,General,Favoured,General,Favoured
1683,HXK3,A,LEU,551,-126.75458729484393,152.86032747436107,-174.63635690009642,110.65139307640453,105.87,-54.346599861075134,72.42366177079514,,,,No,General,Favoured,General,Favoured
1684,HXK3,A,LEU,552,-116.63553617145195,121.08949166901797,175.0410854212348,107.44550124268561,61.26,178.10398378745873,61.71787777137254,,,,No,General,Favoured,General,Favoured
1685,HXK3,A,ARG,554,-115.20957466178221,135.26357270898527,178.1579744330347,106.74481564419693,91.4,-64.6745329241598,-170.8258397321656,-179.98354486895676,-88.20733793786745,2.04331562757343,No,General,Favoured,General,Favoured
1686,HXK3,A,THR,556,-155.272067725287,-122.96052594812508,-177.12416870476565,109.34165929362132,136.18,57.67727765053198,,,,,No,General,Disallowed,General,Disallowed
1687,HXK3,A,THR,557,-61.49536459518349,-31.286757908298576,-178.71021094885387,105.07610845402492,163.62,61.993833363275556,,,,,No,General,Favoured,General,Favoured
1688,HXK3,A,GLN,560,-121.88230222391586,151.43326308994315,178.82612313439296,105.40705686960304,103.46,179.9678255139719,179.93227521107863,-3.91781106329295,,,No,General,Favoured,General,Favoured
1689,HXK3,A,THR,562,-129.06182147817884,126.54511390073253,171.48234938379375,105.93290275719883,111.8,-177.53853680175905,,,,,No,General,Favoured,General,Favoured
1690,HXK3,A,SER,563,-130.90544497471387,171.18125710860082,-178.83219313450527,108.03933938106108,41.47,65.23780811851341,,,,,No,General,Favoured,General,Favoured
1691,HXK3,A,GLU,564,-150.77285440545143,138.80261166262238,175.21333139783013,104.61382274742006,86.54,-167.50800141807713,84.62172784132864,6.44207491198176,,,No,General,Favoured,General,Favoured
1692,HXK3,A,TYR,566,-125.41940902544206,158.65093368875122,-179.57711185274584,107.23436747873649,65.43,-66.82648387100775,78.61554031732774,,,,No,General,Favoured,General,Favoured
1693,HXK3,A,SER,567,-117.70304054886417,152.10296414096217,178.5025075006556,107.39529050858252,74.1,179.99777711437514,,,,,No,General,Favoured,General,Favoured
1694,HXK3,A,GLU,570,-59.740888030105765,-37.97396277677583,-174.66452666288683,109.04464791680165,77.71,61.736768426557326,179.97593583612448,48.433801833846864,,,No,General,Favoured,General,Favoured
1695,HXK3,A,THR,571,-63.6498534441976,-44.00407614937308,-178.6379674011818,109.6144678254899,28.24,-58.712461722618805,,,,,No,General,Favoured,General,Favoured
1696,HXK3,A,ALA,573,-66.02163055167283,-36.379703611388,-178.4349509483569,111.04007342995833,44.77,,,,,,No,General,Favoured,General,Favoured
1697,HXK3,A,GLN,574,-69.42016061326123,-30.924764194759835,-179.06109817604494,111.22220741865924,129.83,-67.21495369710276,-100.16887267270171,27.654050663984318,,,No,General,Favoured,General,Favoured
1698,HXK3,A,SER,576,-78.05546620455338,160.9888014109119,-177.06449152191237,109.8207833086782,31.52,179.92094425906552,,,,,No,General,Favoured,General,Favoured
1699,HXK3,A,GLN,578,-64.549243512706,-39.47074547107655,-177.40790330672874,109.64925148921151,46.73,-69.30173781745046,-170.1992051451574,-178.3704429562523,,,No,General,Favoured,General,Favoured
1700,HXK3,A,GLN,579,-66.45011664753078,-32.54278298804075,179.73986997325594,108.63932945026421,53.42,-61.488815598771254,173.3183619835468,-45.68705541364661,,,No,General,Favoured,General,Favoured
1701,HXK3,A,LEU,580,-64.29417366967726,-48.03694585937716,-176.50753674715963,111.54156568657814,57.58,179.67787835745946,61.92448620707108,,,,No,General,Favoured,General,Favoured
1702,HXK3,A,PHE,581,-71.83258544925785,-30.41279552749718,-176.6417405744814,112.76432824181656,88.43,-75.1851462583725,78.33770528663152,,,,No,General,Favoured,General,Favoured
1703,HXK3,A,ASP,582,-63.80136127343101,-42.604571241859894,178.43700897066955,108.72188522456943,40.61,-68.8396958732036,-6.811587538718938,,,,No,General,Favoured,General,Favoured
1704,HXK3,A,HIS,583,-61.87049727418545,-39.153869754927044,-178.5050969802867,107.44494818466616,37.64,-173.9107585120855,76.71415981581443,,,,No,General,Favoured,General,Favoured
1705,HXK3,A,ASP,586,-66.34306718066966,-36.89490553998799,-178.29126332208483,109.54294574613753,86.59,-171.46440427978476,-56.6426020253682,,,,No,General,Favoured,General,Favoured
1706,HXK3,A,CYS,587,-60.05241116762459,-33.44677590232945,-177.52708031291172,107.17546568858937,45.35,-62.36173362269365,,,,,No,General,Favoured,General,Favoured
1707,HXK3,A,ASP,590,-62.89519953313794,-47.062585941645196,-178.3031035728083,110.3308456288708,58.12,179.8315489752389,-74.8239503263855,,,,No,General,Favoured,General,Favoured
1708,HXK3,A,PHE,591,-66.16982892922181,-44.621094163835615,-176.83801115862698,110.47855452246701,77.02,170.360456249349,89.67444912750327,,,,No,General,Favoured,General,Favoured
1709,HXK3,A,GLN,592,-57.437807901805435,-42.97025335404431,-177.8261083052377,107.2456429406813,48.38,179.91462080093032,-179.98203855471544,120.94411307240564,,,No,General,Favoured,General,Favoured
1710,HXK3,A,GLN,593,-68.55748488863122,-35.18482409156649,179.1940650721906,109.17173705140489,122.34,68.86998804426436,81.01305342998651,-128.89627199777945,,,No,General,Favoured,General,Favoured
1711,HXK3,A,LYS,594,-62.24072211875754,-35.60189808623408,-178.32514393920601,108.05487494159014,90.63,-171.0052252923291,166.74619846184822,-179.78975869763053,-62.06999214447012,,No,General,Favoured,General,Favoured
1712,HXK3,A,GLN,595,-64.06745481198271,-29.354303355527513,176.90040983591027,107.27815179376829,90.77,-173.16275270375772,72.22617483213655,1.0968204131470969,,,No,General,Favoured,General,Favoured
1713,HXK3,A,LEU,597,-73.77848355602713,-18.004336303390932,-178.53900581161716,113.9099847411563,85.12,-61.47646041906887,-179.6759913886188,,,,No,General,Favoured,General,Favoured
1714,HXK3,A,SER,598,-39.47767566819514,126.4816161721083,-170.8483381104099,112.9404521502352,95.16,-179.95255099203527,,,,,No,General,Favoured,General,Favoured
1715,HXK3,A,GLN,600,-107.05253250838221,140.8796668733129,-178.4387475676786,109.41181158588083,81.41,-176.60340445209883,-179.9738966727924,80.15261866214678,,,No,General,Favoured,General,Favoured
1716,HXK3,A,SER,601,-92.05563730802825,145.61377871229715,178.35616798174647,108.29543457375962,46.91,-179.9153874527668,,,,,No,General,Favoured,General,Favoured
1717,HXK3,A,LEU,604,-139.14981068868187,131.3936242373533,-175.14742253966668,111.7673004531552,88.42,178.06137344963335,79.17294041070704,,,,No,General,Favoured,General,Favoured
1718,HXK3,A,PHE,606,-140.87703796809924,123.33730022924112,-173.17929208222796,111.13911280957274,113.11,171.8274198855997,63.828496177953646,,,,No,General,Favoured,General,Favoured
1719,HXK3,A,THR,607,-108.31171420748929,110.8143554852683,174.59564519596051,108.65175685503561,152.3,44.45470459976377,,,,,No,General,Favoured,General,Favoured
1720,HXK3,A,PHE,608,-117.73582241631917,107.70909092310193,-178.35872462305966,105.25634022517445,104.13,-178.48077638969542,73.00364780924262,,,,No,General,Favoured,General,Favoured
1721,HXK3,A,SER,609,-103.4222747651969,104.44629708672244,-175.37616904116192,108.97744461242135,112.14,46.13369104710894,,,,,No,General,Favoured,General,Favoured
1722,HXK3,A,CYS,612,-152.10275163400402,147.0243180542244,-178.04951059656005,111.76834873416024,57.04,-72.98388414709558,,,,,No,General,Favoured,General,Favoured
1723,HXK3,A,ARG,613,-103.2453877145483,116.77266236457451,172.52451544120404,102.76801030762348,146.21,-56.8322940447931,164.6006543367681,101.78179455926559,173.29265246565444,2.4807943595634807,No,General,Favoured,General,Favoured
1724,HXK3,A,GLN,614,-109.28185501347434,108.52963978788618,-177.08492128275284,108.9150019577043,64.36,-177.31042177054323,-179.96711247971612,-161.60793338569366,,,No,General,Favoured,General,Favoured
1725,HXK3,A,LEU,615,-75.62837984888841,-35.26790739060032,178.5244895416762,112.39989878640544,147.34,-179.8218747428387,60.75818994030114,,,,No,General,Favoured,General,Favoured
1726,HXK3,A,LEU,617,-60.828010561543536,-46.46918582801793,-177.5002846059282,109.30636234551224,49.38,179.96884353801588,62.99407646536412,,,,No,General,Favoured,General,Favoured
1727,HXK3,A,ASP,618,-80.54236486272701,-18.652108213731644,-179.90022486080355,113.79582040223784,79.7,62.577494471881245,1.61675032403878,,,,No,General,Favoured,General,Favoured
1728,HXK3,A,GLN,619,-119.73231676791185,142.02978474865898,-172.4961247947615,111.85117311179924,59.26,-173.62412159544138,170.0971208046185,-6.81152004437872,,,No,General,Favoured,General,Favoured
1729,HXK3,A,LEU,622,-73.32797919202332,116.36859117137865,178.06221393998445,108.46794177155437,74.36,173.57334707027903,64.43393742931731,,,,No,General,Favoured,General,Favoured
1730,HXK3,A,LEU,623,-76.43941742612334,-59.842402356191,177.6634073310513,112.23870073974527,74.56,-62.23277501504861,-175.86624687559558,,,,No,General,Favoured,General,Favoured
1731,HXK3,A,ASN,624,-141.1044675815883,143.0580429147422,-177.38533577308644,106.91642335248922,87.77,-164.30979222242607,-91.49497043758555,,,,No,General,Favoured,General,Favoured
1732,HXK3,A,TRP,625,-73.60737865903508,156.57689717200526,178.2539894827212,107.83593412116069,95.76,-78.31128920896442,110.60397474633814,,,,No,General,Favoured,General,Favoured
1733,HXK3,A,THR,626,-145.08148190120178,178.48269184755532,178.45695180821178,104.86440399986036,62.89,-53.64707546575791,,,,,No,General,Favoured,General,Favoured
1734,HXK3,A,LYS,627,60.29263792164309,18.78725980141631,171.1277839950212,113.47457637464156,121.63,-74.98956811003443,158.62557059950055,-108.18307453522242,-163.02404635580402,,No,General,Favoured,General,Favoured
1735,HXK3,A,PHE,629,-98.00577323037656,112.21962111051357,178.36123443481844,109.17440183935942,158.42,-73.52895506660536,66.16517051659824,,,,No,General,Favoured,General,Favoured
1736,HXK3,A,LYS,630,-80.73174018789786,-17.32858889408953,177.75876936577882,113.91784527952642,142.96,-73.90231751278485,67.83623016442662,179.94205671383222,-60.63270989722887,,No,General,Favoured,General,Favoured
1737,HXK3,A,ALA,631,-47.779752261475615,129.93003066187606,-168.34013488980355,113.06739132862775,61.58,,,,,,No,General,Favoured,General,Favoured
1738,HXK3,A,SER,632,-87.77958495727769,167.01901894258424,-178.2076551379613,110.13832559934556,41.7,65.21533648199976,,,,,No,General,Favoured,General,Favoured
1739,HXK3,A,ASP,633,66.90581931824279,10.514979995683358,176.42749001821625,112.23688465857161,80.42,-68.79039357796962,-18.099663122934036,,,,No,General,Favoured,General,Favoured
1740,HXK3,A,CYS,634,-86.45867739021251,-49.92111502694176,174.89676526527356,114.2520578805655,84.27,-62.842636044040404,,,,,No,General,Favoured,General,Favoured
1741,HXK3,A,GLU,635,-62.292401928558455,134.6738138007039,-170.6245640162631,109.07734136686925,59.76,-63.949083457971,166.5507673765666,3.966764086250711,,,No,General,Favoured,General,Favoured
1742,HXK3,A,GLN,637,-120.57737133286702,152.0022360583005,-178.31881721578003,108.94583062876947,87.08,-64.66821553933262,-71.8330033026418,179.72574124658033,,,No,General,Favoured,General,Favoured
1743,HXK3,A,ASP,638,-71.33454876533195,123.07469986804091,177.29932595866177,106.85799877883174,52.43,-175.05418204770987,-5.464083890036944,,,,No,General,Favoured,General,Favoured
1744,HXK3,A,SER,641,-64.08690975886364,-38.23932248419126,-179.61454308155683,107.21655876033356,76.36,-57.10108316370753,,,,,No,General,Favoured,General,Favoured
1745,HXK3,A,LEU,642,-60.65259709056885,-45.42404440587804,-178.7862633876246,107.16437751334232,44.27,-62.88147065095922,-179.9460228768684,,,,No,General,Favoured,General,Favoured
1746,HXK3,A,LEU,643,-69.14966027604346,-43.22576606184252,-179.28259487392395,111.6368277957658,59.37,-179.88357345497224,57.790258083141936,,,,No,General,Favoured,General,Favoured
1747,HXK3,A,ARG,644,-66.10443078184767,-44.04741198900014,-175.7174486051389,110.2627526439274,100.25,-72.49786901670308,-174.0310151676812,177.70814673407787,171.74654743532705,-0.26150111869272963,No,General,Favoured,General,Favoured
1748,HXK3,A,GLU,645,-63.63091863177377,-36.054453829796145,-177.81533439754256,107.74077114857904,32.66,-67.22921207521682,-179.94956605284528,0.07191811085543941,,,No,General,Favoured,General,Favoured
1749,HXK3,A,ALA,646,-65.24790558599577,-35.00717875231718,-179.82119470196946,110.22978528763429,47.81,,,,,,No,General,Favoured,General,Favoured
1750,HXK3,A,THR,648,-62.06264772692912,-35.328186708515325,-175.09012055219713,111.39760870314187,45.08,-58.39011133243151,,,,,No,General,Favoured,General,Favoured
1751,HXK3,A,ARG,649,-66.74920164829842,-30.024812520394377,-171.9336954930259,115.66430831363793,96.76,-68.02131757326052,175.64873573107477,-69.71321335925317,-157.56309883442057,-0.036053013546686795,No,General,Favoured,General,Favoured
1752,HXK3,A,ARG,650,-66.25998839098303,-25.05045701117138,-174.2108874911442,112.13826144094745,135.87,-167.31099390942333,169.396657452116,179.95536814283454,87.63555139032725,1.408555157066765,No,General,Favoured,General,Favoured
1753,HXK3,A,GLN,651,77.56756961164977,-32.565785275789914,176.21600141736226,111.70608794190471,142.16,-64.80770043060097,-59.29614289942931,-48.49955267594858,,,No,General,Allowed,General,Allowed
1754,HXK3,A,ALA,652,-80.4922658625016,-40.33943655224146,171.97149424469097,110.66648036482447,70.11,,,,,,No,General,Favoured,General,Favoured
1755,HXK3,A,GLU,654,45.23555606321701,69.87453910313293,-179.1432454780607,114.13521488326077,122.96,-63.81110307538413,-74.70877289045521,51.21438249159163,,,No,General,Allowed,General,Allowed
1756,HXK3,A,LEU,655,-107.86507202872444,160.03479377282667,174.05399601717644,108.66815927451232,161.46,-80.8650901039739,59.732671772800195,,,,No,General,Favoured,General,Favoured
1757,HXK3,A,ASN,656,-106.65905578696761,129.41944852821638,-178.22828835074813,109.69087022458123,50.1,-168.36084355849368,-48.626662972889726,,,,No,General,Favoured,General,Favoured
1758,HXK3,A,ALA,659,-154.18924368370784,160.9489393919751,-168.11944493725105,112.75847800196787,64.95,,,,,,No,General,Favoured,General,Favoured
1759,HXK3,A,ASN,662,-93.4597740833797,148.14742783769046,174.06163392059293,105.8723726231506,68.23,-179.70893550514313,-68.60977738726889,,,,No,General,Favoured,General,Favoured
1760,HXK3,A,ASP,663,-61.821194877628734,-34.54722857637768,-171.04881167401888,112.81126165434598,65.88,61.70097039468131,-11.14526708952651,,,,No,General,Favoured,General,Favoured
1761,HXK3,A,THR,664,-64.99397818476513,-42.792073417903204,-178.95373413528853,108.78494185507874,118.97,-50.38429398419812,,,,,No,General,Favoured,General,Favoured
1762,HXK3,A,THR,667,-64.98858613198956,-40.74481915274989,-178.68404524060745,110.08516790954796,129.34,60.66102613075762,,,,,No,General,Favoured,General,Favoured
1763,HXK3,A,MET,668,-61.12222243844988,-45.94997528297372,-179.6479775645946,109.04922524768045,50.03,179.93812765390012,-175.3579825579791,73.19487858712989,,,No,General,Favoured,General,Favoured
1764,HXK3,A,MET,669,-63.2090699743184,-38.2352020705517,-176.11783625030145,110.10453766617088,49.91,-172.27146984540948,69.39785858182802,65.20689326515485,,,No,General,Favoured,General,Favoured
1765,HXK3,A,SER,670,-58.81802444482886,-46.032022986323966,-173.07113873996545,112.04039969519964,53.09,-65.17836537121767,,,,,No,General,Favoured,General,Favoured
1766,HXK3,A,CYS,671,-73.35846056557853,-20.146463678431772,-179.9922535047474,110.46878923344664,116.19,-60.061254111504105,,,,,No,General,Favoured,General,Favoured
1767,HXK3,A,TYR,673,-64.28806457099644,-39.98736194060816,178.1207885029627,109.9702908140545,119.31,-77.27412180634867,64.07689034088114,,,,No,General,Favoured,General,Favoured
1768,HXK3,A,GLU,674,-71.82532056005574,-48.91112130271397,176.91832040026128,110.17797504514354,128.69,-179.56323093025634,71.603520281381,36.88790751656606,,,No,General,Favoured,General,Favoured
1769,HXK3,A,ARG,677,-71.54441449264066,-18.760017567734433,-177.8229649630054,111.84642558616783,78.82,-59.940982499326985,-179.97822149593583,-179.80838292409604,-87.87282886385239,0.3341469232152728,No,General,Favoured,General,Favoured
1770,HXK3,A,CYS,678,-75.76129069691682,104.92749386815429,-171.06182238067223,114.41657488382002,77.05,-179.80977891427713,,,,,No,General,Favoured,General,Favoured
1771,HXK3,A,GLU,679,-88.05255495214007,-19.763414586487336,175.0785908044706,114.18339703197645,157.79,-63.95938964654415,-87.60515593561884,-69.31428670234902,,,No,General,Favoured,General,Favoured
1772,HXK3,A,LEU,682,-145.28460468243296,138.5663390420173,-179.34344565112195,109.55106911205252,77.77,174.8891859285705,63.53760465370815,,,,No,General,Favoured,General,Favoured
1773,HXK3,A,THR,686,-60.91533426363498,-28.69598754402235,178.99501476429273,105.64375932870972,100.32,-179.35954340153873,,,,,No,General,Favoured,General,Favoured
1774,HXK3,A,THR,688,-140.32999870909896,143.00630258804784,179.4521618179209,109.11812870415595,41.34,-58.64063234757708,,,,,No,General,Favoured,General,Favoured
1775,HXK3,A,ASN,689,-157.1136007894925,164.62342637188624,-179.42044839626158,107.40307598120873,62.31,-163.10993336061907,0.6852322966150588,,,,No,General,Favoured,General,Favoured
1776,HXK3,A,ALA,690,-152.3254162847107,159.1061735217204,179.45562268556162,109.00504852219741,39.92,,,,,,No,General,Favoured,General,Favoured
1777,HXK3,A,CYS,691,-152.96554328847736,146.1220836327662,178.73599235887716,109.37138895702431,48.94,60.458352165833446,,,,,No,General,Favoured,General,Favoured
1778,HXK3,A,TYR,692,-137.27577719128587,166.05881125106677,176.483823111015,108.57044697995057,80.05,54.880295747716595,-80.96530267829733,,,,No,General,Favoured,General,Favoured
1779,HXK3,A,MET,693,-85.34870342474228,131.24830151646347,177.17556015481557,106.11598552859277,173.75,-155.28501849247746,69.46479363558983,-178.0912928000877,,,No,General,Favoured,General,Favoured
1780,HXK3,A,GLU,694,-122.7295479871833,156.06363774539213,-174.9822775136146,110.99610559261446,117.8,-179.93785311130506,71.90295564323023,-54.38093770829239,,,No,General,Favoured,General,Favoured
1781,HXK3,A,GLU,695,-73.78749638595009,135.842900684332,177.86550264093836,106.53258668024127,106.92,-55.221149552351875,-54.7164956940189,-34.4180649370627,,,No,General,Favoured,General,Favoured
1782,HXK3,A,LEU,696,-64.79472717692386,-25.080941828337824,-176.33719360835246,110.26159811650717,65.39,-67.4644385608484,-172.49089040597747,,,,No,General,Favoured,General,Favoured
1783,HXK3,A,ARG,697,-60.31850235061166,-40.59251981292011,-179.54472797400467,107.57018886088355,54.01,-50.95985166605599,-173.59313280456735,-53.95972945127991,-89.46354031687936,0.8671095565497635,No,General,Favoured,General,Favoured
1784,HXK3,A,ASN,698,-70.11211732906756,-29.7134935514865,-177.19262304301637,112.60682540156317,89.08,-65.39512832662842,135.85286410659754,,,,No,General,Favoured,General,Favoured
1785,HXK3,A,ALA,700,-71.43796091221417,-29.688074402103098,-179.17378808350367,113.62686518542478,72.09,,,,,,No,General,Favoured,General,Favoured
1786,HXK3,A,ASP,705,-81.77894942127223,-24.055813630303753,178.78086618286315,114.06013372389097,71.8,-68.86461681266333,-8.790855761973482,,,,No,General,Favoured,General,Favoured
1787,HXK3,A,SER,706,-89.73010522213949,137.41786657893672,-169.60282247942538,112.64364194798631,89.92,179.97713027444195,,,,,No,General,Favoured,General,Favoured
1788,HXK3,A,ARG,708,-123.89505051559773,154.5196338945116,-178.58985019300812,108.41858390635623,86.86,-62.23140956332035,179.98929355931585,-62.89182672055548,139.8904775521123,-1.3000171397360416,No,General,Favoured,General,Favoured
1789,HXK3,A,MET,709,-141.0981260902577,141.01222664662458,179.34132963436997,109.13490104587659,42.31,-177.35121263675885,-179.966827609748,-74.14344948018027,,,No,General,Favoured,General,Favoured
1790,HXK3,A,CYS,710,-72.73068045040729,138.4880032022825,-179.50443171070177,108.56038158925259,42.97,-179.9460715755404,,,,,No,General,Favoured,General,Favoured
1791,HXK3,A,ASN,712,-91.5202771444903,107.57182214721388,176.20907068515078,104.90631101827397,67.2,179.2860430924111,21.18309025280331,,,,No,General,Favoured,General,Favoured
1792,HXK3,A,MET,713,-66.43095443080941,-41.856290733602805,-172.97145936920475,113.51732667401042,60.65,-63.79436180178475,174.13480388716795,70.05058352689606,,,No,General,Favoured,General,Favoured
1793,HXK3,A,GLU,714,55.321951399444536,52.57006081390139,-169.14455339789745,106.55469936815454,105.35,-70.70257501558167,-65.05156984257214,-20.80835365193678,,,No,General,Favoured,General,Favoured
1794,HXK3,A,TRP,715,-71.40660784724291,-18.187041931063433,-175.93953153162235,113.00338386218752,129.9,70.86830048674207,-3.591082342169881,,,,No,General,Favoured,General,Favoured
1795,HXK3,A,ALA,717,-64.55456897187474,-24.226417743609716,179.55374127584523,111.17881752728807,69.12,,,,,,No,General,Favoured,General,Favoured
1796,HXK3,A,PHE,718,-51.01613279298433,133.93750299896067,-179.55486610549673,109.46623471488148,93.53,178.3702871523896,67.2088411469563,,,,No,General,Favoured,General,Favoured
1797,HXK3,A,ASP,720,-68.79893670386285,-26.642211569130893,-179.61554249712043,109.95728931396563,74.41,-72.32261810653091,-44.354683328367024,,,,No,General,Favoured,General,Favoured
1798,HXK3,A,ASP,721,-72.16855783213337,-23.365212586316833,178.35336247388767,110.5186054437,68.0,61.307974442471675,-11.939171723832057,,,,No,General,Favoured,General,Favoured
1799,HXK3,A,SER,723,-62.98593582854865,-32.94239177002877,-175.87446546104107,112.06784456626558,98.6,-63.46410315142782,,,,,No,General,Favoured,General,Favoured
1800,HXK3,A,LEU,724,-79.98264384282515,-13.056827358344188,179.26307950261884,114.29879881668077,96.79,-69.51211030645457,-179.65849622846744,,,,No,General,Favoured,General,Favoured
1801,HXK3,A,ALA,725,-50.431508462160885,-35.633773562189454,-165.56832513148547,112.5016166312056,58.24,,,,,,No,General,Favoured,General,Favoured
1802,HXK3,A,MET,726,-63.67845306081455,-34.75697857859924,-178.45965169963506,110.85717814146828,121.03,-65.12007476082495,-62.90038149206177,-72.00282282523564,,,No,General,Favoured,General,Favoured
1803,HXK3,A,LEU,727,-74.25734643217395,-27.766326396331493,-179.51641383530767,114.12132472786057,118.8,-64.27534784236555,63.06054832692551,,,,No,General,Favoured,General,Favoured
1804,HXK3,A,SER,728,-73.09162945175106,131.1986478027408,-172.33217205749642,111.94125692579696,104.34,65.05300243013662,,,,,No,General,Favoured,General,Favoured
1805,HXK3,A,THR,729,-89.02340017456008,177.98826212246558,-178.1728916880133,105.78302525534484,127.39,-44.46862243891131,,,,,No,General,Favoured,General,Favoured
1806,HXK3,A,ARG,730,-64.29386869142063,-33.381943657811334,176.82249222825428,106.61391717862456,96.98,-66.31325479493279,173.60070279235518,-67.18383036687679,-176.95072303585906,0.3510615183614561,No,General,Favoured,General,Favoured
1807,HXK3,A,PHE,731,-65.08279479817537,-44.75241924600574,-178.06027771549847,109.48500139732238,61.97,-57.789599771646685,-76.12012728210556,,,,No,General,Favoured,General,Favoured
1808,HXK3,A,ASP,732,-61.79451613100343,-43.24395634683277,-179.6308062121923,107.81583109491329,57.25,-65.08217130684824,-35.15556613555568,,,,No,General,Favoured,General,Favoured
1809,HXK3,A,ALA,733,-61.42127346353224,-38.75238193874154,-177.64697084915744,109.08065302816108,30.96,,,,,,No,General,Favoured,General,Favoured
1810,HXK3,A,SER,734,-67.2594266664008,-39.29755697019923,-176.99450702893338,110.37954602138853,36.28,68.26255168904203,,,,,No,General,Favoured,General,Favoured
1811,HXK3,A,ASP,736,-61.30058439326211,-44.7178520581247,-175.5131849788039,111.3621168235625,51.26,-168.88221865900758,-1.0916763921388632,,,,No,General,Favoured,General,Favoured
1812,HXK3,A,GLN,737,-63.84927640359111,-39.74543669262024,-174.34130357132992,111.2301427912369,35.02,-65.63698272192218,179.95535880719902,1.721305697537713,,,No,General,Favoured,General,Favoured
1813,HXK3,A,ALA,738,-67.20716822721415,-32.53157960095962,-175.3703091952069,114.3666127505094,57.48,,,,,,No,General,Favoured,General,Favoured
1814,HXK3,A,SER,739,-69.24803797858102,174.1147629984919,-171.3826770286098,113.12661288356456,49.62,64.12653796969609,,,,,No,General,Favoured,General,Favoured
1815,HXK3,A,LYS,744,-119.53145298450622,151.0797170151464,-176.1592046357405,109.26782785702515,110.99,-167.6850201656426,165.3906906434571,-72.11789431218547,-179.9714079777586,,No,General,Favoured,General,Favoured
1816,HXK3,A,GLN,745,57.359764458046044,42.85426748793884,177.1279988284517,111.58797503858973,68.09,-63.88774059970062,-74.899974045512,-62.117208783258185,,,No,General,Favoured,General,Favoured
1817,HXK3,A,ARG,746,-63.17068742497859,-40.096700224757434,-174.66007995069376,112.50285273190443,111.32,-59.648698712566606,-174.1081132591441,102.585632831934,146.27682836633784,-0.047943332950437505,No,General,Favoured,General,Favoured
1818,HXK3,A,PHE,747,-65.63454317101684,-39.136488020938366,-178.25971131701564,109.48420243042939,68.03,-171.2738081530948,69.51103601126763,,,,No,General,Favoured,General,Favoured
1819,HXK3,A,GLU,748,-60.626112076942455,-36.302594357814925,-178.79086023644115,108.97868048233471,46.98,-179.92839651914525,-179.96166346565496,-52.236890838362534,,,No,General,Favoured,General,Favoured
1820,HXK3,A,LYS,749,-67.44004339233867,-30.380467335846724,-175.94517887255586,112.6680008837323,105.18,-63.802491433788795,165.32012376866797,-177.94030835027644,-68.73361626114746,,No,General,Favoured,General,Favoured
1821,HXK3,A,MET,750,-74.47901347959794,-44.26659554430945,177.2002023447525,112.73046258161897,128.68,-50.68474746245319,-72.2811453385578,-179.93633104463137,,,No,General,Favoured,General,Favoured
1822,HXK3,A,SER,752,-160.39989365092046,-169.20587322553612,-172.3817329963977,111.4058225902968,69.59,66.30242563128661,,,,,No,General,Favoured,General,Favoured
1823,HXK3,A,MET,754,-66.7307102207588,-21.56743521970082,177.1912104151322,106.03111103524608,108.98,69.91743340840694,174.95577338067557,-72.10581639596391,,,No,General,Favoured,General,Favoured
1824,HXK3,A,TYR,755,-56.711026468680274,-37.447085842802586,-174.21839618187624,110.91241999212448,77.61,-59.325075715489376,-72.84042832674167,,,,No,General,Favoured,General,Favoured
1825,HXK3,A,LEU,756,-59.938643155641195,-47.886677037166535,-176.62337990513396,109.68319815064304,57.58,-63.541203461088514,-176.1612967203331,,,,No,General,Favoured,General,Favoured
1826,HXK3,A,GLU,758,-68.91599998605078,-39.4438204745703,177.80507542893852,109.57607875072733,101.29,-75.75681284073914,-68.11309372113958,-76.6691981581036,,,No,General,Favoured,General,Favoured
1827,HXK3,A,ARG,761,-62.11343651084254,-42.74176785886674,-176.27157127263737,109.77448195590452,108.11,-167.60696743853353,-168.45884901077258,90.21638413673972,-148.07642154135866,3.574700976039306,No,General,Favoured,General,Favoured
1828,HXK3,A,HIS,762,-63.93965182378576,-39.52576062615178,-177.55912941720112,109.39924068155335,39.27,-74.90407624120002,89.65432595239957,,,,No,General,Favoured,General,Favoured
1829,HXK3,A,LEU,764,-60.376821038367474,-40.68552197265273,-175.2524760565932,108.83026501720366,53.1,-64.23940120577568,-179.75833293675802,,,,No,General,Favoured,General,Favoured
1830,HXK3,A,LEU,765,-61.864155168979295,-41.235410633022646,-179.48861727471703,108.46031019088491,118.34,-179.87987775943122,60.30275809464662,,,,No,General,Favoured,General,Favoured
1831,HXK3,A,HIS,766,-62.0081531809394,-45.992875387498565,-177.611025656883,109.49962398407666,32.7,-179.9562533673565,86.33272593639428,,,,No,General,Favoured,General,Favoured
1832,HXK3,A,LEU,767,-60.07450299179573,-41.76528887700869,-178.02958571516982,108.88970774962162,85.72,-75.84048567923334,63.46452031076001,,,,No,General,Favoured,General,Favoured
1833,HXK3,A,THR,768,-62.084176145080576,-39.25878600088348,-175.5593608651978,110.01934231881796,35.95,-58.262277580704804,,,,,No,General,Favoured,General,Favoured
1834,HXK3,A,SER,769,-62.556171223245784,-37.60780595980476,-179.04329116955552,108.74096639227591,68.05,-64.49239261196898,,,,,No,General,Favoured,General,Favoured
1835,HXK3,A,LEU,770,-70.2185987179464,-23.019792378494888,-179.11881213502792,112.6889579485851,111.95,-77.21937650661005,-67.9360373875916,,,,No,General,Favoured,General,Favoured
1836,HXK3,A,LEU,773,-145.26474331123774,155.7343550211626,-174.83856897752673,110.1351076232652,80.6,-179.91874953470185,64.40522073195513,,,,No,General,Favoured,General,Favoured
1837,HXK3,A,PHE,774,55.69423748486863,29.734621450671995,173.4287094901235,111.83755220879438,92.15,-67.63125531179058,-64.60713700956518,,,,No,General,Favoured,General,Favoured
1838,HXK3,A,ARG,775,52.78370296108747,36.19597769143942,177.54036059084916,112.073380718696,110.44,61.287164792084155,-165.26232642495367,-58.0841009518007,-114.67656196009679,-1.6877870940536162,No,General,Favoured,General,Favoured
1839,HXK3,A,GLN,777,-121.78895169896084,130.94668168004443,-179.2011251625921,108.80194501555121,48.74,-65.78429166881095,-179.98800530361538,166.946453249526,,,No,General,Favoured,General,Favoured
1840,HXK3,A,GLN,778,-98.9853404577189,124.31778502622197,-175.50662880107845,110.42940083407497,85.33,179.98316928171403,-172.2429155405492,5.52813928290761,,,No,General,Favoured,General,Favoured
1841,HXK3,A,GLN,780,-62.106617592127286,-33.08888578043878,175.95980025169874,105.29154817291521,40.92,-67.640117605209,-178.98265178356803,-43.17802586677923,,,No,General,Favoured,General,Favoured
1842,HXK3,A,ARG,781,-61.58834972684871,-36.27145112216769,179.6344898213171,109.72061641300382,176.94,-85.65301148572972,-66.83572664504226,-57.3408700790341,162.39471846904624,-0.301792511817061,No,General,Favoured,General,Favoured
1843,HXK3,A,LEU,782,-65.88901917463615,-30.065335544231164,179.14508192591933,108.40783235391875,59.59,-179.45567128870798,61.01285008195692,,,,No,General,Favoured,General,Favoured
1844,HXK3,A,GLN,783,-68.23963428751615,-27.765792731315035,178.9720306494943,110.26312445493085,91.6,-179.87677192164637,179.99257262621603,23.359756459295266,,,No,General,Favoured,General,Favoured
1845,HXK3,A,THR,784,-63.12491576526573,130.79417844928355,-175.61244993809032,110.8895056025498,44.39,-59.068125128383926,,,,,No,General,Favoured,General,Favoured
1846,HXK3,A,ARG,785,-79.53682425438217,150.6148682602294,-178.78884915185907,110.19467328553252,93.88,172.93364466505454,179.93453018903764,172.0050087251736,153.09892328663204,-2.196394356085666,No,General,Favoured,General,Favoured
1847,HXK3,A,ASP,786,70.24392731424811,15.702805111786434,177.13516338108857,115.7153984984376,148.19,68.23493851516461,35.61131953483699,,,,No,General,Favoured,General,Favoured
1848,HXK3,A,PHE,788,-83.61182264653982,111.710197016481,-178.98410846130952,108.28470099629169,66.58,-73.58392315081699,-85.20767913442461,,,,No,General,Favoured,General,Favoured
1849,HXK3,A,LYS,789,-103.19015653931878,157.16016977812532,-177.64064270115273,108.39425735416945,56.38,-67.21986505119443,168.31198551097566,178.5842930459137,-179.97361713961655,,No,General,Favoured,General,Favoured
1850,HXK3,A,THR,790,-56.75691670366418,-39.63307784607743,-173.83394624805288,109.1946385237566,39.41,-59.10768736832107,,,,,No,General,Favoured,General,Favoured
1851,HXK3,A,LYS,791,-59.201394142886734,-41.047501700650315,-179.30051822009094,108.55518057858845,73.74,179.9839331071749,168.9208461728711,76.46659097795016,175.8221290701053,,No,General,Favoured,General,Favoured
1852,HXK3,A,PHE,792,-67.65465366174934,-38.816598887947286,-178.5488926748085,111.40982342883105,72.21,-72.40017975478906,-67.74526115747014,,,,No,General,Favoured,General,Favoured
1853,HXK3,A,LEU,793,-64.50277194444035,-31.478597588012388,-179.0504972192484,109.5388326932171,103.74,-66.92047027920772,79.03185121437558,,,,No,General,Favoured,General,Favoured
1854,HXK3,A,SER,794,-70.55046898096418,-42.13234753541501,-179.6260195178136,111.29863429038973,44.72,-63.98333523400524,,,,,No,General,Favoured,General,Favoured
1855,HXK3,A,GLU,795,-67.08733503023262,-42.954691331665174,-178.25315396092327,109.45951475284107,54.12,-62.008788023204104,170.71298157267694,-3.587969291156593,,,No,General,Favoured,General,Favoured
1856,HXK3,A,GLU,797,-64.86355861641165,-39.926697073011404,-174.46570798578944,111.08716457707361,78.05,-171.69546386239062,104.75958669532722,15.67061122237842,,,No,General,Favoured,General,Favoured
1857,HXK3,A,SER,798,-69.48340987072345,-29.471063644518793,-175.00716114794054,111.56465376623147,90.38,-57.081803491210465,,,,,No,General,Favoured,General,Favoured
1858,HXK3,A,ASP,799,-68.66718601339925,147.4042343870311,-171.9074585670657,111.5885972573351,52.21,-163.11004568269487,8.282406894418525,,,,No,General,Favoured,General,Favoured
1859,HXK3,A,SER,800,-140.41004986858192,-174.72781468503857,-178.61138777624492,108.09777365880709,99.9,-62.612153692361616,,,,,No,General,Favoured,General,Favoured
1860,HXK3,A,LEU,801,65.00825851596667,-126.10568535576762,175.27213007068613,110.35968963228704,117.41,-65.27732597562995,-179.8344749870473,,,,No,General,Allowed,General,Allowed
1861,HXK3,A,ALA,802,-62.17022648016972,-28.170066480288224,-176.10553394702953,110.99565686751616,73.88,,,,,,No,General,Favoured,General,Favoured
1862,HXK3,A,LEU,803,67.57145337543022,31.983640081618407,-178.5751061646119,110.11312460559157,66.35,-64.9948326867513,-179.57914755787604,,,,No,General,Favoured,General,Favoured
1863,HXK3,A,ARG,804,-62.02846457761777,-40.03592442871317,179.25149082796844,108.5363422085668,97.95,61.43844234611831,178.7834710138765,-179.96346481697114,161.49664282352518,0.14781177623525052,No,General,Favoured,General,Favoured
1864,HXK3,A,GLN,805,-64.2296402054964,-38.32586382175228,-177.3901183852445,110.38945370607571,46.36,177.14829403117648,54.031915738029674,16.98896679396594,,,No,General,Favoured,General,Favoured
1865,HXK3,A,ARG,807,-64.11206651290108,-39.20151506666092,-178.35486597390206,108.78365124878906,142.95,-161.28408749996402,-170.75022917753262,-59.3338757083261,169.4355172153284,1.0174995134678746,No,General,Favoured,General,Favoured
1866,HXK3,A,ALA,808,-62.02246256403257,-43.72547012544871,-176.86995329766273,110.04462960380307,31.39,,,,,,No,General,Favoured,General,Favoured
1867,HXK3,A,LEU,810,-61.308657780566726,-36.07385231381791,-179.45281815153837,109.26840062290769,105.68,-81.06519559205492,56.778122952952444,,,,No,General,Favoured,General,Favoured
1868,HXK3,A,GLU,811,-66.24973810737711,-43.26430804821511,179.36124973599215,108.89917265627253,116.73,-175.5314728645664,74.16986433632086,-56.27754256766644,,,No,General,Favoured,General,Favoured
1869,HXK3,A,ASP,812,-62.042343636862284,-40.13618217586259,-176.80819540391514,108.400341910465,58.67,-69.19584234307248,-7.988710611655392,,,,No,General,Favoured,General,Favoured
1870,HXK3,A,LEU,813,-67.49771015469531,-24.374922067643425,-178.22801449997448,110.14099084948772,78.19,-59.532956241462415,-177.28902409010126,,,,No,General,Favoured,General,Favoured
1871,HXK3,A,LEU,817,-80.69406539802685,-18.35909811648799,-175.48714405803833,118.40181673975749,127.52,-61.99796096014609,-177.3507485733941,,,,No,General,Favoured,General,Favoured
1872,HXK3,A,THR,818,-43.91526146375982,145.82737434002914,-165.976668660599,113.41848851062049,68.68,68.44137827358075,,,,,No,General,Allowed,General,Allowed
1873,HXK3,A,SER,819,-57.55054670740057,-44.21532664664678,-175.88620402017082,108.52546860913172,74.36,179.91013300385393,,,,,No,General,Favoured,General,Favoured
1874,HXK3,A,ASP,820,-59.9544902078987,-40.140320938772646,-177.22259072348797,108.56534874952344,33.69,-67.19461068547983,-19.490584686786754,,,,No,General,Favoured,General,Favoured
1875,HXK3,A,ASP,821,-64.43989512825121,-36.97520543956241,-177.9271647561599,110.81640877306617,44.1,-73.02161186275161,-24.17971172625423,,,,No,General,Favoured,General,Favoured
1876,HXK3,A,ALA,822,-61.27959587494789,-42.90019545920161,-175.61046996822694,110.4345836705793,35.69,,,,,,No,General,Favoured,General,Favoured
1877,HXK3,A,LEU,823,-61.905604846172274,-45.0489786033893,-176.738311158575,109.69505414364819,79.5,-69.69212378114918,63.057520683998725,,,,No,General,Favoured,General,Favoured
1878,HXK3,A,MET,824,-62.89047297207146,-46.16818945589399,-176.60557781110953,109.9357257485366,143.35,-162.32445298841364,-62.617039238509015,-64.38043360470985,,,No,General,Favoured,General,Favoured
1879,HXK3,A,LEU,826,-60.79341951751887,-39.33122171256394,179.9486155169234,107.82937427893964,134.18,172.58530814751472,60.06302046602312,,,,No,General,Favoured,General,Favoured
1880,HXK3,A,GLU,827,-65.47128558626932,-45.46734282426933,-177.50855727991976,110.96108344875783,53.72,-172.036227442878,159.99048300328275,-33.431659893127055,,,No,General,Favoured,General,Favoured
1881,HXK3,A,CYS,829,-63.55459023634219,-42.95124333764083,-178.61248312379325,109.19049084324661,37.66,-65.13599124173307,,,,,No,General,Favoured,General,Favoured
1882,HXK3,A,GLN,830,-62.27839458078308,-43.567987559743116,-176.10567335449207,109.51139171124275,74.04,-174.9469460548176,-179.91948858465219,23.60198885878886,,,No,General,Favoured,General,Favoured
1883,HXK3,A,ALA,831,-63.488963058481865,-45.70278900133448,-177.93518309842514,110.16327871936714,35.43,,,,,,No,General,Favoured,General,Favoured
1884,HXK3,A,SER,833,-67.24207849849354,-30.98231080855771,-176.52135463164495,109.62233170893013,35.75,64.34255784480025,,,,,No,General,Favoured,General,Favoured
1885,HXK3,A,GLN,834,-68.34630462480008,-44.98177855262729,-179.38515694667865,110.15028710916226,36.56,-178.68212795275699,179.99285142065364,9.515350319962595,,,No,General,Favoured,General,Favoured
1886,HXK3,A,ARG,835,-63.84926965225114,-37.3764129185652,-176.2764374021265,108.45145175615853,142.19,65.79593218849601,170.96106692575881,-163.01628239630622,163.46645410503325,6.392044623928093,No,General,Favoured,General,Favoured
1887,HXK3,A,ALA,836,-60.67220600917936,-42.250838191089706,-178.75588059116708,109.00001932309186,35.73,,,,,,No,General,Favoured,General,Favoured
1888,HXK3,A,ALA,837,-67.2713203145259,-43.249985373248066,-179.39357146847718,110.53450568523084,36.49,,,,,,No,General,Favoured,General,Favoured
1889,HXK3,A,GLN,838,-66.3930733692994,-41.125615354705424,-177.36256752022365,109.92434830307495,39.06,-67.22937085084034,-179.9306967660213,-46.736762176083225,,,No,General,Favoured,General,Favoured
1890,HXK3,A,LEU,839,-62.82246839659672,-41.426789373204876,-178.80055323337396,107.88705351503027,50.15,-62.065480871942306,-179.89931067332623,,,,No,General,Favoured,General,Favoured
1891,HXK3,A,CYS,840,-63.780551220926654,-37.0652809545555,179.87811203137318,108.18273471142312,35.77,-179.8158812745974,,,,,No,General,Favoured,General,Favoured
1892,HXK3,A,ALA,842,-61.57442378094019,-42.840112533809176,-176.0941160999748,109.7856546379237,35.43,,,,,,No,General,Favoured,General,Favoured
1893,HXK3,A,ALA,845,-66.40719686765404,-41.72074831725628,177.81306364294434,110.22163379421299,39.19,,,,,,No,General,Favoured,General,Favoured
1894,HXK3,A,ALA,846,-61.780079461442895,-42.9980483834669,-178.18057852546528,108.98929886318217,36.55,,,,,,No,General,Favoured,General,Favoured
1895,HXK3,A,GLU,849,-73.322738753594,-40.648320579407766,178.37708133856603,110.60083704815031,53.75,-69.01178632106941,-176.80401586742025,38.41639732731963,,,No,General,Favoured,General,Favoured
1896,HXK3,A,LYS,850,-60.81871182625906,-34.42509087135156,-175.97942019037467,107.34444469028027,135.45,-162.24244889052156,-62.13343672323857,-179.85989623048744,-72.59742254655404,,No,General,Favoured,General,Favoured
1897,HXK3,A,ARG,852,-71.55822550973011,-36.94815892038632,-174.7770722415512,113.54544979706768,170.93,63.34672431928414,-177.9081093390762,-179.87611262958947,89.40594262852457,-3.1124036896638496,No,General,Favoured,General,Favoured
1898,HXK3,A,GLU,853,-60.98178693441203,-35.686225832442986,-176.8623697173267,108.16115913139875,80.61,-176.05844029735874,179.9868100381508,-2.443932484617651,,,No,General,Favoured,General,Favoured
1899,HXK3,A,ASN,854,-58.62119418887162,-48.60892069549674,-177.84865917844795,108.78778934504294,54.57,-66.66060986468086,-40.84818647052304,,,,No,General,Favoured,General,Favoured
1900,HXK3,A,ARG,855,-74.730817843893,-32.59507628249917,-178.7007366525643,113.28067945983719,125.45,-68.63727619756065,174.0389733008046,170.63170459178602,137.511327351973,-1.3818482108050156,No,General,Favoured,General,Favoured
1901,HXK3,A,LEU,857,-84.23042972659697,149.21833570743175,-178.49687423145417,110.11411048035983,107.9,-56.890086539264495,172.28158307379005,,,,No,General,Favoured,General,Favoured
1902,HXK3,A,GLU,858,-87.34290230064008,-60.873372781100855,173.22587212770824,114.86463456149994,127.54,-179.8409804225637,-179.98430586119275,37.86565861478186,,,No,General,Favoured,General,Favoured
1903,HXK3,A,GLU,859,-116.28840021222379,126.81151605772172,-171.65518794943304,108.02444114322418,101.3,179.94260734959383,-178.31990485938388,-47.636594712820624,,,No,General,Favoured,General,Favoured
1904,HXK3,A,LEU,860,-135.29366804463345,136.31676256123578,-174.6600119414429,111.0451932994974,126.72,-54.05172644145942,71.19445171267668,,,,No,General,Favoured,General,Favoured
1905,HXK3,A,ALA,861,-98.37980105538124,116.38103634069684,174.82043493801322,104.47731802117262,40.56,,,,,,No,General,Favoured,General,Favoured
1906,HXK3,A,SER,863,-130.47140657486665,145.20753506066245,-179.93573317664232,108.53125020019206,84.47,54.47409292046452,,,,,No,General,Favoured,General,Favoured
1907,HXK3,A,ASP,867,-132.4788819768719,179.45803579418998,178.95557242930036,106.1178155718519,76.63,-163.8850836609257,0.8583646045531134,,,,No,General,Favoured,General,Favoured
1908,HXK3,A,THR,869,-66.63474652322559,-43.951217536171924,-174.66378954188858,112.59900389829703,97.62,-56.99456918852646,,,,,No,General,Favoured,General,Favoured
1909,HXK3,A,LEU,870,-61.642170545252185,-45.55173998200363,-175.5154120278836,109.3433449913875,50.08,179.896259698805,62.320889563591905,,,,No,General,Favoured,General,Favoured
1910,HXK3,A,TYR,871,-63.52847091042969,-47.43127454015832,-174.5207602098741,109.95317917891045,133.63,-168.58537789318117,-81.07273145940009,,,,No,General,Favoured,General,Favoured
1911,HXK3,A,LYS,872,-65.77972851508264,-52.24442492271291,-176.8638691565999,110.40298667574719,77.26,-55.95144392827391,163.11717824534728,-168.64893406306766,168.03039606477842,,No,General,Favoured,General,Favoured
1912,HXK3,A,LEU,873,-72.537168425758,-32.085073366852654,-173.33909249785208,115.00173637740333,108.85,-68.56638329007829,-66.5364801108467,,,,No,General,Favoured,General,Favoured
1913,HXK3,A,ARG,876,-84.56052760366573,-22.696474408076917,-175.72537456581534,116.51629878971505,191.71,63.40642843079601,172.2080341686663,-63.280956800554264,143.8028029027753,0.12325543865646874,No,General,Favoured,General,Favoured
1914,HXK3,A,PHE,877,-55.732429344810555,-48.86117068564953,-164.56822982214226,113.16974340756364,122.7,-168.626831669863,-86.46674003465377,,,,No,General,Favoured,General,Favoured
1915,HXK3,A,SER,878,-59.5568485225654,-54.260635959592854,-176.42212795313182,110.83158495874748,44.31,64.79292335770765,,,,,No,General,Favoured,General,Favoured
1916,HXK3,A,SER,879,-59.871499342630806,-41.40461095077439,-173.2680988285522,110.55189846100183,67.8,-179.99794764151935,,,,,No,General,Favoured,General,Favoured
1917,HXK3,A,LEU,880,-62.7917725148386,-43.42497925587654,-176.57034960169153,108.95570691719418,89.81,-179.06230489394866,-71.96013426495034,,,,No,General,Favoured,General,Favoured
1918,HXK3,A,ALA,882,-60.956830712614,-43.714924287006326,-177.70331775744344,107.99972189527311,24.81,,,,,,No,General,Favoured,General,Favoured
1919,HXK3,A,ALA,883,-63.10432861341743,-40.06787761204924,-179.44297436378457,108.42984845488802,20.28,,,,,,No,General,Favoured,General,Favoured
1920,HXK3,A,THR,884,-62.71427417635299,-43.175022505511926,-176.97461424732668,109.8491977047874,31.01,-58.80280186726905,,,,,No,General,Favoured,General,Favoured
1921,HXK3,A,ARG,886,-62.28444199375984,-41.70192593817484,-177.22330191485233,109.20246488733218,88.69,179.94752177700107,-179.98335160378107,179.76553837561036,176.0432042369857,-1.0823887613322487,No,General,Favoured,General,Favoured
1922,HXK3,A,GLU,887,-68.37059025366781,-46.63364595717675,-176.20777393611277,112.63758940416425,91.29,-75.86082908441003,-68.41851354398753,49.64408210719081,,,No,General,Favoured,General,Favoured
1923,HXK3,A,LEU,888,-73.84788130107913,-27.832951592972616,-174.99924064002596,114.15551661467161,96.81,-64.4551029982648,-176.91466446713144,,,,No,General,Favoured,General,Favoured
1924,HXK3,A,ARG,891,-67.3919461395371,-34.133090153268945,-175.09958957635965,110.37250614472121,65.85,-59.43373021927908,-179.7135993049608,-179.32766125776178,-161.1909784073474,2.027211553510404,No,General,Favoured,General,Favoured
1925,HXK3,A,CYS,892,-90.90286995060796,146.33429152059813,-174.93076659248376,110.76754391906898,48.0,-60.51083479291431,,,,,No,General,Favoured,General,Favoured
1926,HXK3,A,THR,895,-112.43658329722251,144.44373186134777,176.81242089118564,106.12221667054482,104.49,-172.45816743795757,,,,,No,General,Favoured,General,Favoured
1927,HXK3,A,PHE,896,-116.68790737250357,121.85187251365551,178.10700050515032,107.75203765083377,58.94,-71.92287068241774,79.87324446294221,,,,No,General,Favoured,General,Favoured
1928,HXK3,A,LEU,897,-115.33444223528012,131.76943587452436,-178.68794025770688,106.56974746536274,119.01,-163.67935336625376,-168.57411287178766,,,,No,General,Favoured,General,Favoured
1929,HXK3,A,GLN,898,-68.92989585786405,147.74549574421408,-178.28774312034471,107.9735777557204,110.62,-178.63621939513348,84.56389301470298,-66.35830200613924,,,No,General,Favoured,General,Favoured
1930,HXK3,A,SER,899,-124.82240133189717,-76.28976738327847,-174.66813989949918,109.10559678010017,173.69,-169.44716058986438,,,,,No,General,Allowed,General,Allowed
1931,HXK3,A,GLU,900,67.33094655908847,-166.9790004874897,174.19551071173282,110.88869004024815,260.73,-63.058354961516606,179.97990332723333,3.4872143490916656,,,No,General,Allowed,General,Allowed
1932,HXK3,A,ASP,901,61.99783056433508,13.263678269294664,176.3664524698811,109.50775658678444,93.33,-71.77797266950077,-13.534689689040363,,,,No,General,Favoured,General,Favoured
1933,HXK3,A,SER,903,76.10985055017487,-109.75963673605035,6.478108414922904,103.73333879756058,237.86,-63.958870861843984,,,,,No,General,Disallowed,General,Disallowed
1934,HXK3,A,LYS,905,-69.32883112790864,-39.09735284551522,178.83321321751689,111.33094971254215,93.79,178.18091314374473,172.25105672711004,52.02824180853139,175.8014602340075,,No,General,Favoured,General,Favoured
1935,HXK3,A,ALA,907,-59.06002701192159,-41.435703143778774,-178.6383873855628,109.79071462624944,44.69,,,,,,No,General,Favoured,General,Favoured
1936,HXK3,A,ALA,908,-71.16056535101633,-36.306748981268676,177.28728770126068,111.23514958476703,54.96,,,,,,No,General,Favoured,General,Favoured
1937,HXK3,A,LEU,909,-69.61249482167166,-33.04939463420182,-176.90689638788527,111.4506277680623,79.78,-64.34554162108468,-175.73285751527774,,,,No,General,Favoured,General,Favoured
1938,HXK3,A,THR,911,-70.7258931783587,-33.91316759650321,179.47743361758583,112.07026161279619,157.76,-174.5147490838407,,,,,No,General,Favoured,General,Favoured
1939,HXK3,A,ALA,912,-59.42702263011935,-41.5710363178612,-179.98604548069872,107.84542755585886,39.77,,,,,,No,General,Favoured,General,Favoured
1940,HXK3,A,ALA,914,-69.02168029786867,-41.44505761849677,177.38744509619008,109.61578529433953,45.12,,,,,,No,General,Favoured,General,Favoured
1941,HXK3,A,CYS,915,-65.08437278297112,-17.37483613413059,-177.0112149490371,108.86176363158565,60.7,-63.218839545913255,,,,,No,General,Favoured,General,Favoured
1942,HXK3,A,ARG,916,-62.910167485423,-33.95567405589538,-175.73124401620208,111.37918491693885,158.1,66.98021089415619,-174.5800540872767,-58.20355026996325,88.56498248771206,-1.0435641698367515,No,General,Favoured,General,Favoured
1943,HXK3,A,LEU,917,-56.05439387904978,141.19984058328615,-173.36365583556608,111.50390390917998,131.76,-66.5134054087792,-65.11098100436996,,,,No,General,Favoured,General,Favoured
1944,HXK3,A,ALA,918,-154.65236847266038,-165.80764241871543,179.46240524824472,101.81787128528639,232.28,,,,,,No,General,Favoured,General,Favoured
1945,HXK3,A,GLN,919,-60.103842120504794,111.43517554357027,177.1134815438679,105.37022053644759,255.73,-67.31858075732553,-69.55263031721219,42.17242280780969,,,No,General,Favoured,General,Favoured
1946,HXK3,A,LEU,920,-114.05659867595449,143.48537827246102,-176.46726853078556,107.27396698065289,320.3,-179.39210475969514,-71.14156428008575,,,,No,General,Favoured,General,Favoured
1947,HXK3,A,THR,921,-115.35312396993623,135.9062375005291,177.82579803161187,106.0960448001993,258.72,61.53621456136562,,,,,No,General,Favoured,General,Favoured
1948,HXK3,A,ARG,922,-107.93655816908326,135.3451977069597,-179.8083908650804,107.24024704442697,254.33,56.63836147116541,-81.19739637520972,177.71852570223055,172.69331537986332,-1.1318112581656636,No,General,Favoured,General,Favoured
1949,HXK3,A,ASP,2,-83.86796598090318,167.99173014584176,178.77027287320587,107.30810705660575,145.83,-69.99776134547702,-0.6675751032081094,,,,No,General,Favoured,General,Favoured
1950,HXK3,A,SER,3,-81.5705553005889,168.5949054783778,177.72137522168643,106.31780750984639,107.64,64.50305057035027,,,,,No,General,Favoured,General,Favoured
1951,HXK3,A,SER,6,-93.09367494838304,142.9529432013922,178.54833892154204,106.41207300475854,134.05,179.98413250081103,,,,,No,General,Favoured,General,Favoured
1952,HXK3,A,SER,7,-79.39860080370757,169.7064205651023,176.72890562240693,104.87045088502818,158.22,-68.74684276381937,,,,,No,General,Favoured,General,Favoured
1953,HXK3,A,LEU,9,-98.02127266916692,123.44707548305526,-179.48230705902375,106.55224542693755,168.48,-59.37546120747408,-179.87668741155477,,,,No,General,Favoured,General,Favoured
1954,HXK3,A,ARG,10,-62.546223047429386,-45.693799773255215,-179.8472766239369,106.90477356965407,140.52,57.72973505387628,-166.1178785131514,-71.86738141879823,-115.23258321478292,-0.9041344228477504,No,General,Favoured,General,Favoured
1955,HXK3,A,GLN,11,-135.50560671143532,123.32112724539151,179.1903206404812,107.21086620648514,223.46,62.33363751658875,-171.5857086459108,174.30451721358313,,,No,General,Favoured,General,Favoured
1956,HXK3,A,GLU,13,-103.43012459692946,109.29538729677425,-178.03134160440266,110.11346683414604,217.38,-77.38851079272432,93.10483456539541,-13.889913224195649,,,No,General,Favoured,General,Favoured
1957,HXK3,A,GLU,14,-114.87233036391409,68.77075904572983,170.16933721239667,102.01854022532328,212.7,-65.91031831831317,-68.73439381457372,39.11852985786312,,,No,General,Allowed,General,Allowed
1958,HXK3,A,THR,15,-136.34715013761092,171.0424386359919,-175.10784498555677,108.62233244559057,274.89,-172.48316874551352,,,,,No,General,Favoured,General,Favoured
1959,HXK3,A,LEU,16,-77.19603074736179,136.0915941516943,-178.72864402527847,108.27739881469634,208.22,-60.73565136700514,-179.54495305754924,,,,No,General,Favoured,General,Favoured
1960,HXK3,A,SER,17,-100.95494249965162,171.97776510085535,174.9997240990455,105.23146339790051,165.62,-65.3027060183731,,,,,No,General,Favoured,General,Favoured
1961,HXK3,A,CYS,18,-82.3520675409296,72.71808275994306,178.33560080492543,106.72665387621393,86.7,53.375651157199925,,,,,No,General,Favoured,General,Favoured
1962,HXK3,A,SER,19,-67.81866322351519,-42.86928116722478,-179.2518553605396,108.79969410209445,42.36,67.01538335570231,,,,,No,General,Favoured,General,Favoured
1963,HXK3,A,GLU,20,-68.91266493422478,122.74455374407533,-175.60080283772348,108.7443861987119,198.14,-65.16929651403265,168.8229582025639,73.01873795747085,,,No,General,Favoured,General,Favoured
1964,HXK3,A,GLU,21,-147.74444828896893,145.49188470163992,177.3558138204004,104.32119858864436,294.04,-61.925107925403,-81.50363324371848,-32.50053365798448,,,No,General,Favoured,General,Favoured
1965,HXK3,A,SER,27,104.58580752951478,175.4567364358662,178.92526371540487,106.76699628507744,206.03,-178.7406338972717,,,,,No,General,Disallowed,General,Disallowed
1966,HXK3,A,ASP,28,-108.19857800408876,53.17736552996687,179.49421188244827,105.99927653365756,117.57,-170.9185214405319,-4.75885283510133,,,,No,General,Allowed,General,Allowed
1967,HXK3,A,SER,29,-70.99425113462468,-24.389078348924407,179.96572063757202,108.21224716846447,38.69,62.68129450304329,,,,,No,General,Favoured,General,Favoured
1968,HXK3,A,SER,30,-63.55106285982464,-48.29987783089458,-179.24835568658622,108.72717469494054,27.12,64.84808551775316,,,,,No,General,Favoured,General,Favoured
1969,HXK3,A,GLU,31,-63.81519922701509,-37.464495193126744,-177.20409675338215,109.0392808424948,62.49,-70.86449853322091,-73.56922684609454,68.8931021027161,,,No,General,Favoured,General,Favoured
1970,HXK3,A,LEU,32,-62.03075562544774,-44.57115731293588,-177.82059225155112,108.85143337441674,33.52,-62.85462452088534,-179.93764738428322,,,,No,General,Favoured,General,Favoured
1971,HXK3,A,GLN,34,-61.84936088457981,-42.85538076939592,-175.86476322607035,109.12115710215053,43.84,-60.983339842551025,-175.29183122082242,8.821102567475007,,,No,General,Favoured,General,Favoured
1972,HXK3,A,GLU,35,-67.35545399524348,-38.374187807416185,-178.9616372127142,109.77458541038324,108.98,61.63359154105298,92.12040676624389,49.40294726468157,,,No,General,Favoured,General,Favoured
1973,HXK3,A,CYS,36,-65.86841303308478,-44.35658527549178,-177.89181865504327,110.95683528757256,54.47,179.5069528258274,,,,,No,General,Favoured,General,Favoured
1974,HXK3,A,LEU,37,-78.71940556132587,-1.0869450464197137,-178.40972433127035,113.86170315390407,108.38,-64.74598152389878,-176.17371514705346,,,,No,General,Favoured,General,Favoured
1975,HXK3,A,GLN,38,-47.14784553950537,-38.02696646679537,-167.40401565243474,113.35263386340085,116.44,65.70564211613582,179.45978032652417,132.2154545952649,,,No,General,Favoured,General,Favoured
1976,HXK3,A,GLN,39,-62.92481097637743,-27.10730150811038,-177.95722397420877,110.31095265719293,102.0,-175.43902934676606,171.129574541918,44.32331255081117,,,No,General,Favoured,General,Favoured
1977,HXK3,A,PHE,40,-72.77717630759112,-20.833033131096702,-179.98508975842546,113.20295588843021,100.35,-70.89983884890606,82.85381781100465,,,,No,General,Favoured,General,Favoured
1978,HXK3,A,LYS,41,-98.19977826136358,121.2509830430024,178.9064617132585,107.87140681204484,86.35,-68.28629552912875,176.96568934090467,73.96591878165444,178.10667841498523,,No,General,Favoured,General,Favoured
1979,HXK3,A,THR,43,-76.94651754551967,161.25562072380092,-179.9000754284116,106.9723609320929,27.01,-57.313874699775006,,,,,No,General,Favoured,General,Favoured
1980,HXK3,A,ARG,44,-60.539535885997125,-34.81717745548047,-178.91622752439443,107.56609516258678,119.8,179.94658333374727,-179.93632263929555,62.592658586273,-166.86752063053763,-0.7585010267531594,No,General,Favoured,General,Favoured
1981,HXK3,A,ALA,45,-61.35727911140971,-45.03854889518429,-178.27519524688233,108.70912224533133,24.04,,,,,,No,General,Favoured,General,Favoured
1982,HXK3,A,GLN,46,-62.8744660542884,-39.30061933455612,-177.59023264015437,108.18949390982424,69.15,-175.1035177070983,175.6819855088741,14.448181310770426,,,No,General,Favoured,General,Favoured
1983,HXK3,A,LEU,47,-63.402733025160124,-41.33298929229782,-177.88709514811228,110.17533732298999,40.0,-66.20812025980116,-179.23928021763678,,,,No,General,Favoured,General,Favoured
1984,HXK3,A,GLN,48,-66.3938874870887,-38.53436868937609,-179.83233569171787,108.45880161420502,39.89,-65.05922224374261,-177.7378220593743,63.58618139985732,,,No,General,Favoured,General,Favoured
1985,HXK3,A,GLN,49,-62.41062633481006,-45.0362299731909,-178.04587599770204,107.82473322206965,71.69,-179.64818094111942,176.69762501490155,55.87259507813332,,,No,General,Favoured,General,Favoured
1986,HXK3,A,GLN,51,-63.198824851601614,-38.43822660614952,-177.49772979374404,109.26873429863939,89.47,66.77145255591515,-165.40063170017703,56.413372270535355,,,No,General,Favoured,General,Favoured
1987,HXK3,A,ALA,52,-62.759807454676285,-40.477525471994184,179.7675261429702,109.11147694145335,22.78,,,,,,No,General,Favoured,General,Favoured
1988,HXK3,A,SER,53,-63.75045142573356,-39.52818700738747,-177.34941802807998,109.58710187341354,27.09,68.55043636885908,,,,,No,General,Favoured,General,Favoured
1989,HXK3,A,LEU,54,-61.80268013652701,-38.413543047882854,-178.05136264854758,107.59291224338992,149.26,-59.600385144316846,176.7888414713016,,,,No,General,Favoured,General,Favoured
1990,HXK3,A,LEU,55,-59.341365603767244,-40.77678589682054,-177.9048573059504,107.84077432003278,73.61,-179.84674295724687,-72.7796960846307,,,,No,General,Favoured,General,Favoured
1991,HXK3,A,SER,57,-61.40013795607589,-41.26405182149667,-177.14958969449424,109.07943896741281,73.2,-63.64264227850952,,,,,No,General,Favoured,General,Favoured
1992,HXK3,A,MET,58,-61.1862952855313,-40.07532109543815,-178.81479666915996,108.66201581152907,44.11,-68.26591019921558,-176.66813195391418,-67.65759767387736,,,No,General,Favoured,General,Favoured
1993,HXK3,A,GLU,59,-66.75509771347346,-40.26328313955661,-178.690208482921,109.9914467828066,34.97,-66.82112981003337,-179.73273672783037,14.708859738624733,,,No,General,Favoured,General,Favoured
1994,HXK3,A,GLN,60,-64.32216689175718,-40.18607297269583,-175.0115191502331,111.17485770954718,92.18,60.67915153387923,-172.61958175390325,-115.74454599396103,,,No,General,Favoured,General,Favoured
1995,HXK3,A,ALA,61,-63.30912428930747,-43.27569900354439,-179.42743660759405,111.05535323094087,59.88,,,,,,No,General,Favoured,General,Favoured
1996,HXK3,A,LEU,62,-68.50090093018771,-37.968929484566296,-176.69960671761862,111.79075145033059,110.58,-79.50013020764224,-75.95068313205422,,,,No,General,Favoured,General,Favoured
1997,HXK3,A,ARG,63,-71.14971831226536,146.2230679194862,-174.55040564792245,111.05393345266948,111.24,-64.99593102986553,-164.52312478586413,72.1589942731728,139.652142475181,0.28676308655805716,No,General,Favoured,General,Favoured
1998,HXK3,A,GLN,65,-65.72459083903905,-43.55303631466165,-175.73029440479607,107.81427881597288,43.98,-60.38058307516016,176.7126914206658,-168.82289022676886,,,No,General,Favoured,General,Favoured
1999,HXK3,A,ALA,66,-67.29691935776997,-36.155544066555194,-177.64796283253705,112.17864071544197,66.22,,,,,,No,General,Favoured,General,Favoured
2000,HXK3,A,ALA,71,-66.78379553736902,-39.594122583357844,-178.04136852712872,111.88552766323846,58.65,,,,,,No,General,Favoured,General,Favoured
2001,HXK3,A,ARG,73,-68.88275549329425,-37.76371320635384,-174.02202266449666,113.5627988376884,87.25,-75.67813481107099,-170.04565291494885,169.5286517156992,-164.62287483890918,-1.165762399990014,No,General,Favoured,General,Favoured
2002,HXK3,A,MET,74,50.125306327468785,58.85352577730891,-177.64119300513042,109.96304657772913,92.78,-62.74380962356459,-71.82074097022513,-94.01782886491262,,,No,General,Favoured,General,Favoured
2003,HXK3,A,THR,77,-85.6197544319869,-25.24648974415135,178.2664252270387,113.42920635306227,85.39,66.37124478474209,,,,,No,General,Favoured,General,Favoured
2004,HXK3,A,TYR,78,72.65920986920185,12.043471751470905,-176.8408849397904,111.12749564129896,96.4,-60.94118375004012,-72.31240144199352,,,,No,General,Favoured,General,Favoured
2005,HXK3,A,SER,81,-150.7292766934497,159.1640614984989,-174.02176123375932,109.63638217944938,54.79,177.6760360275682,,,,,No,General,Favoured,General,Favoured
2006,HXK3,A,HIS,84,-85.04613289652927,-23.34963905332359,177.5665766005839,113.2246780978222,130.4,-167.7184774423491,-80.92381587404964,,,,No,General,Favoured,General,Favoured
2007,HXK3,A,THR,86,-80.99465782248477,-14.693014234615395,179.89657682271587,112.81153591225589,86.53,63.35574037115557,,,,,No,General,Favoured,General,Favoured
2008,HXK3,A,GLU,87,-54.25911847938479,147.76867783097532,-174.39652635964848,111.55083280464457,105.6,-68.61137094829148,76.37032968816128,9.930765121287429,,,No,General,Favoured,General,Favoured
2009,HXK3,A,GLN,88,-157.83845778966622,152.65459510659926,176.45717650590686,109.28721486752212,89.34,69.92229289792212,94.28371941439107,-172.5554766265886,,,No,General,Favoured,General,Favoured
2010,HXK3,A,ASP,90,-115.12157569518205,133.61952775309382,177.0810742262597,106.4764313461871,48.56,-70.73891827755767,-42.76852536452615,,,,No,General,Favoured,General,Favoured
2011,HXK3,A,PHE,91,-139.48229037914734,153.17903781817836,-175.51680524689755,109.99613479891225,59.77,-55.6754355675736,83.80596687508547,,,,No,General,Favoured,General,Favoured
2012,HXK3,A,LEU,94,-132.8804254987475,135.24611018411406,176.12685109211515,106.51729234114696,69.27,-59.99157342091706,-179.78915403421829,,,,No,General,Favoured,General,Favoured
2013,HXK3,A,GLU,95,-114.81879263480899,122.01279756663783,175.8686743992747,104.4911359327921,58.55,-64.0018053441347,-178.54927777208744,-27.532629999260426,,,No,General,Favoured,General,Favoured
2014,HXK3,A,LEU,96,-121.808344517115,123.66702456407734,-174.22922863143785,109.15222795299859,135.55,-173.15238803439536,179.86489889893556,,,,No,General,Favoured,General,Favoured
2015,HXK3,A,ALA,98,-59.80996952054725,-53.948835520064385,-178.26123955570247,104.73984543020754,61.63,,,,,,No,General,Favoured,General,Favoured
2016,HXK3,A,THR,99,-78.02640822989741,-42.47889230237595,167.07919500142444,105.13683492287291,111.0,-177.86934962052212,,,,,No,General,Favoured,General,Favoured
2017,HXK3,A,ALA,101,64.3547760949248,13.520892929191756,-176.63440520114048,107.30590514705425,51.19,,,,,,No,General,Favoured,General,Favoured
2018,HXK3,A,SER,102,-174.68904107124277,158.2140249959394,179.40429743996793,104.50551589476852,95.51,178.43172364812236,,,,,No,General,Favoured,General,Favoured
2019,HXK3,A,LEU,103,-158.90449765510795,163.97227083671618,178.1003191866528,107.43218878115458,155.9,59.16651438095763,69.72329337783226,,,,No,General,Favoured,General,Favoured
2020,HXK3,A,ARG,104,-112.89088678050175,153.35275065140146,-178.39410152618214,107.77088187540178,137.32,-62.79689726259047,172.27294240695684,-175.80799373455145,82.65893218504931,0.6445025180505254,No,General,Favoured,General,Favoured
2021,HXK3,A,LEU,106,-119.83616299451937,154.3099747796632,-173.20933723884315,110.56170782731995,106.49,-59.10509094565761,72.24932872498307,,,,No,General,Favoured,General,Favoured
2022,HXK3,A,TRP,107,-120.3346484077681,126.2186792388286,174.21277629764563,104.64583858030647,98.86,175.14478724494447,73.45821942832666,,,,No,General,Favoured,General,Favoured
2023,HXK3,A,THR,109,-110.61591026780728,123.24254912313764,178.61919192426916,107.53929327352718,53.27,-59.69377651384469,,,,,No,General,Favoured,General,Favoured
2024,HXK3,A,LEU,110,-121.25216643357423,129.53642545628472,-178.2547311519676,107.2931750009158,107.09,-165.1031045220092,-179.1303437470853,,,,No,General,Favoured,General,Favoured
2025,HXK3,A,THR,111,-124.2679234973448,148.0780686623372,179.2572385153672,109.36669557722264,123.77,51.9393414171027,,,,,No,General,Favoured,General,Favoured
2026,HXK3,A,GLU,114,121.1252513387001,141.5463998231627,-173.8641586579815,98.03074886298351,427.85,64.3180509935842,167.87019889408955,20.666531464412433,,,No,General,Disallowed,General,Disallowed
2027,HXK3,A,HIS,116,51.44224220439272,52.82321764683365,173.3727130163683,110.13290796788607,97.08,-56.45136063169141,78.09743405268121,,,,No,General,Favoured,General,Favoured
2028,HXK3,A,ARG,117,-111.69771034857938,118.40754941417808,-179.99938414339775,106.89253257166096,129.39,-158.68769690361216,-167.02925907720356,-44.727566073718485,139.89930982751164,4.2388589795435445,No,General,Favoured,General,Favoured
2029,HXK3,A,ARG,121,-154.89398517416208,140.2617227400101,169.52215163235303,102.53205559733463,127.97,-172.89170277034742,68.91509494558463,171.77863387471805,-92.70089386614222,-0.7015795637800395,No,General,Favoured,General,Favoured
2030,HXK3,A,SER,122,-150.46430867904783,161.65969847024775,-178.06770104019503,109.47717120619967,44.21,63.389109606015055,,,,,No,General,Favoured,General,Favoured
2031,HXK3,A,GLN,123,-148.73006077845167,149.60639098810879,176.21084773752935,109.2247988013297,102.78,-178.47313342451247,-169.81132067331095,-14.264238400763405,,,No,General,Favoured,General,Favoured
2032,HXK3,A,GLU,124,-108.88797768920494,140.94600034285742,-178.1795592375463,109.69877633281085,100.03,-76.2326218532257,80.45066206475089,38.05889950605586,,,No,General,Favoured,General,Favoured
2033,HXK3,A,PHE,125,-128.1644899735311,155.01784777367342,-179.92576489140095,106.98585750651158,66.8,-58.38828158503231,82.44922316283274,,,,No,General,Favoured,General,Favoured
2034,HXK3,A,GLN,129,-128.49219996225224,-79.91233237767453,-175.75305261558594,108.33782044495642,205.12,-179.98140981822272,71.96673757134441,-50.362280082710015,,,No,General,Allowed,General,Allowed
2035,HXK3,A,GLU,130,-56.36131435976758,-46.26008980414652,-176.19283021934424,106.50726935103714,71.28,-68.40894187879427,-160.86510016199054,10.319567222938668,,,No,General,Favoured,General,Favoured
2036,HXK3,A,MET,132,-83.75224037897512,65.40900969702464,-176.68898432689113,106.38298297135049,142.11,-64.17295854032064,179.13209422063534,-178.04765516266949,,,No,General,Favoured,General,Favoured
2037,HXK3,A,LEU,133,-68.58002325862687,-43.07872898205317,178.90103326323612,108.4353311414266,65.78,-68.18972157306696,-175.58607411418325,,,,No,General,Favoured,General,Favoured
2038,HXK3,A,ALA,135,-71.95543605604578,-38.43811766549858,176.33541237121725,113.13455994092942,119.29,,,,,,No,General,Favoured,General,Favoured
2039,HXK3,A,GLN,137,-66.0671414585815,-39.87125717107694,174.25381336206453,102.69980979384397,162.11,-176.66576732596985,91.346150580951,138.99086938443406,,,No,General,Favoured,General,Favoured
2040,HXK3,A,GLN,138,-66.25759914985242,-38.487110835702694,179.5799922848573,107.8515427799707,98.28,-61.63024492662945,179.73892621021153,-18.897645055783705,,,No,General,Favoured,General,Favoured
2041,HXK3,A,LEU,139,-63.957053499671,-46.55433037849054,-174.39108499935148,110.55687607839096,136.44,-165.0028431162467,-179.4109167880096,,,,No,General,Favoured,General,Favoured
2042,HXK3,A,PHE,140,-68.20745368118207,-36.471445849397305,-178.40572350400845,110.75203026184053,80.33,-79.88651323254345,-82.27391148464238,,,,No,General,Favoured,General,Favoured
2043,HXK3,A,ASP,141,-58.95366634142145,-39.01738245348594,178.77822449753643,106.12856445948007,45.35,-66.5601251272903,-23.18577163468405,,,,No,General,Favoured,General,Favoured
2044,HXK3,A,PHE,142,-66.82176002165257,-40.21956051324198,-179.0284359073446,108.18420532619017,63.97,-154.32426408892053,84.80936171946092,,,,No,General,Favoured,General,Favoured
2045,HXK3,A,ALA,143,-63.85529794750492,-44.40897398294637,-177.65461190989745,111.7040090698644,50.64,,,,,,No,General,Favoured,General,Favoured
2046,HXK3,A,ALA,144,-63.391400490994045,-38.60055846341347,-178.14234529951688,108.65311688535948,35.3,,,,,,No,General,Favoured,General,Favoured
2047,HXK3,A,HIS,145,-61.95366628110185,-44.89634029013687,-178.48756685139938,109.67576352766152,98.86,179.9894301896989,72.49445969204346,,,,No,General,Favoured,General,Favoured
2048,HXK3,A,CYS,146,-61.905186770136126,-44.95542648761345,-177.86559436130264,108.3473937785089,38.18,-61.95501308525202,,,,,No,General,Favoured,General,Favoured
2049,HXK3,A,LEU,147,-62.486338131655806,-36.4090500836424,-176.9401492671341,108.36223599291935,123.38,-167.06928074339683,173.24685862938588,,,,No,General,Favoured,General,Favoured
2050,HXK3,A,SER,148,-67.97646346719688,-39.139807853259356,179.70334670921798,109.2518139260023,42.67,69.28158826982092,,,,,No,General,Favoured,General,Favoured
2051,HXK3,A,GLU,149,-62.63113438155743,-44.023336835625,-179.21895076610818,107.44261284034222,98.09,-168.95191845857767,96.28917424248833,-1.8358963641520427,,,No,General,Favoured,General,Favoured
2052,HXK3,A,PHE,150,-62.79796714933207,-42.512593775616395,-176.44428305939365,108.89314672244215,67.17,-175.1639086655863,64.79571475327904,,,,No,General,Favoured,General,Favoured
2053,HXK3,A,LEU,151,-63.35949935498197,-44.31130009427524,-179.16517853733953,109.56009784724775,46.42,-63.94127448275257,-179.9015182310571,,,,No,General,Favoured,General,Favoured
2054,HXK3,A,ASP,152,-65.41049508704911,-42.61912070055469,-178.10172163918386,110.04325513380647,37.65,-73.05308742201859,5.859361962341517,,,,No,General,Favoured,General,Favoured
2055,HXK3,A,ALA,153,-61.59146970114841,-37.06456650600657,-178.59707442980874,107.80244221610619,40.76,,,,,,No,General,Favoured,General,Favoured
2056,HXK3,A,ASN,157,-49.21316386598905,-35.963188372956374,-164.58974026279276,113.03808630491848,103.73,-171.52431179630983,-68.18772295322216,,,,No,General,Favoured,General,Favoured
2057,HXK3,A,LYS,158,-63.085910501534,-31.738807769528957,-178.9115067823039,110.86689661893408,129.1,-71.11575935616466,67.70596732896239,-102.13506685778466,-73.05326714692976,,No,General,Favoured,General,Favoured
2058,HXK3,A,GLN,159,-80.47848252441372,151.3629462007074,-175.1576784692748,112.8395372360584,94.0,-72.7068519110257,73.98810180374275,-119.7280597408143,,,No,General,Favoured,General,Favoured
2059,HXK3,A,LEU,161,-124.09537026070348,162.48194152905413,-174.1155492756117,109.75984804673828,58.15,-58.0110535894226,-179.07306681789527,,,,No,General,Favoured,General,Favoured
2060,HXK3,A,GLN,162,-72.58181003611027,154.01221824634808,178.7228426489445,108.24026918410068,42.65,-63.0022675913425,179.92490955021952,77.13298822559132,,,No,General,Favoured,General,Favoured
2061,HXK3,A,LEU,163,-128.5207413976103,128.91878378617994,-177.6646806199094,109.1990589861264,65.18,-179.98851040799514,60.51195418386147,,,,No,General,Favoured,General,Favoured
2062,HXK3,A,PHE,165,-120.62631789034778,146.73911109334077,176.16169578543168,107.67218892604319,78.82,-83.7150480872089,59.287531962924426,,,,No,General,Favoured,General,Favoured
2063,HXK3,A,SER,166,-132.0536682366301,135.67980724226135,177.5217296587314,107.94265768108471,48.46,-60.55546120824577,,,,,No,General,Favoured,General,Favoured
2064,HXK3,A,PHE,167,-133.715372808665,148.3489086633186,178.67820948235433,109.50188065921999,84.27,-63.59012376495413,-58.344181535343154,,,,No,General,Favoured,General,Favoured
2065,HXK3,A,SER,168,-81.73416961404966,0.9454060089850819,179.29530520333614,111.60352670865649,69.59,-64.32706356279,,,,,No,General,Favoured,General,Favoured
2066,HXK3,A,CYS,171,-132.98350811741196,177.82352482865863,175.0560760504196,104.78547719321493,47.68,-62.752742152402604,,,,,No,General,Favoured,General,Favoured
2067,HXK3,A,HIS,172,-88.61142937011638,118.72222787246518,175.35067744975237,105.20518646332461,60.28,177.62567734626634,67.61105861013507,,,,No,General,Favoured,General,Favoured
2068,HXK3,A,GLN,173,-136.8835897015636,116.18224486849388,-175.0087916186081,110.76772937770669,76.84,-175.93788693994463,171.7452896330999,-1.8402104685924243,,,No,General,Favoured,General,Favoured
2069,HXK3,A,THR,174,-81.2526108280351,-33.12663719238231,176.20642290611306,112.2840403728616,67.93,65.17261686449288,,,,,No,General,Favoured,General,Favoured
2070,HXK3,A,LEU,176,-58.5855814622026,-41.975422153945296,-176.5383292687321,108.62012816577693,59.25,-73.57693419745688,-179.92547704437246,,,,No,General,Favoured,General,Favoured
2071,HXK3,A,ASP,177,-100.06227027339057,88.33404655982503,179.22133790588757,110.7316817206523,164.04,-88.12981130065259,-31.496306642698016,,,,No,General,Favoured,General,Favoured
2072,HXK3,A,ARG,178,171.85440919271235,148.44198903692018,176.4025163744846,105.59473689403362,154.25,-161.79172628525006,79.6926903410093,70.23637482647399,-173.40656295344738,0.12953156420517606,No,General,Disallowed,General,Disallowed
2073,HXK3,A,SER,179,-172.3863838124924,141.19751800437786,172.49158328872758,106.1664858221627,63.64,-72.58612225203233,,,,,No,General,Allowed,General,Allowed
2074,HXK3,A,THR,180,-121.5168133784646,132.2322626390759,176.91822544326226,105.57856354596704,35.83,-58.26612124710114,,,,,No,General,Favoured,General,Favoured
2075,HXK3,A,LEU,181,-85.75375071852055,123.01561984263006,179.480214307932,105.80591058904854,92.79,-65.96715453676477,-62.397365169463704,,,,No,General,Favoured,General,Favoured
2076,HXK3,A,SER,183,-147.18724597771154,151.9963680478014,-4.7939202941137244,104.67766343991359,283.72,179.88778589830054,,,,,No,General,Favoured,General,Favoured
2077,HXK3,A,TRP,184,-123.68942503365831,151.6239834897836,179.35989706090905,105.13303895887366,312.75,-171.2865705601322,-81.45736645226562,,,,No,General,Favoured,General,Favoured
2078,HXK3,A,THR,185,-72.21297109078637,129.89161542119518,-179.38283577519746,106.99071317283862,263.57,63.49948155342097,,,,,No,General,Favoured,General,Favoured
2079,HXK3,A,LYS,186,-119.93242063589481,162.19949800866067,-179.7520714632999,106.96557845477727,282.8,-171.22358861286537,69.05800895620551,-67.87886583559222,-66.91993484150407,,No,General,Favoured,General,Favoured
2080,HXK3,A,PHE,188,-93.56730622185248,142.83271448635907,-179.571972232272,108.82754365819878,212.16,-76.31239859224678,78.6275421481062,,,,No,General,Favoured,General,Favoured
2081,HXK3,A,ARG,189,-144.79495653983028,-92.96583126282785,-178.5539035989543,105.88386124708914,220.55,-65.10994322836109,-62.32040713845829,-55.0615920783744,-91.09945154454297,-3.521082515298917,No,General,Allowed,General,Allowed
2082,HXK3,A,CYS,190,-60.34012616931996,162.88227845739613,-177.98220103721647,107.75959678425946,46.76,-59.41497055538646,,,,,No,General,Favoured,General,Favoured
2083,HXK3,A,SER,191,-57.70702668250223,-37.6772053003712,-179.32742274154742,106.54468933981313,32.85,63.77072660413608,,,,,No,General,Favoured,General,Favoured
2084,HXK3,A,GLU,194,-138.7171817938157,-145.31908297842583,179.4181506342536,108.9360463116064,214.57,-158.15622951402392,-152.93825446664735,-24.153826698687897,,,No,General,Allowed,General,Allowed
2085,HXK3,A,GLN,196,125.91124950865054,127.82668482214031,174.93001422997455,111.36113439115424,150.26,67.04118157217287,-157.75855282538456,10.476974666595293,,,No,General,Disallowed,General,Disallowed
2086,HXK3,A,ASP,197,-73.88255680052463,121.4700917961434,173.36433487847071,105.70231592485905,59.6,179.79689122571654,-1.9839301465658874,,,,No,General,Favoured,General,Favoured
2087,HXK3,A,GLN,200,-60.346057244232966,-39.70812762491505,-176.47703079004825,108.35484585190449,110.94,-70.13680975346676,-84.67934298054749,-107.43879076044199,,,No,General,Favoured,General,Favoured
2088,HXK3,A,LEU,201,-63.35446462182075,-46.58904471689449,-176.55268080139706,110.23255456081426,48.53,-59.6564209206352,-174.91884800974142,,,,No,General,Favoured,General,Favoured
2089,HXK3,A,LEU,202,-66.25495526656718,-38.349986761030706,-177.7870302451351,109.14157510583708,86.27,-179.9400647921669,65.75848406914297,,,,No,General,Favoured,General,Favoured
2090,HXK3,A,ARG,203,-67.53645674044469,-42.94147308387346,-179.85420352717858,111.22796022706979,84.47,-74.65849801854446,-179.64795692444704,179.83633956286397,140.74934475208659,-2.6847467091239987,No,General,Favoured,General,Favoured
2091,HXK3,A,ASP,204,-65.24404978684571,-38.48445166492796,-177.9380542218589,108.99828809785544,32.79,-69.5380572202684,8.082628567694394,,,,No,General,Favoured,General,Favoured
2092,HXK3,A,ALA,205,-63.08355336662457,-38.43914202198872,-178.970149927572,109.00092050645006,34.36,,,,,,No,General,Favoured,General,Favoured
2093,HXK3,A,ARG,207,-62.296131334591,-38.2691308498522,-177.18029996066028,108.95679147365719,56.09,-179.99129112339693,-168.64351048815482,174.9751065690669,-175.91918867317708,-1.3502677889194576,No,General,Favoured,General,Favoured
2094,HXK3,A,ARG,208,-61.81996015644859,-40.808636791831304,-177.03262313001864,109.96723799512147,60.97,-71.93306113972687,179.58130394921943,-70.33829420282734,-144.28038846602723,2.725540225970318,No,General,Favoured,General,Favoured
2095,HXK3,A,GLN,209,-67.03836869354625,-51.05257576876774,-178.01178873843983,111.6611171098138,49.23,-66.44959485025751,-175.84988377192397,109.57144034599816,,,No,General,Favoured,General,Favoured
2096,HXK3,A,ALA,211,-66.20309441958868,-51.99006194067239,-177.6278279843341,112.06463755365556,54.49,,,,,,No,General,Favoured,General,Favoured
2097,HXK3,A,TYR,212,-138.35218482621224,176.77599433381772,-178.02115438322377,107.66977252492094,149.15,65.06721975141713,87.67647879543361,,,,No,General,Favoured,General,Favoured
2098,HXK3,A,ASN,213,-129.06289823539748,161.3216519878809,179.13033952412405,105.73987700893979,58.67,-156.60756146140992,-51.03274738713125,,,,No,General,Favoured,General,Favoured
2099,HXK3,A,ASP,215,-92.7209228270127,-152.51872470220047,-178.99490776459882,108.65604468841013,60.18,-157.76227434352052,39.688125975552,,,,No,General,Allowed,General,Allowed
2100,HXK3,A,ALA,218,-135.49573085686797,141.09556691042445,174.66287834878372,106.34719215604811,42.86,,,,,,No,General,Favoured,General,Favoured
2101,HXK3,A,ASN,221,-74.51412254025976,162.07321153680172,176.93014982110788,106.82672976603085,57.63,-174.84248519214003,-87.41002195602584,,,,No,General,Favoured,General,Favoured
2102,HXK3,A,ASP,222,-66.17899886715583,-35.29706290028492,-177.7905580831955,110.99508686790847,123.96,-72.06522422569127,-2.7574191110794533,,,,No,General,Favoured,General,Favoured
2103,HXK3,A,THR,223,-61.84978209392235,-41.483910695822296,178.91873956616217,107.89061373098424,48.64,58.94438055849497,,,,,No,General,Favoured,General,Favoured
2104,HXK3,A,THR,226,-62.78136953356321,-47.64920757730902,-179.82358919558902,110.11541134054676,40.39,-60.303280955404155,,,,,No,General,Favoured,General,Favoured
2105,HXK3,A,MET,227,-59.04782033237257,-44.15428066716247,-178.77775252588285,108.28554077086727,49.83,174.85167045615728,-174.40761012952882,69.81768275851137,,,No,General,Favoured,General,Favoured
2106,HXK3,A,MET,228,-64.95556338109327,-41.331190213580115,-176.3087128275019,109.97257627855485,64.62,-63.36831442886729,-60.85020342846142,-73.56724751522363,,,No,General,Favoured,General,Favoured
2107,HXK3,A,CYS,230,-65.15016581632298,-35.39533891922081,-177.20985818109602,110.56272236854872,45.4,-70.46592049158753,,,,,No,General,Favoured,General,Favoured
2108,HXK3,A,CYS,237,-81.7111281041673,99.57705845644043,-173.27124140585215,111.98112116222319,66.8,-179.9626729666707,,,,,No,General,Favoured,General,Favoured
2109,HXK3,A,GLU,238,-94.22812690808513,-11.93899674959248,175.74940164417555,114.82758154639383,129.49,-65.2304024998938,-177.06130449030752,-4.039571022980831,,,No,General,Favoured,General,Favoured
2110,HXK3,A,LEU,241,-138.43032867457796,137.4546765547869,-179.3950748206825,109.85904338633509,66.09,179.63574727875817,61.778818577021596,,,,No,General,Favoured,General,Favoured
2111,HXK3,A,ASP,244,-127.15653547000758,-142.65763323223214,-175.8295825580549,108.46109067602596,93.0,-155.03003688175198,-31.586125542348313,,,,No,General,Allowed,General,Allowed
2112,HXK3,A,THR,245,-61.74738795703782,-40.6903377986205,173.65297764298435,103.87984254265972,99.79,-179.83468689968626,,,,,No,General,Favoured,General,Favoured
2113,HXK3,A,THR,247,-144.27850285831514,136.62440305890186,178.06234193581582,108.73099714569307,119.98,62.15763633169257,,,,,No,General,Favoured,General,Favoured
2114,HXK3,A,ASN,248,-159.22904232926675,163.4573959543627,-179.45790668876037,107.47180955051853,62.72,-169.06813137152307,10.666240282385134,,,,No,General,Favoured,General,Favoured
2115,HXK3,A,ALA,249,-153.18616271975367,153.1631282914106,177.97555411699634,108.97918568899821,43.12,,,,,,No,General,Favoured,General,Favoured
2116,HXK3,A,CYS,250,-135.07084936794735,160.41508071768908,179.78012259496862,107.90867439320004,42.26,62.43381421341217,,,,,No,General,Favoured,General,Favoured
2117,HXK3,A,TYR,251,-154.05919139862755,164.13120828650844,177.70231984750833,109.16974346205348,75.74,64.60486599012992,-82.88700033508329,,,,No,General,Favoured,General,Favoured
2118,HXK3,A,MET,252,-81.21565920952376,138.83159408665884,177.97836758325107,106.34524621952478,163.98,-148.31955013551286,69.51654649263143,-171.77733298696455,,,No,General,Favoured,General,Favoured
2119,HXK3,A,GLU,253,-134.97516243413904,152.91265386765514,-175.669551771767,108.7533166448662,99.17,176.13155629975682,67.06975231473506,-67.67207803511351,,,No,General,Favoured,General,Favoured
2120,HXK3,A,GLU,254,-85.76010528230783,139.97852741055382,-177.8265608265052,109.98617689408447,71.05,-64.50188745692878,-179.97743170028133,-1.4282378663003321,,,No,General,Favoured,General,Favoured
2121,HXK3,A,ALA,255,-58.59086543959154,-30.848995347220693,-173.0875811824915,110.88808394085335,52.29,,,,,,No,General,Favoured,General,Favoured
2122,HXK3,A,ARG,256,-62.33875398494183,-30.892492010496536,-177.69519628385734,109.6725086101302,112.81,61.265905720548794,-162.80165299585218,95.77401392932997,-138.49167615714902,4.989351155286231,No,General,Favoured,General,Favoured
2123,HXK3,A,HIS,257,-76.36438002114993,-24.335787453357337,179.23465290661926,112.91970660478589,86.39,-58.98913107344939,163.87760586105549,,,,No,General,Favoured,General,Favoured
2124,HXK3,A,ALA,259,-70.39788229209701,-37.756599594442,-179.99928964821396,112.19526859338346,43.98,,,,,,No,General,Favoured,General,Favoured
2125,HXK3,A,LEU,261,-108.37035948869476,135.8931053176297,179.61325639506498,108.06546860196345,40.14,-179.92010454244206,63.92413587075497,,,,No,General,Favoured,General,Favoured
2126,HXK3,A,ASP,262,-73.19341146929912,147.56702274693865,179.2720898228691,107.32825540144633,127.32,64.74416869971962,-41.908356402424545,,,,No,General,Favoured,General,Favoured
2127,HXK3,A,GLU,263,105.04669034718763,126.96294530732288,176.7078813864046,110.17705595224957,338.0,-64.47707893870053,-72.80417605833041,2.1959015850760712,,,No,General,Disallowed,General,Disallowed
2128,HXK3,A,ASP,264,-84.24828303902846,-16.756367724725113,177.4556577431243,113.49417389618944,122.77,-71.63994277429887,-16.982174973239704,,,,No,General,Favoured,General,Favoured
2129,HXK3,A,ARG,265,-92.40991148911614,141.45341512938208,-169.79338525060044,114.55405125989901,202.36,54.831637236755995,66.80077272107907,80.57860988096944,110.82875405883692,1.3407299814353308,No,General,Favoured,General,Favoured
2130,HXK3,A,ARG,267,-128.09449743337547,164.6948477036731,-176.44341102297628,108.80683991754753,129.55,-57.71734320841081,-170.76546071346274,-61.29956024975366,161.56590589372414,-2.1131594932894653,No,General,Favoured,General,Favoured
2131,HXK3,A,CYS,269,-77.21966172487053,141.71696936734222,179.60601907716193,107.91350450088572,41.46,-179.63802467160545,,,,,No,General,Favoured,General,Favoured
2132,HXK3,A,SER,271,-92.73196464909377,110.50552306293791,177.1451583629658,104.427376451412,54.23,179.76343978023954,,,,,No,General,Favoured,General,Favoured
2133,HXK3,A,GLU,273,58.256342410749724,51.626447456199465,-173.8722466155193,106.99686352175745,157.86,-153.3681759597643,64.96145885781881,45.61017451946279,,,No,General,Favoured,General,Favoured
2134,HXK3,A,TRP,274,-68.01183718860628,-16.654451705960707,-173.94159638070846,112.58512920712741,137.18,69.04686191858855,0.9638508321737675,,,,No,General,Favoured,General,Favoured
2135,HXK3,A,SER,276,-74.762949060985,-4.507053986685719,-177.87950257215633,113.17978265425968,100.17,-62.05368706245166,,,,,No,General,Favoured,General,Favoured
2136,HXK3,A,PHE,277,-56.87808664854407,137.50145471119114,-179.99305833976845,108.26614334666168,104.58,176.26324898614376,63.172048886460864,,,,No,General,Favoured,General,Favoured
2137,HXK3,A,SER,278,76.33328497148528,10.060736104450035,-179.71216572594494,113.28736319074807,117.19,-179.92020623494997,,,,,No,General,Favoured,General,Favoured
2138,HXK3,A,ASP,279,-65.62683517913914,-29.607595972844667,176.82214668115958,109.02056350733905,130.92,57.158409291234804,-8.604098679148226,,,,No,General,Favoured,General,Favoured
2139,HXK3,A,ASP,280,-71.0211699963026,-22.125322699638723,177.76889403102624,111.49832148920258,93.84,54.48966285968826,80.83502405794646,,,,No,General,Favoured,General,Favoured
2140,HXK3,A,ALA,282,-59.534469686646275,-38.72472884597706,-175.5890138007471,111.7405122112341,57.33,,,,,,No,General,Favoured,General,Favoured
2141,HXK3,A,LEU,283,-80.02066352831022,-7.056523074259913,-179.81679241529216,115.5687403296328,114.0,-71.73629141852233,-179.98981839554986,,,,No,General,Favoured,General,Favoured
2142,HXK3,A,LEU,287,-69.57925449418515,141.14442175418623,-172.60830523604648,112.22369646055569,93.28,-71.51497515957844,-72.16585230077628,,,,No,General,Favoured,General,Favoured
2143,HXK3,A,THR,288,-104.14911628827167,-179.2522405081531,-177.5911506047537,109.79231610717957,43.48,63.79499454270665,,,,,No,General,Favoured,General,Favoured
2144,HXK3,A,THR,289,-64.68717920517271,-38.603545088000075,-179.94673374784293,108.32673002977894,27.13,-59.03215782552065,,,,,No,General,Favoured,General,Favoured
2145,HXK3,A,PHE,290,-61.76053695617978,-42.88959365517361,-178.42429312347838,107.46434929695809,45.68,-60.090214158847736,-76.04047057633021,,,,No,General,Favoured,General,Favoured
2146,HXK3,A,ASP,291,-61.7164394386234,-40.15062892455035,179.84161567415836,108.24746885038363,38.89,-68.4760323684423,-25.66601653151619,,,,No,General,Favoured,General,Favoured
2147,HXK3,A,HIS,292,-64.12559011494498,-43.493068556878264,-178.02032718692277,110.02479825366818,35.64,-174.15344270822328,-84.51290413801355,,,,No,General,Favoured,General,Favoured
2148,HXK3,A,THR,293,-64.72889183987238,-41.23155761434448,-175.04063222094607,110.6951374470482,96.74,-168.98071100171782,,,,,No,General,Favoured,General,Favoured
2149,HXK3,A,LEU,294,-60.52212102585883,-39.05364246683955,-178.42249109773766,108.68425203487173,45.43,-66.20555172855556,179.8354958730513,,,,No,General,Favoured,General,Favoured
2150,HXK3,A,ASP,295,-61.884995420594514,-44.96363501310359,-174.31611551579144,111.09240743957697,51.25,-162.51596930613283,8.68897907306786,,,,No,General,Favoured,General,Favoured
2151,HXK3,A,HIS,296,-68.99328844031929,-33.24573345851905,-178.0821540897729,111.56410017498624,93.49,-81.00890779233119,88.54708349264972,,,,No,General,Favoured,General,Favoured
2152,HXK3,A,GLU,297,-70.26511369317514,-16.270533765628933,-179.24693383296506,112.17756612672505,74.88,-70.10173167548835,-171.755825206154,-52.84550879160879,,,No,General,Favoured,General,Favoured
2153,HXK3,A,SER,298,-84.65335353100662,168.03802259754386,-173.42758553826354,113.67178218958686,70.72,72.10214803655954,,,,,No,General,Favoured,General,Favoured
2154,HXK3,A,LEU,299,-64.98515857217882,-40.00873891261527,179.9086166974842,108.8557091926871,83.14,-62.353108129598205,64.68833846259429,,,,No,General,Favoured,General,Favoured
2155,HXK3,A,ALA,303,-127.74076415955902,158.45192569549633,-178.9707757574723,109.14055288845869,48.88,,,,,,No,General,Favoured,General,Favoured
2156,HXK3,A,GLN,304,56.59754195049508,39.9923325390933,176.60938408547688,109.98444241267327,142.17,-157.7045779056835,80.94730377816929,-45.83603982510802,,,No,General,Favoured,General,Favoured
2157,HXK3,A,ARG,305,-62.930661135802026,-41.69131988479079,-173.71279572797255,113.1539954357897,113.48,-75.43133744571243,-78.9936854971035,-63.9244601302173,-98.54890586237896,-1.457561610651446,No,General,Favoured,General,Favoured
2158,HXK3,A,PHE,306,-65.58854370264898,-42.4531214288001,-178.3472408259604,108.94320320478663,69.49,-174.59845426422504,70.97757864910103,,,,No,General,Favoured,General,Favoured
2159,HXK3,A,GLU,307,-60.4509413498768,-42.09622029323468,179.82578896286503,108.38488277466132,55.29,179.874867081777,-169.5875933223826,85.79243672049803,,,No,General,Favoured,General,Favoured
2160,HXK3,A,LYS,308,-59.48269253852579,-31.126781157868056,-176.82681827874836,109.52247425673106,149.78,-88.46766316330981,75.14060316309391,176.90583021028877,-70.88720212092817,,No,General,Favoured,General,Favoured
2161,HXK3,A,MET,309,-73.95925242421941,-49.03995229233572,175.34847882394962,113.52293763236781,86.69,-69.09581385307558,-166.48621118995715,-70.75049987449046,,,No,General,Favoured,General,Favoured
2162,HXK3,A,LEU,313,-57.99501195737566,-52.20647679672155,-172.01957391110517,109.77946922919993,113.84,-171.34532383145702,179.54881409338557,,,,No,General,Favoured,General,Favoured
2163,HXK3,A,TYR,314,-79.77930426530656,-19.576147353486192,-177.68845078440427,114.80728418664323,111.23,-58.66660517011114,-76.31776493734452,,,,No,General,Favoured,General,Favoured
2164,HXK3,A,LEU,315,-57.208340358200594,-53.22181823243649,-167.57056064535,113.24219549399403,68.57,-179.68564668122278,69.45671519180907,,,,No,General,Favoured,General,Favoured
2165,HXK3,A,GLU,317,-61.49604667330922,-38.279713732071265,-176.33784796919068,108.16837143002878,113.85,-148.62747990485357,-40.41587993489508,-73.60779400642787,,,No,General,Favoured,General,Favoured
2166,HXK3,A,LEU,318,-61.89918607938107,-37.2181748029538,-177.87928289381938,109.08429290550389,55.2,-179.79587786525371,63.197039308553954,,,,No,General,Favoured,General,Favoured
2167,HXK3,A,ARG,320,-59.79507659951427,-44.45141196266617,-177.52068875154546,109.71232962193808,81.12,160.31667607585848,-170.71774423425967,162.03020175238223,-98.58737675030257,-6.747706920178584,No,General,Favoured,General,Favoured
2168,HXK3,A,LEU,321,-59.78575775930966,-38.45628287793461,-175.09446031681597,108.78573012102107,67.05,-59.6494351355543,171.5693266535453,,,,No,General,Favoured,General,Favoured
2169,HXK3,A,LEU,323,-64.6332705275486,-44.893320165058945,-177.88233313548668,110.0481457269537,50.76,-66.08253157355661,-179.99005318851442,,,,No,General,Favoured,General,Favoured
2170,HXK3,A,ALA,324,-60.7903483216425,-43.56283139805649,-176.69121659558502,109.37073501489459,40.41,,,,,,No,General,Favoured,General,Favoured
2171,HXK3,A,HIS,325,-67.5440319509211,-47.379191879438466,-175.37127028469385,111.20569384193168,66.12,-160.22220355878636,172.18608307718216,,,,No,General,Favoured,General,Favoured
2172,HXK3,A,LEU,326,-62.79750649429358,-37.55535346921929,-177.95331652935158,109.03119007950576,90.65,-77.1311852374791,-68.8715253969024,,,,No,General,Favoured,General,Favoured
2173,HXK3,A,ALA,327,-64.29190493530324,-41.78605005781354,179.67474318980473,109.39772576926865,40.23,,,,,,No,General,Favoured,General,Favoured
2174,HXK3,A,ARG,328,-60.64896239999344,-35.36955579381814,-177.90396724821048,107.70127791602566,137.99,178.88115073396395,170.51263013367642,-78.05641467708759,170.30935857462805,-3.77141064974262,No,General,Favoured,General,Favoured
2175,HXK3,A,CYS,329,-68.8210456449552,-30.137533423028817,177.56301257642002,109.54330869665868,47.83,-62.417062069557495,,,,,No,General,Favoured,General,Favoured
2176,HXK3,A,LEU,332,-139.1612061356538,153.3973643584762,-177.96507184135564,111.38955111457862,84.33,-66.02772471454765,-179.93971938582754,,,,No,General,Favoured,General,Favoured
2177,HXK3,A,PHE,333,61.96975963138555,20.097618002027293,175.41403061340208,109.79184282513987,134.79,-55.49182545531018,-61.41967037018611,,,,No,General,Favoured,General,Favoured
2178,HXK3,A,CYS,336,-52.17948277224576,148.26770776830773,-173.47676010688102,114.22467075704823,78.5,-60.01418540473654,,,,,No,General,Favoured,General,Favoured
2179,HXK3,A,THR,337,-134.8017834196881,161.67092745359852,179.80076780161207,107.20688714644999,42.87,-57.58497850080219,,,,,No,General,Favoured,General,Favoured
2180,HXK3,A,ALA,340,-67.94281043821029,-37.53982503251325,179.54331983332136,110.36335026912799,40.09,,,,,,No,General,Favoured,General,Favoured
2181,HXK3,A,LEU,341,-62.41244758322759,-38.52381934778604,-174.73753080923183,109.44016653984563,64.56,-171.6285937604381,62.505435054382495,,,,No,General,Favoured,General,Favoured
2182,HXK3,A,LEU,342,-73.04954792637163,-25.85548837784367,-179.077105831109,112.7384596319895,80.59,-63.98002440742964,-173.3275716054232,,,,No,General,Favoured,General,Favoured
2183,HXK3,A,SER,343,-72.78024675556266,142.81102210311226,-177.45137776103255,109.41541848899868,45.51,-61.464473508050794,,,,,No,General,Favoured,General,Favoured
2184,HXK3,A,GLN,344,-80.85479135117362,144.3487607460753,-178.05219115988635,109.28025998074656,83.37,-174.6640899600748,176.8179166994079,-97.23004295353746,,,No,General,Favoured,General,Favoured
2185,HXK3,A,SER,346,-68.1985699249285,-33.16585769817896,-177.09923462698723,110.51129243737614,76.45,-179.76264950169613,,,,,No,General,Favoured,General,Favoured
2186,HXK3,A,LEU,348,-107.21057343420658,163.7441795362088,-172.5007598732782,112.38844750266172,97.95,-74.14790783238962,-67.4914429895028,,,,No,General,Favoured,General,Favoured
2187,HXK3,A,LEU,349,-61.281461107704,-37.58490707184233,179.41985968502001,106.1816336898087,98.18,-175.49889966436209,-179.89840718625354,,,,No,General,Favoured,General,Favoured
2188,HXK3,A,GLU,350,-60.06834948961187,-35.45849123363842,-177.31916757689947,108.38221724301171,83.4,58.03172992395593,177.2705331209246,-69.72583429560004,,,No,General,Favoured,General,Favoured
2189,HXK3,A,HIS,351,-63.32170545805535,-36.03981629857359,-178.52092211303565,109.94389871740889,79.52,-64.18175380128314,98.01136779452638,,,,No,General,Favoured,General,Favoured
2190,HXK3,A,ALA,353,-60.46380138605506,-40.21467834154856,-176.68777136059126,108.34104513639215,31.12,,,,,,No,General,Favoured,General,Favoured
2191,HXK3,A,GLU,354,-64.78744320206593,-44.50757627909818,-179.28455169079618,109.11555754018738,75.42,-59.69160140185557,-73.8318415409525,-9.071075151331653,,,No,General,Favoured,General,Favoured
2192,HXK3,A,MET,355,-64.38404598728773,-42.118422040380416,-173.07294947952394,111.10693622209702,51.52,-63.36110482606106,164.63744815509344,68.76629044744159,,,No,General,Favoured,General,Favoured
2193,HXK3,A,GLU,356,-76.90571088608795,-29.09024248208694,-179.58085407236646,112.62920259427773,69.82,-64.26235144617647,-179.91205369910523,52.29395053294918,,,No,General,Favoured,General,Favoured
2194,HXK3,A,SER,359,-62.83630845311334,-39.06435774457175,179.76157347455162,107.11485811204959,23.58,-65.42664514857968,,,,,No,General,Favoured,General,Favoured
2195,HXK3,A,THR,360,-103.8224933697639,89.46548052523062,177.36907707910942,107.33326683700339,49.95,58.65175395519051,,,,,No,General,Favoured,General,Favoured
2196,HXK3,A,ALA,362,-63.51041438565708,-42.927810245883386,-176.64063970135322,109.4739912982595,31.18,,,,,,No,General,Favoured,General,Favoured
2197,HXK3,A,ALA,363,-63.75780097128016,-42.065856442062916,179.8869512971426,108.24714897684136,22.96,,,,,,No,General,Favoured,General,Favoured
2198,HXK3,A,ARG,364,-63.4217714814068,-36.79190640593652,-179.1488251828678,108.63281517473798,111.31,-175.31238305207788,83.05074665650268,-48.082560035920835,-87.08337372002516,1.3809248022308487,No,General,Favoured,General,Favoured
2199,HXK3,A,HIS,366,-58.72960841398892,-42.32280537776486,-176.80554613368903,108.54740382624635,104.34,-178.32086467895627,78.0704351011253,,,,No,General,Favoured,General,Favoured
2200,HXK3,A,ALA,367,-64.41242670731252,-43.62410731211267,-177.32017236577224,111.67594895844576,31.1,,,,,,No,General,Favoured,General,Favoured
2201,HXK3,A,LEU,369,-63.629210445323054,-40.480474251658855,-177.77078864568264,110.01022230980503,48.17,-68.83974528033663,177.73120654663387,,,,No,General,Favoured,General,Favoured
2202,HXK3,A,GLN,370,-65.04617436847506,-37.554254389576826,-177.74634978033558,109.66723959947534,89.32,65.11167713727144,-177.1827942011754,5.537661775622646,,,No,General,Favoured,General,Favoured
2203,HXK3,A,ASP,371,-62.0253073470434,-34.553209273133234,-179.38727864482698,107.41140529591709,72.29,-171.5077309646603,-3.3037350543609825,,,,No,General,Favoured,General,Favoured
2204,HXK3,A,LEU,372,-64.79380014600663,-24.61046144992481,179.27286901783546,108.96332111898626,68.13,-64.19220844062633,-178.09891861590052,,,,No,General,Favoured,General,Favoured
2205,HXK3,A,LEU,374,-99.19085822787208,167.20523829969713,178.73112704019042,109.42935993117196,128.92,-64.30725774277595,-68.77157394570305,,,,No,General,Favoured,General,Favoured
2206,HXK3,A,ALA,378,-64.98366710767652,-43.70524493436054,179.14120003895485,109.02567247793347,26.24,,,,,,No,General,Favoured,General,Favoured
2207,HXK3,A,SER,379,-62.129418931060826,-41.24232529249031,-176.18365902528438,108.96938365839206,71.21,64.36307788286327,,,,,No,General,Favoured,General,Favoured
2208,HXK3,A,ASP,380,-60.272822644210045,-38.8086925043254,-176.38700303360892,108.10889844646923,39.11,-68.41369317127388,-15.641028291387212,,,,No,General,Favoured,General,Favoured
2209,HXK3,A,GLU,382,-64.13414691572767,-42.504044021412795,-176.71072056043124,108.6896624459906,97.14,-164.69784672826714,74.60573677957892,10.42635474834984,,,No,General,Favoured,General,Favoured
2210,HXK3,A,LEU,383,-65.2125301093348,-41.90577076205293,-177.37420022210358,108.85960752443347,84.67,-172.7713576654297,-66.39832848989414,,,,No,General,Favoured,General,Favoured
2211,HXK3,A,GLN,385,-61.59932085782433,-39.0474076972171,-176.4277654190277,109.46545288166969,80.76,179.94046919589638,66.53826044013823,-116.5475269223422,,,No,General,Favoured,General,Favoured
2212,HXK3,A,HIS,386,-65.58741615471295,-44.156061254856596,-177.06252583276833,110.48407452103721,80.87,-161.71565407423228,-66.32007182445524,,,,No,General,Favoured,General,Favoured
2213,HXK3,A,CYS,388,-63.51188394317347,-41.810829391466555,179.41037185337754,110.07291209290265,38.41,-64.62675777680215,,,,,No,General,Favoured,General,Favoured
2214,HXK3,A,ALA,389,-66.17466407251237,-43.19595079131677,-178.0618200481864,111.0252779874602,36.56,,,,,,No,General,Favoured,General,Favoured
2215,HXK3,A,ALA,390,-62.79904621312181,-43.44538300006721,-175.5567676501297,109.5827654277444,32.16,,,,,,No,General,Favoured,General,Favoured
2216,HXK3,A,CYS,392,-66.91987614623281,-36.39865277572585,-177.17315153186792,110.17661131681207,43.78,-66.22263954078058,,,,,No,General,Favoured,General,Favoured
2217,HXK3,A,THR,393,-68.51389957836427,-36.3075840036876,-179.37233675854134,109.34098969750369,105.35,-166.3223336886414,,,,,No,General,Favoured,General,Favoured
2218,HXK3,A,ARG,394,-64.80710179554971,-39.50300433620152,-179.40883346611972,108.83029589950381,96.13,-167.16437771733152,-179.4211722410332,76.94213650142824,-163.88378155329417,0.33025049046799854,No,General,Favoured,General,Favoured
2219,HXK3,A,ALA,395,-61.67328502197349,-42.811734423123404,-178.30925357967567,109.34019020447425,31.77,,,,,,No,General,Favoured,General,Favoured
2220,HXK3,A,ALA,396,-64.89245453815008,-39.853281222285915,-177.98080589493503,110.73069562472263,35.1,,,,,,No,General,Favoured,General,Favoured
2221,HXK3,A,GLN,397,-67.24504836433681,-40.17336563105204,-176.6106845114516,110.95651490250985,56.44,-64.30496194434788,162.1578994215195,161.02775672208122,,,No,General,Favoured,General,Favoured
2222,HXK3,A,LEU,398,-64.85016877990513,-39.71135468902201,-177.76498082177918,109.46399363924748,47.13,-66.75763858057968,-179.94538101391197,,,,No,General,Favoured,General,Favoured
2223,HXK3,A,CYS,399,-62.93724413893015,-41.26969010410104,178.78873914408516,108.65740043301012,34.33,-65.81033639997597,,,,,No,General,Favoured,General,Favoured
2224,HXK3,A,ALA,400,-60.49601919411376,-43.55737326152739,-176.8092392132903,109.55096973572962,35.13,,,,,,No,General,Favoured,General,Favoured
2225,HXK3,A,ALA,401,-60.7868732580748,-46.06876029212711,-174.90005388339682,110.42278984088082,34.93,,,,,,No,General,Favoured,General,Favoured
2226,HXK3,A,ALA,402,-67.80850734504966,-40.93590659760273,-178.78655827980631,110.92735657429436,41.59,,,,,,No,General,Favoured,General,Favoured
2227,HXK3,A,LEU,403,-62.386121577461424,-36.33184245570236,-179.86806872910017,107.282395766405,49.74,-65.0017970882008,-179.96126795328775,,,,No,General,Favoured,General,Favoured
2228,HXK3,A,ALA,404,-60.47842969966248,-43.13226305645504,-177.56537813388775,109.48552671383746,30.17,,,,,,No,General,Favoured,General,Favoured
2229,HXK3,A,ALA,405,-62.773194578388384,-41.8063191083496,-177.3600980450175,109.95636120851454,28.4,,,,,,No,General,Favoured,General,Favoured
2230,HXK3,A,LEU,407,-61.380920570934485,-41.809609383800435,-177.89370149779367,109.04122159508269,45.94,-65.44930535597442,179.63792068478094,,,,No,General,Favoured,General,Favoured
2231,HXK3,A,SER,408,-62.95298126742603,-41.77185991193398,-177.96353570661253,109.84289410873771,77.06,-65.04792364121205,,,,,No,General,Favoured,General,Favoured
2232,HXK3,A,CYS,409,-64.80921214539974,-43.07004932714093,-176.2306518823588,110.45569149516159,31.97,-179.91809513642696,,,,,No,General,Favoured,General,Favoured
2233,HXK3,A,LEU,410,-61.859363394905046,-38.14667872900533,179.80817430063502,108.05007058637621,85.74,-77.68370734782144,56.949955110006634,,,,No,General,Favoured,General,Favoured
2234,HXK3,A,GLN,411,-62.31171727936326,-45.26732181142863,-178.5095050848572,110.24208242595364,35.01,179.97309603048288,-173.25746585521432,14.06968039735646,,,No,General,Favoured,General,Favoured
2235,HXK3,A,HIS,412,-65.10892697282334,-38.199402313923635,-177.99923185083497,108.74698886779056,38.21,-61.140893062935206,-71.8612339074524,,,,No,General,Favoured,General,Favoured
2236,HXK3,A,SER,413,-61.70451713488846,-46.65585970883598,-177.2109520659657,109.09097519221814,78.96,68.28804885439226,,,,,No,General,Favoured,General,Favoured
2237,HXK3,A,ARG,414,-67.0209938820883,-35.798434373335034,-178.4158137033129,109.81266397815027,109.74,-170.8914312826844,169.57706943326116,179.07907071426007,164.98766784807404,-1.3590326270673494,No,General,Favoured,General,Favoured
2238,HXK3,A,GLU,415,70.87976093746823,29.4456416658176,177.72910739345878,113.21441131122582,131.18,-165.81940282576778,75.0725415780001,14.882873163162165,,,No,General,Favoured,General,Favoured
2239,HXK3,A,GLN,416,-111.68328955315694,161.63849560805755,175.16396048017174,105.1099096923153,112.74,-155.5619744971341,-82.249249777169,-52.53745677746162,,,No,General,Favoured,General,Favoured
2240,HXK3,A,GLN,417,-68.36857368465685,-43.93951822423145,-176.31515749983652,112.49970148835882,97.17,179.80918867356104,-179.0603394508203,-136.32276580636858,,,No,General,Favoured,General,Favoured
2241,HXK3,A,THR,418,-114.94840039804161,149.11562035546328,-173.53343892323085,107.48305101437643,36.04,-58.239556980054594,,,,,No,General,Favoured,General,Favoured
2242,HXK3,A,LEU,419,-133.42934852169924,124.84023054710687,-176.11853271100944,109.97617419745698,60.0,-179.99608941697895,64.81233320477861,,,,No,General,Favoured,General,Favoured
2243,HXK3,A,GLN,420,-99.99043384818061,121.75704955397838,173.88928085391882,104.42295207900447,47.16,-68.5507538551829,-175.2288043830369,4.3286305649955485,,,No,General,Favoured,General,Favoured
2244,HXK3,A,ALA,422,-123.21898396027375,138.8920818073101,179.87380945199104,108.64610329149934,33.04,,,,,,No,General,Favoured,General,Favoured
2245,HXK3,A,ALA,424,-77.33096196474612,132.20023905896363,175.04250652899304,105.92423229313113,50.75,,,,,,No,General,Favoured,General,Favoured
2246,HXK3,A,THR,425,-135.1278573487278,147.19112378500773,-173.72250524650786,111.35983716590549,115.64,62.18872305697998,,,,,No,General,Favoured,General,Favoured
2247,HXK3,A,ARG,428,-67.66923944661717,-35.882962976980416,-174.86828800473833,112.42994468655957,132.12,-59.77834450458519,-135.20924728958377,96.8929422603221,85.72528198828725,-0.2442073615725041,No,General,Favoured,General,Favoured
2248,HXK3,A,CYS,430,-64.52470206470268,-43.57660739643291,-174.78679158181765,110.30171987384597,44.1,179.8933357193878,,,,,No,General,Favoured,General,Favoured
2249,HXK3,A,GLU,431,-72.40242737156815,-51.4211307628455,-177.40681538562103,113.38765794213927,106.76,54.863204816846164,-169.32085526896512,-11.912945000315295,,,No,General,Favoured,General,Favoured
2250,HXK3,A,ARG,432,-74.69407300735759,-35.73703322655368,-175.36623076917598,115.96343341107946,160.15,-85.15528615401821,-58.75814257542488,-168.07639718703695,87.77109233604757,-1.5347944095312611,No,General,Favoured,General,Favoured
2251,HXK3,A,ARG,435,-82.2988645120079,-23.724572885990955,-174.33403287788633,117.06286472057683,111.9,-61.61146534940005,-176.05728181160202,-179.25679313188516,169.26013705008177,2.769491458866926,No,General,Favoured,General,Favoured
2252,HXK3,A,PHE,436,-57.25989556960367,-48.86442102425497,-164.84690562985713,114.71444648596683,134.38,179.9212178501121,-77.71361668286409,,,,No,General,Favoured,General,Favoured
2253,HXK3,A,CYS,437,-60.783919655683164,-41.89136859357814,-176.11284513896894,109.19956355466093,74.78,63.148863967264205,,,,,No,General,Favoured,General,Favoured
2254,HXK3,A,SER,438,-60.85737013939885,-47.12978711467466,-177.52962868348354,108.85713553165857,25.35,-63.049641567714474,,,,,No,General,Favoured,General,Favoured
2255,HXK3,A,LEU,440,-64.31325739587527,-48.13534131258509,-179.8868621376626,108.77139057598743,111.46,-169.47956245624042,-62.1556808935199,,,,No,General,Favoured,General,Favoured
2256,HXK3,A,GLN,441,-62.31986872412252,-41.54217554327427,-174.23356308824992,109.61767791910204,78.0,-179.37662458539734,177.90299217087357,7.6647841108904275,,,No,General,Favoured,General,Favoured
2257,HXK3,A,THR,443,-67.55796784717609,-43.288989029989956,-175.4831080359491,111.61495696820637,38.45,-57.78194547908228,,,,,No,General,Favoured,General,Favoured
2258,HXK3,A,MET,445,-63.9128494972001,-37.78624785483444,-175.069580153727,110.59006097027556,66.61,-64.551423069266,-168.72340940999902,76.05604758404331,,,No,General,Favoured,General,Favoured
2259,HXK3,A,LEU,446,-64.62836359946726,-40.77505944220204,-179.73420125807002,108.23690373089082,78.56,-168.47324500195955,179.98627021143136,,,,No,General,Favoured,General,Favoured
2260,HXK3,A,LEU,447,-63.9497921633527,-36.8772336723031,-176.143308260095,110.70328016520807,60.42,-60.96570671334136,-177.27595379247563,,,,No,General,Favoured,General,Favoured
2261,HXK3,A,GLU,450,-71.34427838478959,-14.926176939755907,-175.38443212843507,111.71746557291583,112.85,-64.84697859859553,-59.9205844668439,83.5321644174041,,,No,General,Favoured,General,Favoured
2262,HXK3,A,CYS,451,-124.11441689908581,149.26722676116074,-172.18935468994707,113.49292795024049,65.33,-59.50677579292495,,,,,No,General,Favoured,General,Favoured
2263,HXK3,A,ASP,452,-104.8377586860938,106.99147778256678,173.65298465536304,102.81845300865878,95.33,-159.38241883213587,2.5454608837145214,,,,No,General,Favoured,General,Favoured
2264,HXK3,A,SER,454,-94.61008957755438,158.51762068063044,176.0815301264104,107.55990563978297,78.32,179.86890386495483,,,,,No,General,Favoured,General,Favoured
2265,HXK3,A,LEU,455,-124.5057517434808,129.7194799638959,177.300617190314,106.05599212539512,96.52,-53.180885955107364,-62.96711923205333,,,,No,General,Favoured,General,Favoured
2266,HXK3,A,SER,458,-100.26545167555348,120.20858447858694,178.66587979088953,107.74608315700519,52.08,179.7383141903506,,,,,No,General,Favoured,General,Favoured
2267,HXK3,A,ASP,460,-61.84830641978471,-29.425648398733998,-168.71270559911173,110.96596457666337,67.82,-70.06624639808271,-12.573445190225247,,,,No,General,Favoured,General,Favoured
2268,HXK3,A,ARG,464,-67.2456187376074,-33.85449527466688,-176.78250406726022,109.34862455405283,113.8,-41.60513010894051,-33.62054189381731,169.78714930414307,-82.82101450811577,-1.256441050083729,No,General,Favoured,General,Favoured
2269,HXK3,A,ALA,467,-61.461502769797455,-40.2480699855899,179.47082222065998,109.32153620975265,35.82,,,,,,No,General,Favoured,General,Favoured
2270,HXK3,A,MET,468,-64.56846803641987,-33.08654614802432,-176.5821178670902,109.61602881378177,55.18,-170.0043531028239,66.3771611068642,66.4879916924865,,,No,General,Favoured,General,Favoured
2271,HXK3,A,THR,470,-64.95737552339817,-33.68902594404213,-178.98947455489687,108.80356107239662,45.05,64.6234615829016,,,,,No,General,Favoured,General,Favoured
2272,HXK3,A,ALA,471,-64.74598288745041,-43.60627673308548,179.84617771394267,110.00267995172108,35.09,,,,,,No,General,Favoured,General,Favoured
2273,HXK3,A,ALA,473,-60.884420332958584,-42.16667061960839,-178.25742571467106,108.98236435077227,26.23,,,,,,No,General,Favoured,General,Favoured
2274,HXK3,A,ALA,474,-64.65504016217123,-39.280286803101326,-179.45045367350278,109.38641389616622,26.34,,,,,,No,General,Favoured,General,Favoured
2275,HXK3,A,ARG,475,-63.35048928779899,-42.42100391298217,-176.3694971970521,110.0573619998298,72.81,-179.47863820769675,-179.87086970339374,96.10361632910488,-83.41230224223911,3.0910559397465844,No,General,Favoured,General,Favoured
2276,HXK3,A,LEU,476,-60.74904394627232,-43.23403594787296,-177.0027690616546,108.01351650341181,40.6,-60.7243561933161,-179.77181576856444,,,,No,General,Favoured,General,Favoured
2277,HXK3,A,ALA,477,-63.26614134861171,-43.00467630534205,-177.47882700996445,109.6870790207329,26.7,,,,,,No,General,Favoured,General,Favoured
2278,HXK3,A,ALA,478,-63.456106335375964,-46.26446418250848,-175.70150599073327,110.14195845570526,34.87,,,,,,No,General,Favoured,General,Favoured
2279,HXK3,A,HIS,479,-65.80177831640339,-33.12390413653439,-176.35811606671263,110.92510088738325,57.51,-78.5602234411232,-69.56437144602332,,,,No,General,Favoured,General,Favoured
2280,HXK3,A,ARG,480,-62.26395355032885,-43.571448386443045,179.3730951807775,109.56674763361868,79.07,179.8001687400619,179.93510138121385,170.7870508347776,81.71857837858013,-0.2618182609214725,No,General,Favoured,General,Favoured
2281,HXK3,A,ARG,481,-64.92585376838163,-38.411042397065266,-179.14331486393095,108.02671476397013,148.36,-59.589256334983595,-176.88725942138686,-166.24871260134964,85.3721358968728,-1.2348880496803256,No,General,Favoured,General,Favoured
2282,HXK3,A,LEU,482,-60.905876282414106,-51.333517358468,-177.1042934342062,111.03169859632241,140.91,-84.63757688706751,57.82380515086952,,,,No,General,Favoured,General,Favoured
2283,HXK3,A,LEU,483,-69.71295311949257,-30.316681055073673,-176.36528952767594,110.53744030862494,124.3,79.37425222858215,172.88184464019417,,,,No,General,Favoured,General,Favoured
2284,HXK3,A,GLU,484,-63.85697616430715,-34.11061197662595,-179.69139097918088,108.82042334634686,79.82,-165.60080331094088,66.75432481104608,46.314518641053006,,,No,General,Favoured,General,Favoured
2285,HXK3,A,GLU,485,-62.109882788540055,-40.4067948571654,-177.14974787541266,108.60193574942632,86.89,71.90982633932651,163.79514698967716,-52.258162477427156,,,No,General,Favoured,General,Favoured
2286,HXK3,A,THR,486,-67.49547418999359,-40.80456798348369,-178.54127985286112,110.72441655106832,34.75,-58.4499814977125,,,,,No,General,Favoured,General,Favoured
2287,HXK3,A,LEU,487,-65.41530819670332,-29.32723966744104,-176.80402099493062,110.64470287211728,57.98,-67.33493566236963,-177.07987536460683,,,,No,General,Favoured,General,Favoured
2288,HXK3,A,PHE,490,-80.31975672969054,-19.313864443684256,177.6170420959856,112.73263992697869,151.18,-68.4324675329371,85.63584624529443,,,,No,General,Favoured,General,Favoured
2289,HXK3,A,ARG,491,-93.82047713608898,131.09797267782,-178.41203709451918,108.06313291633033,66.05,-70.4743047310418,-173.599345432738,172.64048609674612,-84.27382995867106,3.0683943247920413,No,General,Favoured,General,Favoured
2290,HXK3,A,LEU,492,-120.14847020733804,133.30736772947446,-169.5152251617276,109.02076606645049,146.34,-167.84918808105743,173.03496519131522,,,,No,General,Favoured,General,Favoured
2291,HXK3,A,ASN,493,-72.6966937338491,157.48743493067246,-175.94005526765457,109.62332700477315,100.08,-60.03886213046884,-37.970048540706344,,,,No,General,Favoured,General,Favoured
2292,HXK3,A,HIS,494,-60.92004878363997,-38.522645485385,178.7805486996368,107.29543494832366,42.91,177.2018752723159,-75.48520068533473,,,,No,General,Favoured,General,Favoured
2293,HXK3,A,ASP,495,-65.34008819263971,-36.89164696119086,-179.08867334022113,109.48126094440556,33.57,-67.23154268346616,-26.65819583790518,,,,No,General,Favoured,General,Favoured
2294,HXK3,A,GLN,496,-67.9490545086868,-38.324059912823294,-176.0981936260218,111.80316412857317,89.19,-172.455307754763,178.94996700023088,-10.623902052805002,,,No,General,Favoured,General,Favoured
2295,HXK3,A,LEU,497,-65.68294997087123,-38.69935838531,-178.95184160677172,109.73530700728605,47.84,-69.52435270860262,-179.9252225424947,,,,No,General,Favoured,General,Favoured
2296,HXK3,A,ALA,498,-58.74320230114109,-39.42255129439711,-179.51851246881702,107.0390608429482,24.24,,,,,,No,General,Favoured,General,Favoured
2297,HXK3,A,ALA,499,-62.192531365419036,-42.51893819545357,-179.93976704275767,108.490780067831,25.31,,,,,,No,General,Favoured,General,Favoured
2298,HXK3,A,GLN,501,-59.339899206289026,-44.0362840795811,178.9616819404179,107.85517528906024,46.36,179.8751297146371,-177.83956649358538,123.41118916121115,,,No,General,Favoured,General,Favoured
2299,HXK3,A,ALA,502,-61.031904515118484,-42.100992073113396,-176.00597041462186,110.00388000699134,27.41,,,,,,No,General,Favoured,General,Favoured
2300,HXK3,A,GLN,503,-64.39119435690016,-34.07822920260437,-177.3058339970008,109.91914481670325,83.36,-71.64210732049105,-70.7841558852007,24.452528479203824,,,No,General,Favoured,General,Favoured
2301,HXK3,A,MET,504,-65.53846647376396,-36.95236623761848,177.66235113762542,108.0363797015868,45.45,-174.70586373720877,67.72383058747177,72.47612673919888,,,No,General,Favoured,General,Favoured
2302,HXK3,A,ARG,505,-62.32945941504608,-48.40813573818782,-178.71716925386883,110.67370605925295,98.49,179.94211059190812,169.86725794769714,62.03523602592927,-173.2018251510884,-0.5505781951880827,No,General,Favoured,General,Favoured
2303,HXK3,A,LYS,506,-63.18344344030566,-41.43712729785483,-176.20651083875754,109.00560106960957,39.12,-67.30748073918681,167.061335097271,175.08146918770578,174.08799168724317,,No,General,Favoured,General,Favoured
2304,HXK3,A,ALA,507,-63.26744167415094,-36.032778758909224,-177.50858630462992,110.0567770649945,54.08,,,,,,No,General,Favoured,General,Favoured
2305,HXK3,A,MET,508,-67.2528760839874,-45.80986812120873,179.48813738394654,110.40834316549531,66.0,-65.82360872710356,172.54083296732554,72.36568221244862,,,No,General,Favoured,General,Favoured
2306,HXK3,A,ALA,509,-63.07147435673608,-38.70200185717865,-178.5988167908796,108.20309888185976,35.74,,,,,,No,General,Favoured,General,Favoured
2307,HXK3,A,LYS,510,-60.078664075334984,-46.151484547064264,-176.7914438428714,108.48324578869259,114.12,-59.36386171303527,165.35365062824573,-164.7850570728867,-61.87273332689886,,No,General,Favoured,General,Favoured
2308,HXK3,A,LEU,512,-66.12962842448559,-39.39658053225143,-176.56481227829036,112.0016086267538,67.5,-69.5710696825961,179.56235179531726,,,,No,General,Favoured,General,Favoured
2309,HXK3,A,ARG,513,-63.77327914311647,166.79308016198823,-179.0567241334322,108.48545075130235,147.26,-62.67062733220288,-169.96145565643693,-173.7166450169276,86.36275564261153,-0.5172031507175032,No,General,Favoured,General,Favoured
2310,HXK3,A,GLU,515,-147.09510321376976,36.16175110208494,-175.57788882393692,111.7253732240013,256.57,-50.14641559982192,79.11184588243805,29.34188872925535,,,No,General,Allowed,General,Allowed
2311,HXK3,A,ALA,516,-76.12145794891323,-48.67077383059429,-171.17391332620315,126.12227602027875,144.04,,,,,,No,General,Favoured,General,Favoured
2312,HXK3,A,SER,517,-164.92787789465928,-165.4384291390233,-159.38404685551248,118.34415120243102,132.78,67.4291279107173,,,,,No,General,Allowed,General,Allowed
2313,HXK3,A,SER,518,-64.99849391675203,-44.850278854382346,-175.08635674170506,112.88862402113739,102.71,-64.35252663713982,,,,,No,General,Favoured,General,Favoured
2314,HXK3,A,LEU,519,-89.22342847963824,109.33314156534183,178.59687975674348,105.88226514971053,171.84,-69.12330560212511,-66.66192333756068,,,,No,General,Favoured,General,Favoured
2315,HXK3,A,ARG,520,-65.37889300719054,-34.00506213246855,-170.63547075626187,114.61652876739119,150.61,-71.3363747627511,-78.37681366429905,175.6816039324285,82.8758860492893,-3.025469897571758,No,General,Favoured,General,Favoured
2316,HXK3,A,MET,521,52.60643731613428,51.52979620151256,-179.89899884309116,111.3947367247966,108.68,-63.56769060672806,-76.84411600323439,87.20117711694022,,,No,General,Favoured,General,Favoured
2317,HXK3,A,THR,524,-83.44127831903074,-26.06117190986417,176.68213533422792,113.12178109788701,157.85,-179.86526970146664,,,,,No,General,Favoured,General,Favoured
2318,HXK3,A,PHE,525,66.37721074935105,23.566614842820304,-171.44674333572743,109.76219675380922,87.61,-67.47798637181906,-78.86630679338468,,,,No,General,Favoured,General,Favoured
2319,HXK3,A,ARG,527,-78.81044257256764,-31.217384348213695,-176.85256803486794,115.5208843286849,133.97,-69.1995845908067,177.57330180578649,-73.76747002681489,85.36968484156517,0.15208698119358086,No,General,Favoured,General,Favoured
2320,HXK3,A,ALA,528,-129.9501230977921,166.58997368082697,-167.21518357551875,112.53730499612148,56.62,,,,,,No,General,Favoured,General,Favoured
2321,HXK3,A,ASP,531,-122.83799450516806,-176.5165911063227,170.96060666189024,102.84251179750133,80.71,-67.57293849346468,4.648307115467191,,,,No,General,Favoured,General,Favoured
2322,HXK3,A,SER,533,-57.98563635485721,-35.914328697836496,-166.71907006080528,117.89691437481876,122.17,62.14342013925074,,,,,No,General,Favoured,General,Favoured
2323,HXK3,A,GLU,534,-65.3742025811429,139.76152712701105,-165.39882166817827,113.78023509049052,104.94,-64.51269389825282,82.16509197258027,5.763452752486671,,,No,General,Favoured,General,Favoured
2324,HXK3,A,ARG,535,-152.25483636741902,150.26931191993262,176.07895882773707,107.19483339782556,104.28,-68.95504148620869,-168.70548417695963,71.89863238198208,175.31082420205962,0.6729081165345289,No,General,Favoured,General,Favoured
2325,HXK3,A,ASP,537,-118.23771562386769,132.99758033612437,177.9099174529754,107.46318989705705,57.83,-73.88679026033883,-3.9062897480741694,,,,No,General,Favoured,General,Favoured
2326,HXK3,A,PHE,538,-132.979379690197,143.85650779358045,-178.93962019058935,108.30584296337045,55.89,-58.317369542111756,82.46637542683659,,,,No,General,Favoured,General,Favoured
2327,HXK3,A,LEU,539,-101.36912631256094,142.9638039716126,175.79695562781222,107.25186981099824,62.72,-68.90536456981316,179.86370406962027,,,,No,General,Favoured,General,Favoured
2328,HXK3,A,ALA,540,-123.27882444073711,131.4514780397035,177.37902081847957,107.09402499912031,41.6,,,,,,No,General,Favoured,General,Favoured
2329,HXK3,A,LEU,541,-113.66149719599136,113.45335825752552,174.7985940157325,106.23108142670853,121.99,179.80483157445968,163.77621601468294,,,,No,General,Favoured,General,Favoured
2330,HXK3,A,ASP,542,-108.44610635655985,106.62888454679366,-178.7006365841033,107.3707539626338,49.47,-170.48139392243436,-17.828868463916425,,,,No,General,Favoured,General,Favoured
2331,HXK3,A,LEU,543,-124.37048616041223,125.43762542594233,-179.45827002618546,110.16454856903516,117.05,179.93297574355645,165.86324792797856,,,,No,General,Favoured,General,Favoured
2332,HXK3,A,THR,546,-65.45431669595905,-31.571533720944092,-174.4421376998884,111.67815948467876,113.84,-170.950789556765,,,,,No,General,Favoured,General,Favoured
2333,HXK3,A,ASN,547,-111.88977245631108,119.32776525983832,-175.48708609512428,111.30963966675955,55.84,-64.20753795984636,-36.351969904212105,,,,No,General,Favoured,General,Favoured
2334,HXK3,A,PHE,548,-97.42390011533425,157.7783770549123,173.9495705829354,108.69768890541339,80.15,47.699178707367814,65.62071376289613,,,,No,General,Favoured,General,Favoured
2335,HXK3,A,ARG,549,-113.18749421535156,144.78128725403417,177.6325931683321,105.8370641753409,95.88,-54.581959066057465,175.26017926823053,-50.42155100304503,168.42508071888773,3.2920375771735078,No,General,Favoured,General,Favoured
2336,HXK3,A,LEU,551,-127.40574608304206,153.87823126713766,-175.95902679812582,110.9443116111329,108.21,-58.27664728189335,73.58214379348311,,,,No,General,Favoured,General,Favoured
2337,HXK3,A,LEU,552,-116.40042976598853,121.93640922024025,176.29984199500905,106.4214330612447,123.48,-172.03885903871162,-61.57698039852623,,,,No,General,Favoured,General,Favoured
2338,HXK3,A,ARG,554,-116.62038401559268,134.50637352659982,178.72084486747323,106.72755574897252,90.47,-66.29075024937208,-178.8539852779074,179.98472721680835,-88.86148047341833,0.5678796749926124,No,General,Favoured,General,Favoured
2339,HXK3,A,THR,556,-154.26327676096375,-124.52422218062247,-176.15838413804613,109.2977905912337,136.27,58.130940460408816,,,,,No,General,Disallowed,General,Disallowed
2340,HXK3,A,THR,557,-61.878258448722555,-31.32069230854905,-179.85066553658046,104.50364948419967,162.4,60.81643932223907,,,,,No,General,Favoured,General,Favoured
2341,HXK3,A,GLN,560,-122.88124071168438,153.187191695758,177.29067571122988,105.45635874381814,70.0,-64.46904933292895,163.00622694356846,-66.86197502145406,,,No,General,Favoured,General,Favoured
2342,HXK3,A,THR,562,-133.7268425429931,126.71438470406267,173.1454714339368,105.63052703305588,111.59,62.1598355885013,,,,,No,General,Favoured,General,Favoured
2343,HXK3,A,SER,563,-131.3443079868964,169.77461319981387,-178.28980496719387,108.31855405309494,80.44,179.9784897842912,,,,,No,General,Favoured,General,Favoured
2344,HXK3,A,GLU,564,-147.89655541977052,142.2893416993917,173.97514925770943,105.43191439461499,85.55,175.56423698755898,64.63886303948239,-1.8827664346159885,,,No,General,Favoured,General,Favoured
2345,HXK3,A,TYR,566,-125.50046767938731,158.02573817407387,-179.67390293336106,107.92984374786855,55.58,-69.3040906113313,78.45119960537119,,,,No,General,Favoured,General,Favoured
2346,HXK3,A,SER,567,-114.97741144888468,150.06568036931873,179.7526418889099,108.0512881095633,33.7,62.342279656779546,,,,,No,General,Favoured,General,Favoured
2347,HXK3,A,GLU,570,-59.088601455197924,-40.05597530090109,-175.0259627165638,107.88919154609927,71.79,-58.97694358194238,-64.4542125321143,1.648710179302734,,,No,General,Favoured,General,Favoured
2348,HXK3,A,THR,571,-63.74489256460862,-44.13907136278463,-177.963287667496,109.96986519927435,100.95,-172.42981635360925,,,,,No,General,Favoured,General,Favoured
2349,HXK3,A,ALA,573,-65.95495474652365,-37.11863304847962,-178.14396025692858,111.13944087800039,43.47,,,,,,No,General,Favoured,General,Favoured
2350,HXK3,A,GLN,574,-70.07228301374342,-29.608291588586923,179.97877757391242,111.94919762723464,101.23,165.69425676555625,70.64019965352675,3.0479151244170333,,,No,General,Favoured,General,Favoured
2351,HXK3,A,SER,576,-77.63019692251468,160.43215515792474,-177.29985994045018,109.51243027258401,34.44,-179.94847391595854,,,,,No,General,Favoured,General,Favoured
2352,HXK3,A,GLN,578,-64.05897467719254,-40.380812446435925,-176.7468163754996,109.22345176133885,86.87,65.57984104534299,-178.22549982903044,136.2601710324161,,,No,General,Favoured,General,Favoured
2353,HXK3,A,GLN,579,-67.33338446316452,-31.378396806416198,-179.8182709470272,109.17263573013372,56.77,-59.81284991736007,167.5883103852399,18.57144739844008,,,No,General,Favoured,General,Favoured
2354,HXK3,A,LEU,580,-65.03279005610504,-47.063625102288995,-177.96830597475042,111.22382995767033,59.96,175.49520639391247,62.26482187171037,,,,No,General,Favoured,General,Favoured
2355,HXK3,A,PHE,581,-71.05297746692311,-34.37823278932764,-176.16079296587412,113.01589271823855,82.38,-70.57097947342314,80.20470081901854,,,,No,General,Favoured,General,Favoured
2356,HXK3,A,ASP,582,-67.58882933223008,-35.18053983941532,178.75842966896343,110.71000815974823,125.61,53.21899881585735,-50.922789456948664,,,,No,General,Favoured,General,Favoured
2357,HXK3,A,HIS,583,-61.44660255536966,-40.73129170883738,178.99793615867566,107.24679699931194,40.19,-176.16282545320453,79.29642768770461,,,,No,General,Favoured,General,Favoured
2358,HXK3,A,ASP,586,-65.93501891220978,-37.60707321759701,-179.20942683316508,109.76433158339647,84.05,-171.38079920786348,22.798454454896316,,,,No,General,Favoured,General,Favoured
2359,HXK3,A,CYS,587,-60.58030632217899,-33.62751106284965,-177.27096830216607,107.03843498612987,44.36,-61.96976936084397,,,,,No,General,Favoured,General,Favoured
2360,HXK3,A,ASP,590,-62.7083410299603,-48.56038641684753,-177.11368788908615,110.16486733032893,48.54,-174.5209853921299,27.837869949513284,,,,No,General,Favoured,General,Favoured
2361,HXK3,A,PHE,591,-67.51031872324174,-42.25565789187445,-176.10990417770282,111.0537652386756,75.2,172.21284262663139,79.68733333345355,,,,No,General,Favoured,General,Favoured
2362,HXK3,A,GLN,592,-55.69510892710667,-43.0493630761249,-179.52714977487707,106.14233846928553,97.06,176.38278977150676,88.20070132170514,9.784018721674546,,,No,General,Favoured,General,Favoured
2363,HXK3,A,GLN,593,-65.01401512949911,-40.80320036397963,178.12389680890576,109.2129171996348,61.24,175.33340031699205,-93.3018566879641,2.8882007668503653,,,No,General,Favoured,General,Favoured
2364,HXK3,A,LYS,594,-62.117237523873825,-35.96038485740324,-177.68566245750867,108.76522359465544,35.89,-73.5299327289295,168.88408618577245,169.41584876557718,179.74779298437704,,No,General,Favoured,General,Favoured
2365,HXK3,A,GLN,595,-64.83419234555502,-28.824118584900518,177.25845308805083,107.4287588904781,90.24,-167.87922119029824,64.31960761122544,45.719498047749866,,,No,General,Favoured,General,Favoured
2366,HXK3,A,LEU,597,-72.8378337760917,-18.74175896472034,-178.80550580114368,113.441838881592,87.36,-59.20492089587822,-179.92341247804788,,,,No,General,Favoured,General,Favoured
2367,HXK3,A,SER,598,-38.467977149176775,125.79565589134155,-170.40155559264696,112.99407083683099,95.81,179.71757989288852,,,,,No,General,Allowed,General,Allowed
2368,HXK3,A,GLN,600,-109.58997450801748,142.38010974032488,-178.72023385001918,109.72927961645301,80.12,-172.99860191948991,168.90459748253886,-6.183150102871656,,,No,General,Favoured,General,Favoured
2369,HXK3,A,SER,601,-88.43736423220045,147.92182063446288,178.97373699024757,108.61778825851897,86.41,72.1423543901196,,,,,No,General,Favoured,General,Favoured
2370,HXK3,A,LEU,604,-139.34547733655353,131.27258478014863,-175.14496663222693,111.70607870957777,86.65,179.63045131175852,78.81823397594403,,,,No,General,Favoured,General,Favoured
2371,HXK3,A,PHE,606,-140.4087679064607,124.74275313844588,-172.98231843954804,110.93482515243296,108.01,175.8662879972811,57.88181564074279,,,,No,General,Favoured,General,Favoured
2372,HXK3,A,THR,607,-110.22200423311303,108.55018400128631,178.11088748288523,107.27893495160964,58.78,-58.45573486439369,,,,,No,General,Favoured,General,Favoured
2373,HXK3,A,PHE,608,-116.72275201882698,109.56847270647772,-178.68382775717498,105.94964985533177,94.21,-171.90202240323347,76.18940174378389,,,,No,General,Favoured,General,Favoured
2374,HXK3,A,SER,609,-103.15838258958549,103.83188511637269,-175.01496228806627,108.66640615374162,60.15,-60.64291205371752,,,,,No,General,Favoured,General,Favoured
2375,HXK3,A,CYS,612,-153.91614868326033,145.86540859119157,-177.70227016298776,111.80625314403059,55.88,-69.22916685780129,,,,,No,General,Favoured,General,Favoured
2376,HXK3,A,ARG,613,-102.06123588399998,120.56194069802648,170.91532398497796,103.93430503449915,88.24,175.1240350723976,-168.44991412386918,172.24130752949802,145.01162541765018,0.5543237403870752,No,General,Favoured,General,Favoured
2377,HXK3,A,GLN,614,-110.11291669724159,109.63507407993097,-177.00372754783984,109.22294239722693,67.92,-179.94547004344628,-172.88980066191627,-154.3448614500732,,,No,General,Favoured,General,Favoured
2378,HXK3,A,LEU,615,-76.14232705020956,-35.63963430593068,177.1884703457472,112.73574008331057,102.74,-67.43185646620756,-67.6111980732153,,,,No,General,Favoured,General,Favoured
2379,HXK3,A,LEU,617,-61.4990654375671,-42.62336836120783,-176.2049703050362,108.23392732580683,54.8,-179.93623285172416,61.42537026764124,,,,No,General,Favoured,General,Favoured
2380,HXK3,A,ASP,618,-76.5079971722064,-28.805919767454235,179.6086425353888,112.82925917272892,162.41,-166.47229325478577,-66.05427921621691,,,,No,General,Favoured,General,Favoured
2381,HXK3,A,GLN,619,-120.30916002670993,147.8850824900358,-172.80141301081974,113.02983598151877,111.72,67.18987165426813,-178.116954969751,-167.12514551885286,,,No,General,Favoured,General,Favoured
2382,HXK3,A,LEU,622,-75.8823919100837,115.71688093735894,177.73057373721616,108.32300111581368,79.98,175.35950822781706,63.87390720615802,,,,No,General,Favoured,General,Favoured
2383,HXK3,A,LEU,623,-75.11384521537072,-60.10555459709782,177.438286962179,112.1396573565384,113.7,-67.01364657342397,-65.4166994125923,,,,No,General,Favoured,General,Favoured
2384,HXK3,A,ASN,624,-139.89235628768674,144.0837835830408,-177.14375679760929,107.33392101655474,96.02,65.48839718530442,-44.36783315575777,,,,No,General,Favoured,General,Favoured
2385,HXK3,A,TRP,625,-74.1573330121024,155.86634514858082,177.70684063463636,107.50584808159664,93.44,-77.16178510630897,107.02497628307997,,,,No,General,Favoured,General,Favoured
2386,HXK3,A,THR,626,-145.4986654738941,-179.70279293749758,178.04980878511876,104.27151148582092,62.85,-53.409555338302546,,,,,No,General,Favoured,General,Favoured
2387,HXK3,A,LYS,627,64.71056430798068,9.658590663308594,171.2908784403432,112.60038010647186,160.32,-57.05285950784865,-63.05063930216679,172.82078074371913,58.065866064597046,,No,General,Favoured,General,Favoured
2388,HXK3,A,PHE,629,-97.81397969944759,112.88149600303666,178.03239492193305,108.82978973436902,157.8,-72.96438269182984,65.40175978056784,,,,No,General,Favoured,General,Favoured
2389,HXK3,A,LYS,630,-81.0270603904654,-17.683055237768816,179.18935942122496,113.55261863350451,146.21,-161.13644690185768,68.2274724900041,-179.63719767303365,179.69363825460422,,No,General,Favoured,General,Favoured
2390,HXK3,A,ALA,631,-47.45122616265347,131.22222312131936,-167.7199002068557,113.44123906836802,63.71,,,,,,No,General,Favoured,General,Favoured
2391,HXK3,A,SER,632,-83.48697415754677,162.75798935774336,-178.47637540310248,110.31990180396762,86.11,178.9662487349297,,,,,No,General,Favoured,General,Favoured
2392,HXK3,A,ASP,633,57.619137441840316,19.64737346590884,176.61981620800677,112.80813641532613,153.7,67.97915697972971,-83.95308159743387,,,,No,General,Favoured,General,Favoured
2393,HXK3,A,CYS,634,-87.38362572461648,-48.28939651982383,172.78408495090127,113.61669950171081,84.35,-63.405689253723736,,,,,No,General,Favoured,General,Favoured
2394,HXK3,A,GLU,635,-63.111185014010594,133.43930853601142,-170.611008673484,109.12636663098334,62.38,-63.70775315122991,167.62119034093828,34.75472785673993,,,No,General,Favoured,General,Favoured
2395,HXK3,A,GLN,637,-121.7023174674456,152.1351303725406,-178.19163211243975,109.05029698653996,79.6,-63.89546682578828,-64.73414399157083,-49.67792871466956,,,No,General,Favoured,General,Favoured
2396,HXK3,A,ASP,638,-71.14600959545892,120.89924861077641,178.71457448653325,107.62863557098242,53.11,-174.668751374958,-4.63373586756655,,,,No,General,Favoured,General,Favoured
2397,HXK3,A,SER,641,-64.43974228742022,-38.420603036114244,179.32501469974056,107.25301718117369,80.01,-56.600351213673704,,,,,No,General,Favoured,General,Favoured
2398,HXK3,A,LEU,642,-58.89370919376406,-47.01934176313761,179.44233371931332,107.61302005630513,102.89,-83.63904040596312,-74.99345494838131,,,,No,General,Favoured,General,Favoured
2399,HXK3,A,LEU,643,-69.47414413590175,-42.334744904642385,-178.04384072742062,111.52547697266036,67.43,-178.5797379512486,60.89840082050962,,,,No,General,Favoured,General,Favoured
2400,HXK3,A,ARG,644,-64.15919928019393,-47.00005891901325,-175.23598635255803,110.13278182282583,136.16,-66.23143924749901,-106.6132596191845,-159.47946119793409,85.34858194732705,0.6737365521276747,No,General,Favoured,General,Favoured
2401,HXK3,A,GLU,645,-64.45223287245261,-35.6091366357097,-176.40304987691832,107.93297147694437,42.7,-66.62362826574449,-179.94093240848318,-57.26066078084278,,,No,General,Favoured,General,Favoured
2402,HXK3,A,ALA,646,-65.87386367055264,-32.705688290806,179.83652233945148,110.10769718889111,53.54,,,,,,No,General,Favoured,General,Favoured
2403,HXK3,A,THR,648,-63.40738719717182,-34.01072669947637,-174.8500250012435,111.49980674527446,110.03,-168.15886805760073,,,,,No,General,Favoured,General,Favoured
2404,HXK3,A,ARG,649,-64.3123654575261,-31.75649158094092,-171.63947483088205,114.96717709585504,153.73,-66.57485742308515,144.02912680146255,58.85741494027735,158.8995199813794,-3.2472473748577526,No,General,Favoured,General,Favoured
2405,HXK3,A,ARG,650,-65.94660704667898,-25.649537855324986,-174.10529022349712,112.19625839689488,153.31,-177.6739393245726,59.61345154172322,73.6110092245402,-97.12118963065772,4.041587305972025,No,General,Favoured,General,Favoured
2406,HXK3,A,GLN,651,77.87429088832228,-34.88272990448866,175.78234850085374,111.51998346718742,102.63,-67.36789311578218,172.5729269562132,23.564266306613355,,,No,General,Allowed,General,Allowed
2407,HXK3,A,ALA,652,-81.0427885850331,-40.67157357056882,171.8464081025105,111.06787759920584,71.44,,,,,,No,General,Favoured,General,Favoured
2408,HXK3,A,GLU,654,44.654988591263795,72.24324914584005,-178.45755051553823,114.22673810675971,160.3,45.89491829422217,92.73618988764869,33.04294270699573,,,No,General,Allowed,General,Allowed
2409,HXK3,A,LEU,655,-111.77761678940486,156.01278723447066,178.7271175391246,106.90647799880351,108.63,-170.48718403640828,69.03662667642288,,,,No,General,Favoured,General,Favoured
2410,HXK3,A,ASN,656,-105.06111962311915,131.0171012553086,-177.3319713810472,110.27528542871833,56.14,-178.94412801759367,61.96278706755346,,,,No,General,Favoured,General,Favoured
2411,HXK3,A,ALA,659,-152.9097132516414,160.38140933278473,-168.26750496607457,113.14592738958987,64.53,,,,,,No,General,Favoured,General,Favoured
2412,HXK3,A,ASN,662,-92.02657853539321,148.39809230799682,175.01373898336507,105.67838043651552,82.3,-178.6782226331343,-65.09274914508205,,,,No,General,Favoured,General,Favoured
2413,HXK3,A,ASP,663,-58.277031423027516,-40.19770947579856,-171.7632218159943,111.08129427878993,137.91,-61.97414913181017,1.0828416567812782,,,,No,General,Favoured,General,Favoured
2414,HXK3,A,THR,664,-62.517486829326415,-43.97189222326473,-177.94887591158633,110.2591511963853,133.9,178.00178774477126,,,,,No,General,Favoured,General,Favoured
2415,HXK3,A,THR,667,-62.7434617346297,-44.809502610129016,-179.1903233624224,109.32151321491263,35.7,-59.26445719522133,,,,,No,General,Favoured,General,Favoured
2416,HXK3,A,MET,668,-61.34627893108891,-46.01798972312046,-178.4854369555465,109.36510510386597,48.51,179.78732828500827,-167.6461409302539,66.85948460729504,,,No,General,Favoured,General,Favoured
2417,HXK3,A,MET,669,-62.77307447998354,-38.29035558886239,-176.8205305962128,110.46159050268723,150.96,-82.00097384455735,-80.15068209016005,73.44429090749705,,,No,General,Favoured,General,Favoured
2418,HXK3,A,SER,670,-57.366725003114155,-48.893039397050345,-172.55573933418268,111.85700518822505,95.92,-179.99567131296712,,,,,No,General,Favoured,General,Favoured
2419,HXK3,A,CYS,671,-74.81555364814923,-16.829672163407576,179.99142881156484,111.23946938666121,74.85,53.09290084293921,,,,,No,General,Favoured,General,Favoured
2420,HXK3,A,TYR,673,-64.19645970426278,-40.95742649017377,178.14587228403607,110.23020288275569,125.39,-77.80992513035837,63.44765903653214,,,,No,General,Favoured,General,Favoured
2421,HXK3,A,GLU,674,-73.93670296222021,-46.59133115804978,176.57877113185808,110.83960465561938,65.88,-71.52587911278745,-164.16674276517824,63.319568635512766,,,No,General,Favoured,General,Favoured
2422,HXK3,A,ARG,677,-70.9540843161288,-19.6663876885597,-177.6704529463573,111.98018848510131,179.31,-168.13638392939345,177.355290990058,-57.83054534200745,154.98144549748866,0.5070073308178076,No,General,Favoured,General,Favoured
2423,HXK3,A,CYS,678,-78.04095025147912,106.4641300963975,-170.69975063024256,114.57663907315329,71.8,-179.98879018666526,,,,,No,General,Favoured,General,Favoured
2424,HXK3,A,GLU,679,-88.79634685572691,-19.288935165794832,175.2569198131814,114.04011290678895,152.07,-61.708970710097624,-98.17402373960576,59.752436999259224,,,No,General,Favoured,General,Favoured
2425,HXK3,A,LEU,682,-145.28350588433858,138.21178939324076,-179.22056779932115,109.4899758179197,77.15,172.28796780763957,64.1942631996446,,,,No,General,Favoured,General,Favoured
2426,HXK3,A,THR,686,-61.01228196258634,-29.131725906414655,179.2060464454208,105.51685684547722,45.1,61.74981285695287,,,,,No,General,Favoured,General,Favoured
2427,HXK3,A,THR,688,-138.99781383883158,143.0822103243681,179.51598037162302,108.7626057106701,114.06,58.77057104586496,,,,,No,General,Favoured,General,Favoured
2428,HXK3,A,ASN,689,-157.16016152669118,163.54991006642885,-179.63321315677632,107.03385349485474,67.23,-163.10093180872323,-2.629559834038707,,,,No,General,Favoured,General,Favoured
2429,HXK3,A,ALA,690,-152.06176936336732,158.11835074951452,178.62072430594844,108.68166175857947,42.43,,,,,,No,General,Favoured,General,Favoured
2430,HXK3,A,CYS,691,-151.95544984013597,146.26166102136696,178.19014869803775,109.0538493489548,49.28,63.91360642793562,,,,,No,General,Favoured,General,Favoured
2431,HXK3,A,TYR,692,-136.30194365065083,167.62563363511487,175.47812366225978,108.58739677620689,86.32,55.11980825107473,-75.49909310980026,,,,No,General,Favoured,General,Favoured
2432,HXK3,A,MET,693,-85.17181826324412,132.92672950152067,175.44709089470496,106.39928980980099,69.23,-66.75515075009517,-61.93207763966317,-64.67754508480058,,,No,General,Favoured,General,Favoured
2433,HXK3,A,GLU,694,-123.25069258503078,154.96324586694357,-175.15715283068306,110.49027576588047,119.04,-178.4804680583886,69.36249200998577,-54.404943154270825,,,No,General,Favoured,General,Favoured
2434,HXK3,A,GLU,695,-74.10903944268817,136.25105184582247,177.97694755761313,106.85009206930309,118.59,-56.3149476251741,-47.793081280597406,-30.588845257389906,,,No,General,Favoured,General,Favoured
2435,HXK3,A,LEU,696,-64.4459205838482,-26.35671917909492,-176.26424021091537,110.46836843086973,67.85,-71.51640188187743,-179.3166922254744,,,,No,General,Favoured,General,Favoured
2436,HXK3,A,ARG,697,-60.61038929075633,-39.485645442798045,-179.54885992491546,107.5216212596988,147.93,-58.26072644835195,85.20636520171136,82.77217838616328,153.82046081560023,0.7426805914317883,No,General,Favoured,General,Favoured
2437,HXK3,A,ASN,698,-68.20604110592076,-31.427961574592896,-177.2989816797009,112.017828622735,91.18,-59.98762905856234,137.98281898823885,,,,No,General,Favoured,General,Favoured
2438,HXK3,A,ALA,700,-71.35578698247829,-30.709507361008466,-179.5619360761362,113.74192056889788,71.98,,,,,,No,General,Favoured,General,Favoured
2439,HXK3,A,ASP,705,-81.10827299518726,-24.603204434720755,179.1363237390311,114.28206566428399,142.26,62.64198140055887,-59.04626324927572,,,,No,General,Favoured,General,Favoured
2440,HXK3,A,SER,706,-95.15616530368143,139.79223533329238,-171.4388874636039,111.963051406584,53.09,65.50584436628436,,,,,No,General,Favoured,General,Favoured
2441,HXK3,A,ARG,708,-128.65197946128194,156.39746100558781,179.69967148714335,109.85630255691392,215.6,60.28844151883582,160.7426356929576,99.99267475968863,98.56241468601938,-6.127971714659834,No,General,Favoured,General,Favoured
2442,HXK3,A,MET,709,-135.7508026456128,143.8712033067439,179.76407144236637,109.42880756957713,56.95,179.95250804566928,-174.76971689560696,-64.02315996631216,,,No,General,Favoured,General,Favoured
2443,HXK3,A,CYS,710,-71.87196910046146,137.76235938319118,179.9884111545872,108.35463559270953,52.93,179.941271631235,,,,,No,General,Favoured,General,Favoured
2444,HXK3,A,ASN,712,-90.4665168033347,107.47960111710948,176.57342712081697,104.81483802987738,76.3,178.95433606186634,25.503514926650887,,,,No,General,Favoured,General,Favoured
2445,HXK3,A,MET,713,-65.8050783494891,-42.07189660069776,-173.09320786178492,112.95645764517197,69.42,-62.67898011162132,170.19293721355146,73.61689560581246,,,No,General,Favoured,General,Favoured
2446,HXK3,A,GLU,714,54.566876157787526,52.81823065392765,-169.09903596853763,106.31614106873491,109.48,-71.72863454114716,-63.54793242576268,-28.31361813850149,,,No,General,Favoured,General,Favoured
2447,HXK3,A,TRP,715,-71.42017041525759,-17.436124878775782,-176.27400018696162,112.67731442391393,129.09,70.21046129273341,-8.927479908559699,,,,No,General,Favoured,General,Favoured
2448,HXK3,A,ALA,717,-65.0110814143939,-22.995717832810495,179.58294458109935,111.47022278504409,69.78,,,,,,No,General,Favoured,General,Favoured
2449,HXK3,A,PHE,718,-52.0007508923449,134.22331904094932,-179.9760506891386,109.46827689053077,99.18,173.29958008214783,67.16741603616038,,,,No,General,Favoured,General,Favoured
2450,HXK3,A,ASP,720,-68.94074732712596,-26.17868470866112,-179.4167035103191,109.84434003286427,77.0,-71.16015391217016,-43.144994723823416,,,,No,General,Favoured,General,Favoured
2451,HXK3,A,ASP,721,-72.41992702030002,-22.02856876318255,178.06902849897253,110.72101643960409,70.77,62.68180397938564,-13.55224662123638,,,,No,General,Favoured,General,Favoured
2452,HXK3,A,SER,723,-63.42308881365012,-31.51100274961899,-175.68697681478827,112.3423884238894,99.12,64.80593792575863,,,,,No,General,Favoured,General,Favoured
2453,HXK3,A,LEU,724,-80.10006393536399,-13.485605539280174,178.79484909137747,114.3292754659984,98.87,-69.41014599697564,-178.42469612045238,,,,No,General,Favoured,General,Favoured
2454,HXK3,A,ALA,725,-50.61612103131255,-35.43386269823655,-165.10249920803003,112.62012595869139,58.25,,,,,,No,General,Favoured,General,Favoured
2455,HXK3,A,MET,726,-62.81686045516567,-35.55680346378686,-178.06695158128315,110.16306110608838,82.7,-62.52177055616082,68.39564891768902,66.06193486049231,,,No,General,Favoured,General,Favoured
2456,HXK3,A,LEU,727,-74.44926155971031,-27.587613389811512,-178.83352445534305,114.19006579744027,116.29,-62.224593659625214,64.28466659721204,,,,No,General,Favoured,General,Favoured
2457,HXK3,A,SER,728,-76.388043959634,129.79204964973124,-171.72438374142465,112.34255296046445,58.71,-62.15715744006315,,,,,No,General,Favoured,General,Favoured
2458,HXK3,A,THR,729,-88.97294337594153,179.19391820816026,179.9668851105328,108.04085548758495,34.87,61.84867808183804,,,,,No,General,Favoured,General,Favoured
2459,HXK3,A,ARG,730,-63.6420080827954,-34.11510684757189,179.7492578490007,107.00558055688192,93.37,-171.71517440851824,175.4596764377816,112.29641293593667,-101.3875341992732,2.5319992047655635,No,General,Favoured,General,Favoured
2460,HXK3,A,PHE,731,-65.80733952851065,-44.49620410395229,-177.56896597437407,109.74557627417036,53.18,-57.16879660864549,-78.68479574426547,,,,No,General,Favoured,General,Favoured
2461,HXK3,A,ASP,732,-61.94065392563945,-42.850959684329155,179.66200040945444,107.64573895856813,38.67,-68.60845720750137,-32.49152100066261,,,,No,General,Favoured,General,Favoured
2462,HXK3,A,ALA,733,-61.228465230883344,-38.99241647057466,-177.91767237976646,109.07678696465548,31.58,,,,,,No,General,Favoured,General,Favoured
2463,HXK3,A,SER,734,-67.106344129928,-39.09002404536249,-177.1498385308059,110.45923260049241,32.38,67.55820054228823,,,,,No,General,Favoured,General,Favoured
2464,HXK3,A,ASP,736,-58.9472952323954,-47.993205186559166,-176.00672900953148,110.88133527619362,87.81,-74.11164591574796,-11.107041139302948,,,,No,General,Favoured,General,Favoured
2465,HXK3,A,GLN,737,-63.78575999228926,-38.457861820427915,-172.61861372902214,111.43930814880434,52.23,-65.53391234100764,-179.5359204485721,144.78911894389373,,,No,General,Favoured,General,Favoured
2466,HXK3,A,ALA,738,-66.9982790575253,-32.80690955228461,-175.66752067499257,114.42073983779869,59.03,,,,,,No,General,Favoured,General,Favoured
2467,HXK3,A,SER,739,-70.4449882904642,173.170183452478,-171.87480125182134,112.75056622633943,47.72,64.13551306100167,,,,,No,General,Favoured,General,Favoured
2468,HXK3,A,LYS,744,-118.15834156367343,153.4630059262596,-177.75149020236663,109.62343914444108,69.6,-68.31987298704443,172.2654986573264,175.4144724925308,85.695318836629,,No,General,Favoured,General,Favoured
2469,HXK3,A,GLN,745,57.44618049020528,42.856709196122075,177.3407812789553,111.95788733018821,70.57,-62.642526867217505,-65.97090428325936,-64.08437793373594,,,No,General,Favoured,General,Favoured
2470,HXK3,A,ARG,746,-62.00880763404513,-41.616036604638595,-175.6701400063681,112.54252189528752,71.69,-71.02684429298131,-170.31549746885509,171.4722380527101,-142.4327136328909,-0.7240978263134812,No,General,Favoured,General,Favoured
2471,HXK3,A,PHE,747,-65.36740521305492,-38.852197523533434,-177.67828162114333,109.3831645400617,69.96,-175.64708583388915,72.5974712508545,,,,No,General,Favoured,General,Favoured
2472,HXK3,A,GLU,748,-59.481848976346775,-38.86975604436991,-179.23474045858538,108.7971661990694,65.83,171.35972865080797,-160.2725567287976,52.385913550917515,,,No,General,Favoured,General,Favoured
2473,HXK3,A,LYS,749,-67.77898136166392,-29.81549680962224,-175.36792869762414,113.0389363400747,80.38,-68.7071530086503,166.61805774773228,178.93373873793692,179.8946809137253,,No,General,Favoured,General,Favoured
2474,HXK3,A,MET,750,-75.80777520330948,-41.902626991785276,176.65539044967457,113.41044876466788,81.55,-59.11217336591577,179.79174310646013,-168.4672149925775,,,No,General,Favoured,General,Favoured
2475,HXK3,A,SER,752,-159.04784219456056,-170.0535750178435,-171.93984658547296,111.38352422902105,72.21,69.04836096933336,,,,,No,General,Favoured,General,Favoured
2476,HXK3,A,MET,754,-66.14162780188059,-22.399925170286277,177.3122047616162,105.64729087418465,124.47,68.2580159292414,167.91374660438538,-93.4124164196846,,,No,General,Favoured,General,Favoured
2477,HXK3,A,TYR,755,-56.976943905626406,-37.978982820723864,-173.27190543277715,111.14675146788295,80.55,-57.90611791533401,-71.77169583877637,,,,No,General,Favoured,General,Favoured
2478,HXK3,A,LEU,756,-61.37683550958492,-45.733930056718094,-177.64092231564155,110.44823526999862,67.32,-72.86857170756639,-178.6468022817711,,,,No,General,Favoured,General,Favoured
2479,HXK3,A,GLU,758,-68.9437668440729,-40.746554974753074,178.68564264007975,108.66455788095276,138.58,-155.8251477018291,77.54595224096032,-39.57006621937402,,,No,General,Favoured,General,Favoured
2480,HXK3,A,ARG,761,-60.54529521644473,-44.03835058399355,-175.43558530868657,110.0496866267381,129.55,-179.9961542349329,-178.96067728380095,58.088028310598695,139.9726784273036,-0.4248451501675844,No,General,Favoured,General,Favoured
2481,HXK3,A,HIS,762,-64.03094692211464,-39.23667306421989,-177.59944725631325,109.6468878019528,43.92,-78.67792651803923,95.25641675558964,,,,No,General,Favoured,General,Favoured
2482,HXK3,A,LEU,764,-61.17587863568862,-40.69750854455817,-175.3356193214159,109.38800765949146,45.53,-65.7514855939265,-179.49814887465638,,,,No,General,Favoured,General,Favoured
2483,HXK3,A,LEU,765,-62.43348240283005,-40.85377494203904,-178.68908013555145,108.27391932008497,118.26,-178.4607873858441,64.76971432637357,,,,No,General,Favoured,General,Favoured
2484,HXK3,A,HIS,766,-65.56805126117786,-41.36616951837623,-176.1625924145214,109.61552222280766,67.74,96.55259377273067,76.84922859514417,,,,No,General,Favoured,General,Favoured
2485,HXK3,A,LEU,767,-60.73807027432006,-43.10172352870882,-178.5615762075663,108.01208786854684,45.1,-64.75791911115128,179.96202485179938,,,,No,General,Favoured,General,Favoured
2486,HXK3,A,THR,768,-65.19275203125333,-36.54664659438689,-174.47353227745037,110.46356871143028,113.7,-159.58616774756078,,,,,No,General,Favoured,General,Favoured
2487,HXK3,A,SER,769,-63.487362236495215,-35.83807571899708,179.99327862187562,108.81547253348899,69.99,-63.56840196366233,,,,,No,General,Favoured,General,Favoured
2488,HXK3,A,LEU,770,-71.1538704931907,-23.055549414969136,-178.39010751212237,112.31220982157296,70.63,-64.87693821004217,-174.9456530462471,,,,No,General,Favoured,General,Favoured
2489,HXK3,A,LEU,773,-144.53100206088519,154.82115752538434,-174.35067002744245,110.18843070624042,83.28,178.80905331953005,62.967788888345545,,,,No,General,Favoured,General,Favoured
2490,HXK3,A,PHE,774,56.33326401684601,28.39984673268806,172.50637002346411,112.21646917444441,98.32,-68.7019354331484,-64.34818028833011,,,,No,General,Favoured,General,Favoured
2491,HXK3,A,ARG,775,56.22154953048331,31.27087806951678,177.68728379282828,111.66786449024264,192.3,-56.94952838267245,-158.57047757742365,-53.0549506404084,174.08972747332191,3.061256652883844,No,General,Favoured,General,Favoured
2492,HXK3,A,GLN,777,-122.60694126216447,131.44666104557444,-179.42694143319085,109.03537327079034,84.0,-175.01216974645266,169.5808506879652,-3.4358531467534554,,,No,General,Favoured,General,Favoured
2493,HXK3,A,GLN,778,-95.75651359335558,117.51747074821611,-174.68969229802707,110.23718640294295,95.71,172.6239227937493,-169.22880448052038,-2.1609132856291478,,,No,General,Favoured,General,Favoured
2494,HXK3,A,GLN,780,-60.2628437401167,-34.41364075781468,178.30925443536356,105.89125279526145,79.84,-68.43839721407869,67.73006448430678,-87.03721632174047,,,No,General,Favoured,General,Favoured
2495,HXK3,A,ARG,781,-62.648808072475454,-35.482936921413994,-178.4107118711857,109.44929892722533,101.5,-175.7323426400495,65.32377260550928,178.89570361248576,169.5784274842613,-1.4175739423590026,No,General,Favoured,General,Favoured
2496,HXK3,A,LEU,782,-66.3988345504919,-29.805584925111614,179.5438946028881,108.73881896611134,60.34,179.8515609910404,60.446399519643215,,,,No,General,Favoured,General,Favoured
2497,HXK3,A,GLN,783,-67.2507613636949,-30.03737455709943,178.97413216840357,110.19950945062212,93.66,179.96947390701612,-176.6340201401443,26.40835303429172,,,No,General,Favoured,General,Favoured
2498,HXK3,A,THR,784,-61.972980954440644,129.97806316710583,-175.26162680508526,110.40341852017215,43.71,-59.02031281813882,,,,,No,General,Favoured,General,Favoured
2499,HXK3,A,ARG,785,-84.93345424206265,156.47958303615374,-179.17286779017965,109.46606295969202,178.48,64.4062777224382,-179.16481842938916,-70.32730765020882,157.48166558555602,-2.0160269140902978,No,General,Favoured,General,Favoured
2500,HXK3,A,ASP,786,77.7489176550276,6.7142110359854605,178.32800277970685,114.75617644260792,89.9,-77.4925869019427,1.6215280923593869,,,,No,General,Favoured,General,Favoured
2501,HXK3,A,PHE,788,-82.62306125499586,111.44199106731737,-178.7960669553572,108.06823474619561,66.9,-72.02307060741006,-84.43590339606307,,,,No,General,Favoured,General,Favoured
2502,HXK3,A,LYS,789,-103.44570697185834,157.43765194735747,-175.7120785969856,108.16042671014178,108.3,-56.46130670021638,-62.798886059878235,-179.033417527643,173.00141179144958,,No,General,Favoured,General,Favoured
2503,HXK3,A,THR,790,-57.61448328434663,-38.7408712191986,-174.7885968966001,109.2901019643485,38.43,-59.88268014121699,,,,,No,General,Favoured,General,Favoured
2504,HXK3,A,LYS,791,-59.43372486585444,-41.08815108949345,-177.95248093413042,107.89091952007192,137.55,-50.24955296810969,70.13257878273707,169.63980997741118,77.39771482536402,,No,General,Favoured,General,Favoured
2505,HXK3,A,PHE,792,-68.15578795248129,-38.27147714444743,-177.9353619741002,111.59660272566055,70.88,-70.62007005178472,-64.69428332230792,,,,No,General,Favoured,General,Favoured
2506,HXK3,A,LEU,793,-62.59524484321808,-34.63436339673282,-179.13891476343355,108.34659473603612,55.79,-66.40316501781288,-179.97340977534142,,,,No,General,Favoured,General,Favoured
2507,HXK3,A,SER,794,-70.8415224259553,-43.0905022134785,-178.1657182668987,111.82519930331325,47.76,-64.76684397440225,,,,,No,General,Favoured,General,Favoured
2508,HXK3,A,GLU,795,-67.75197176346595,-42.480050919135486,-177.76807871481867,109.29848541927242,50.38,-63.36680702523221,174.65198390836247,-58.15554367320013,,,No,General,Favoured,General,Favoured
2509,HXK3,A,GLU,797,-69.16506243779212,-36.40940885856403,-177.08914653103113,112.15448071564018,58.57,-172.92393559057436,174.87518155962766,-52.520435355072415,,,No,General,Favoured,General,Favoured
2510,HXK3,A,SER,798,-72.42906976661088,-21.98864313893628,-176.53841842191846,111.69677836070575,46.66,62.255922035618106,,,,,No,General,Favoured,General,Favoured
2511,HXK3,A,ASP,799,-70.30679221743259,146.74984447423657,-174.8958183955951,110.6685544813295,56.88,-167.34045649187837,7.165774767681977,,,,No,General,Favoured,General,Favoured
2512,HXK3,A,SER,800,-142.70970785613488,-176.2835236726758,-179.17513885061274,107.38089291415956,58.98,-175.83434052573884,,,,,No,General,Favoured,General,Favoured
2513,HXK3,A,LEU,801,66.9500089539011,-126.1212654073727,174.61956666777152,110.12376712515092,121.52,-60.98093263916961,-179.68100508785292,,,,No,General,Allowed,General,Allowed
2514,HXK3,A,ALA,802,-62.5564402814813,-28.67861981705521,-176.15987786605862,110.91465527030824,73.38,,,,,,No,General,Favoured,General,Favoured
2515,HXK3,A,LEU,803,68.23883232455188,30.69142854822745,-179.10275741208136,109.81311445150321,70.36,-65.22413248302401,-179.70029669627613,,,,No,General,Favoured,General,Favoured
2516,HXK3,A,ARG,804,-62.99728176035965,-38.40459857378675,179.15178299061338,108.69795635294055,122.27,-179.6749412051309,166.5440286165187,-170.21101602434888,80.98945351273663,0.498406316359221,No,General,Favoured,General,Favoured
2517,HXK3,A,GLN,805,-63.71357711289385,-40.366843647091386,-177.22527918903313,110.21021593101756,121.06,-65.91145506939992,172.0239003334708,-0.3143148606912265,,,No,General,Favoured,General,Favoured
2518,HXK3,A,ARG,807,-62.52172694962852,-41.542462400752825,-179.67417895758035,108.58310698629965,102.35,-65.22466152894924,-179.04501703679702,73.57340505098146,-173.13234840441183,1.2028825262144338,No,General,Favoured,General,Favoured
2519,HXK3,A,ALA,808,-60.82455842371206,-42.61405536697687,-176.2580595021537,109.18773522648344,31.42,,,,,,No,General,Favoured,General,Favoured
2520,HXK3,A,LEU,810,-62.69393191415923,-38.43844801054897,-177.2863659258186,109.2848919546084,69.18,-66.14614589684179,175.28353612966342,,,,No,General,Favoured,General,Favoured
2521,HXK3,A,GLU,811,-67.62231105640626,-40.697225457853946,179.82353331375012,108.9215755700473,82.18,-162.53002379761756,172.04377443154672,38.153091073520045,,,No,General,Favoured,General,Favoured
2522,HXK3,A,ASP,812,-61.23907655782277,-42.17092275318211,-177.24417856481543,107.86970144844038,59.13,-64.02023027910634,-16.114822600035605,,,,No,General,Favoured,General,Favoured
2523,HXK3,A,LEU,813,-68.67929908307954,-22.879466517937097,-178.32160148807503,110.91288057499123,75.98,-64.49951573780854,-173.64572755412323,,,,No,General,Favoured,General,Favoured
2524,HXK3,A,LEU,817,-79.52066102660464,-21.022621948352707,-174.34350889221727,117.83814410878448,207.42,-176.36142070376846,73.37416465927187,,,,No,General,Favoured,General,Favoured
2525,HXK3,A,THR,818,-37.56934333669603,141.9266017173176,-168.92070035780173,113.37922185525912,145.58,-57.29905825137379,,,,,No,General,Allowed,General,Allowed
2526,HXK3,A,SER,819,-58.633685004873904,-42.94539881471302,-179.5318924755671,107.4238304238074,77.33,179.8651849330092,,,,,No,General,Favoured,General,Favoured
2527,HXK3,A,ASP,820,-59.35564466493545,-41.61047521169209,-177.11107280616403,107.98939311583125,51.97,-61.4622668340109,-33.059857000346504,,,,No,General,Favoured,General,Favoured
2528,HXK3,A,ASP,821,-64.18657952307696,-38.25526051859603,-177.75162872954795,110.68841737284421,49.22,-70.54276215192063,-24.01850543533224,,,,No,General,Favoured,General,Favoured
2529,HXK3,A,ALA,822,-60.98948162408322,-42.627189981046776,-174.73500853242754,110.69947607252067,37.05,,,,,,No,General,Favoured,General,Favoured
2530,HXK3,A,LEU,823,-61.43291205153729,-46.53546652015734,-176.4278894813943,109.77578866138202,79.24,-70.05665645341274,-67.03505651333049,,,,No,General,Favoured,General,Favoured
2531,HXK3,A,MET,824,-64.197047930343,-42.822824561905044,-176.57563423456511,110.84728143658933,79.46,-68.12479818797794,-162.98254835836877,-67.98540764397396,,,No,General,Favoured,General,Favoured
2532,HXK3,A,LEU,826,-61.66243356826672,-40.24915975717637,-178.01017910518473,106.65954244710257,91.82,-169.0080212791333,-174.4212785167277,,,,No,General,Favoured,General,Favoured
2533,HXK3,A,GLU,827,-64.74306118516874,-45.46796111577487,-177.05050883398022,110.77224983822435,49.7,-175.38573002348414,159.40918122747013,-6.5039286240374805,,,No,General,Favoured,General,Favoured
2534,HXK3,A,CYS,829,-63.60095090844572,-43.83839216215305,-178.8940581681161,109.76020162185773,34.35,-68.25283872848816,,,,,No,General,Favoured,General,Favoured
2535,HXK3,A,GLN,830,-63.034724902216816,-41.927379215921526,-175.67027834339552,109.63891756691986,43.53,-68.15095637833043,179.50900576194474,-67.38041861179053,,,No,General,Favoured,General,Favoured
2536,HXK3,A,ALA,831,-63.59255999195674,-46.07405550521859,-178.88177430953897,110.07387648206442,35.01,,,,,,No,General,Favoured,General,Favoured
2537,HXK3,A,SER,833,-66.6197080913418,-32.124924125821586,-176.63369643406554,109.83771593643444,40.67,64.78263340486565,,,,,No,General,Favoured,General,Favoured
2538,HXK3,A,GLN,834,-68.56130502423065,-44.1960007316537,-179.0731648817098,110.03707106304442,48.02,-178.75055681568887,172.78863764243604,-178.74075540734927,,,No,General,Favoured,General,Favoured
2539,HXK3,A,ARG,835,-61.38685110779236,-40.30936975097452,-177.19240791046823,108.34838609008222,101.31,-175.88879569126226,-174.00101656364689,65.81574350559396,-179.5303027900134,0.9732723563132246,No,General,Favoured,General,Favoured
2540,HXK3,A,ALA,836,-61.12605164876477,-42.197412521909,-178.05893440528192,109.36671312700939,33.19,,,,,,No,General,Favoured,General,Favoured
2541,HXK3,A,ALA,837,-67.10958534229297,-43.129198628595006,-179.34809904954088,110.5412734378473,36.88,,,,,,No,General,Favoured,General,Favoured
2542,HXK3,A,GLN,838,-65.01031850634915,-43.09707587997733,-177.3128631837203,109.4794414928196,54.67,-65.00306266912905,168.27651344136876,151.8992898508659,,,No,General,Favoured,General,Favoured
2543,HXK3,A,LEU,839,-63.23026706596934,-40.65253722461277,-177.90876889284175,108.42383131688645,43.97,-68.35472661763502,179.89182611012552,,,,No,General,Favoured,General,Favoured
2544,HXK3,A,CYS,840,-63.608180746227454,-37.22502101470754,179.49503247142852,108.38728683974418,36.1,179.91970415795473,,,,,No,General,Favoured,General,Favoured
2545,HXK3,A,ALA,842,-61.751404902541786,-42.19859215534083,-175.61622891668756,109.99069719073607,37.27,,,,,,No,General,Favoured,General,Favoured
2546,HXK3,A,ALA,845,-66.41752906204869,-42.063785122957846,177.93930598532486,110.07474583249069,37.81,,,,,,No,General,Favoured,General,Favoured
2547,HXK3,A,ALA,846,-61.74477241797009,-43.12901853511799,-178.08369558136306,108.88204723065641,40.7,,,,,,No,General,Favoured,General,Favoured
2548,HXK3,A,GLU,849,-71.86516025316615,-43.37358333444454,177.4499765131725,110.05128339036563,79.35,-69.37530389418386,-99.68367973542956,-1.4647763230220407,,,No,General,Favoured,General,Favoured
2549,HXK3,A,LYS,850,-59.82232576572668,-35.406014972751244,-176.39671026472735,108.29067233438761,101.97,169.1808242080002,64.76541165654562,177.48840125933668,165.43413899490585,,No,General,Favoured,General,Favoured
2550,HXK3,A,ARG,852,-67.89095171859265,-42.65348741957111,-174.24417158044633,112.86314455121314,108.57,-160.84377123194793,-177.844271199247,77.2753396709894,-138.69693885131375,1.1917010506383197,No,General,Favoured,General,Favoured
2551,HXK3,A,GLU,853,-63.34165371832918,-33.696690656029844,-175.9847057250471,108.94954369278717,42.28,-69.82395733997846,-175.53744982685888,-33.50724452315298,,,No,General,Favoured,General,Favoured
2552,HXK3,A,ASN,854,-57.50788930328161,-48.949067746777196,-178.31556964012006,108.47248917181587,53.71,-67.39861573950363,-40.45377867389019,,,,No,General,Favoured,General,Favoured
2553,HXK3,A,ARG,855,-75.46668469663204,-33.48851352891146,-179.82980628069382,113.36377678479887,128.84,-71.74187437745879,175.3818429425184,169.0760590569925,123.51015674147239,0.7819273186566037,No,General,Favoured,General,Favoured
2554,HXK3,A,LEU,857,-84.34400996158755,152.0119133819913,-178.74772987927955,110.74601314900094,129.43,-69.67584013374112,53.66463555906845,,,,No,General,Favoured,General,Favoured
2555,HXK3,A,GLU,858,-88.39791213321232,-52.830546047450554,175.12492732326703,115.38604128001339,132.07,67.89862486634934,176.73257303142066,2.6029407396432984,,,No,General,Favoured,General,Favoured
2556,HXK3,A,GLU,859,-114.46176161015441,122.97541051990892,-170.6294287198219,109.13166102918176,99.41,-175.50162912492334,178.29076485346062,50.19078437850468,,,No,General,Favoured,General,Favoured
2557,HXK3,A,LEU,860,-130.51414903037252,134.6409063264843,-174.75754927868516,111.75229363166494,118.18,-70.72793579411085,-75.58681375240234,,,,No,General,Favoured,General,Favoured
2558,HXK3,A,ALA,861,-99.22393270775852,115.73976358872834,172.6402359612122,103.79549915903772,41.33,,,,,,No,General,Favoured,General,Favoured
2559,HXK3,A,SER,863,-129.6001686692528,144.29298066356986,179.67137774987472,108.12848781840114,39.72,-63.43094354749822,,,,,No,General,Favoured,General,Favoured
2560,HXK3,A,ASP,867,-131.80699168575137,-178.74045267011564,177.59168938049015,106.43872408358718,71.5,-166.93264960565122,15.441545153393813,,,,No,General,Favoured,General,Favoured
2561,HXK3,A,THR,869,-66.933345407096,-42.652754966285904,-174.71331171462447,112.73742518148157,40.85,64.89840784997276,,,,,No,General,Favoured,General,Favoured
2562,HXK3,A,LEU,870,-61.57904760000645,-46.64855652591849,-175.884834964219,109.34008535678508,50.61,-179.95401487112898,63.18847633999513,,,,No,General,Favoured,General,Favoured
2563,HXK3,A,TYR,871,-63.98257006786025,-47.4649931712397,-173.8668799666783,109.99137366256286,136.28,-168.20825288856847,-85.12677126913091,,,,No,General,Favoured,General,Favoured
2564,HXK3,A,LYS,872,-67.64665729615268,-49.3387933640106,-176.51055505152644,110.88856175324034,155.87,-163.5169853480327,160.18265217124255,27.255795507998574,-82.43680054054377,,No,General,Favoured,General,Favoured
2565,HXK3,A,LEU,873,-74.00837624261652,-31.713292201735843,-174.8004764603795,115.17370554020478,71.45,-63.69158296074893,-177.00897122884126,,,,No,General,Favoured,General,Favoured
2566,HXK3,A,ARG,876,-84.43032692384813,-23.121460424965317,-176.59427074186283,116.73134925776768,119.45,-69.50363477526379,-164.30128136475747,80.02753369259315,-95.05939109857478,0.31335393232752834,No,General,Favoured,General,Favoured
2567,HXK3,A,PHE,877,-56.65881731896925,-48.4799285803731,-164.42847969879458,113.27760513780592,123.27,-166.726455474276,-86.68085051540584,,,,No,General,Favoured,General,Favoured
2568,HXK3,A,SER,878,-59.07620809589205,-54.24062539983657,-176.47030327040667,110.58786950079481,84.93,-64.25621723589857,,,,,No,General,Favoured,General,Favoured
2569,HXK3,A,SER,879,-59.98634477831313,-41.403243831230576,-173.42919975395222,110.75299095055294,30.31,64.41154209958856,,,,,No,General,Favoured,General,Favoured
2570,HXK3,A,LEU,880,-63.010667262217396,-43.65101319523727,-176.19591553628803,108.32097304044139,89.65,-166.8678128252495,-176.895974900793,,,,No,General,Favoured,General,Favoured
2571,HXK3,A,ALA,882,-61.03429957275698,-43.61041022670645,-177.82926571654872,107.8985821093211,24.27,,,,,,No,General,Favoured,General,Favoured
2572,HXK3,A,ALA,883,-63.12347335665017,-40.54380084057781,-179.4920740176867,108.35750849919792,19.99,,,,,,No,General,Favoured,General,Favoured
2573,HXK3,A,THR,884,-63.503213076030306,-42.347693585923274,-176.79968489533795,109.9273733408311,34.48,-57.82325435678146,,,,,No,General,Favoured,General,Favoured
2574,HXK3,A,ARG,886,-62.70839526944449,-41.000860319693224,-177.19862981275529,109.00156252314059,54.18,-66.36433652773667,-176.0728485634124,176.90631023576495,175.04516872137236,-1.1676488703848502,No,General,Favoured,General,Favoured
2575,HXK3,A,GLU,887,-69.23087728214242,-46.354620780656305,-175.66047779789025,112.55017508852941,99.32,64.66529416110993,-176.2736648402228,18.32555655783161,,,No,General,Favoured,General,Favoured
2576,HXK3,A,LEU,888,-74.96688160633467,-26.12651246109736,-175.84064668548808,114.68415591521693,102.02,-68.66553865304573,-174.845830620838,,,,No,General,Favoured,General,Favoured
2577,HXK3,A,ARG,891,-68.67563637209032,-31.95977314111538,-176.24854407744954,111.26096151051526,99.67,-79.22657594339945,-174.9711870528199,169.02027459942235,81.99507770855897,-2.0182280949754596,No,General,Favoured,General,Favoured
2578,HXK3,A,CYS,892,-88.92920973954769,145.15008550836635,-175.54656986473034,110.53265028684709,49.85,-61.67413594969291,,,,,No,General,Favoured,General,Favoured
2579,HXK3,A,THR,895,-112.66291836837674,144.77556439355274,176.84345864530854,105.9693774599268,106.55,60.62551786764485,,,,,No,General,Favoured,General,Favoured
2580,HXK3,A,PHE,896,-117.73806498609234,120.74697712200619,178.81909053228446,107.9302551291928,57.52,-71.23124291669414,79.77220283602483,,,,No,General,Favoured,General,Favoured
2581,HXK3,A,LEU,897,-112.26807504073155,134.39496294858094,178.20165341974626,108.29086964825984,48.62,179.0604674141747,60.98345872679008,,,,No,General,Favoured,General,Favoured
2582,HXK3,A,GLN,898,-74.48603987587082,126.2200737792225,-178.9127002554791,109.09663395985295,65.61,179.98141355038527,179.5048341707701,-50.35224746643253,,,No,General,Favoured,General,Favoured
2583,HXK3,A,SER,899,-95.10301692083684,-66.2977966938967,179.31159494664556,115.30090193714612,110.12,-61.86445703455667,,,,,No,General,Allowed,General,Allowed
2584,HXK3,A,GLU,900,51.88041997546606,-162.196774880213,-178.47697454470165,111.68812919917647,189.15,59.507500184008165,-179.77444027811794,-7.379541336809655,,,No,General,Allowed,General,Allowed
2585,HXK3,A,ASP,901,64.92977088988088,9.472842537929031,177.60187261679593,109.6680282263104,92.73,-72.43368879988486,-23.077089171224586,,,,No,General,Favoured,General,Favoured
2586,HXK3,A,SER,903,76.37203344830823,-109.47917584288388,6.554635034371476,103.30439757042649,234.09,-63.617385005754684,,,,,No,General,Disallowed,General,Disallowed
2587,HXK3,A,LYS,905,-72.82507346001444,-34.6494567762823,179.6187871543322,111.51716288493822,94.03,88.43534916898997,162.28977045972866,179.18101832531767,177.13211907743147,,No,General,Favoured,General,Favoured
2588,HXK3,A,ALA,907,-59.4968918541397,-40.6814177472997,-178.6338320062568,109.82581770643958,45.94,,,,,,No,General,Favoured,General,Favoured
2589,HXK3,A,ALA,908,-70.79489650138406,-36.996422025405295,177.10244246518997,111.38929309041512,53.13,,,,,,No,General,Favoured,General,Favoured
2590,HXK3,A,LEU,909,-68.59976560706181,-33.95609751523299,-176.64347228123916,111.52078999449621,79.2,-64.09052306993364,-178.2256478793923,,,,No,General,Favoured,General,Favoured
2591,HXK3,A,THR,911,-66.94687209140834,-40.58175284837987,179.5144228235052,110.27499302034929,41.27,-58.60192846214152,,,,,No,General,Favoured,General,Favoured
2592,HXK3,A,ALA,912,-60.00044756277959,-41.37555370280989,-178.3996592828499,108.26341508976715,39.22,,,,,,No,General,Favoured,General,Favoured
2593,HXK3,A,ALA,914,-69.15243739563054,-42.87845508896735,177.83821296564173,110.3466462382967,44.56,,,,,,No,General,Favoured,General,Favoured
2594,HXK3,A,CYS,915,-67.50546213360693,-7.573584120865731,-178.02594774557951,108.48532933135373,117.29,54.3233981241794,,,,,No,General,Favoured,General,Favoured
2595,HXK3,A,ARG,916,-53.73248143670369,-48.86805773940167,178.71530062974128,109.74613193811955,147.38,161.17951796276014,78.71008250340515,114.14987492896456,-80.36208745318334,-4.581889237720335,No,General,Favoured,General,Favoured
2596,HXK3,A,LEU,917,-102.30204997073109,119.25471013083289,-176.91479411080948,108.6977971449985,160.76,-179.76959051421426,65.94701386081267,,,,No,General,Favoured,General,Favoured
2597,HXK3,A,ALA,918,-164.74366006882872,176.65522365861003,178.6406141975388,104.0034598133578,250.0,,,,,,No,General,Favoured,General,Favoured
2598,HXK3,A,GLN,919,-63.66711970977339,157.93338851955733,177.54421407494658,104.24424547536918,304.87,67.04227873411173,-84.2720474760251,-82.84070656319112,,,No,General,Favoured,General,Favoured
2599,HXK3,A,LEU,920,-63.09880114221594,126.0581840360411,-178.1564665559492,107.0271299359269,246.67,-65.3565088442433,62.427919518574775,,,,No,General,Favoured,General,Favoured
2600,HXK3,A,THR,921,-82.2968918762828,163.41109301447793,-179.88273162639263,106.36424298792487,249.22,-172.59677956913043,,,,,No,General,Favoured,General,Favoured
2601,HXK3,A,ARG,922,-72.0166664515453,137.81339258708303,-179.5574788110955,106.3700994474913,211.38,-56.93485086998029,178.41066492905424,-165.19676608010283,169.0310240376931,3.2947026830229813,No,General,Favoured,General,Favoured
2602,HXK3,A,ASP,2,-65.56556552813996,148.57118713270626,179.77160132415457,106.09170752370083,193.29,-169.3242804039528,8.675572000449293,,,,No,General,Favoured,General,Favoured
2603,HXK3,A,SER,3,-69.16946892480516,145.78595922410543,-179.36662554028013,107.14944822865881,154.13,-63.81813912664492,,,,,No,General,Favoured,General,Favoured
2604,HXK3,A,SER,6,-71.52967055322668,152.67318880070187,-179.47289368172147,106.9986547088024,159.4,-63.16300497996328,,,,,No,General,Favoured,General,Favoured
2605,HXK3,A,SER,7,-132.67778023137663,147.56332587385063,179.16978373954615,107.36059220878161,187.16,-179.90442285930894,,,,,No,General,Favoured,General,Favoured
2606,HXK3,A,LEU,9,-131.79891201624784,146.81221204499516,179.0475197266422,106.4675721796539,270.83,-63.20505003788234,-65.25140658070787,,,,No,General,Favoured,General,Favoured
2607,HXK3,A,ARG,10,-99.41709898583166,119.59007933928984,177.5111435519692,106.1009980272547,226.28,-69.86092741843997,-179.41112663765688,176.91129927388968,173.35702614948963,-0.4988282505193227,No,General,Favoured,General,Favoured
2608,HXK3,A,GLN,11,-147.34413753718536,-179.70497271091526,-176.50998831919742,106.58067423804857,248.82,-175.7218621993792,-179.92229095206716,-49.46061220818799,,,No,General,Favoured,General,Favoured
2609,HXK3,A,GLU,13,-62.32698786406026,136.29393328909285,179.466495972425,106.71755023184619,276.59,61.448415511229356,84.00940814615787,51.89017661205539,,,No,General,Favoured,General,Favoured
2610,HXK3,A,GLU,14,-140.70994607354606,157.7728446470142,-179.1678579535237,107.67135339994816,291.79,-178.87591748355175,-179.53953704535033,7.988170543027088,,,No,General,Favoured,General,Favoured
2611,HXK3,A,THR,15,-80.44108050991854,156.94806930627195,176.87100546116443,105.73027770438061,261.43,-172.2480074425942,,,,,No,General,Favoured,General,Favoured
2612,HXK3,A,LEU,16,-75.01191022426997,132.5874175637163,-178.1394379648966,108.3694242418468,236.65,-63.22593020608956,63.54517688295484,,,,No,General,Favoured,General,Favoured
2613,HXK3,A,SER,17,-90.73858215770419,165.6872920143872,177.47255779699552,106.65507213668754,153.48,-179.97819512130278,,,,,No,General,Favoured,General,Favoured
2614,HXK3,A,CYS,18,-139.9335365514738,164.13279413681028,178.8016044845573,107.25279005595212,87.19,63.05593181146361,,,,,No,General,Favoured,General,Favoured
2615,HXK3,A,SER,19,-76.31887561700856,153.70881552535084,177.61542071978602,106.0855854056987,152.26,179.76928679272729,,,,,No,General,Favoured,General,Favoured
2616,HXK3,A,GLU,20,-77.38005459004992,147.25290037691798,-179.20811943152387,107.93718687615353,257.33,-173.25830250128465,169.0204794046788,19.83197972670032,,,No,General,Favoured,General,Favoured
2617,HXK3,A,GLU,21,-97.60735902431944,150.93460143382694,-179.32504151240985,107.5764091294839,260.68,-174.39160797293363,174.7704839483699,-1.9756273439631593,,,No,General,Favoured,General,Favoured
2618,HXK3,A,SER,27,-132.81558070534788,145.56155825211906,179.32541158062804,108.4590600966826,175.67,-64.29599367315733,,,,,No,General,Favoured,General,Favoured
2619,HXK3,A,ASP,28,-67.9399101559096,-25.783373530275558,176.23011240801077,105.8871774995558,90.91,-70.32131561244059,-26.10497764266388,,,,No,General,Favoured,General,Favoured
2620,HXK3,A,SER,29,-58.07751084895293,-19.456221554637303,-176.99437674851288,108.22154305940252,36.43,64.44941630716022,,,,,No,General,Favoured,General,Favoured
2621,HXK3,A,SER,30,-62.29674490409492,-46.47154343485512,177.9548876294463,108.39840091442964,27.62,63.50603914314681,,,,,No,General,Favoured,General,Favoured
2622,HXK3,A,GLU,31,-64.66680671284787,-37.751282886284756,-177.31851949226595,109.25494402886213,28.74,-68.38624439717547,-171.91858095413858,8.664236086119809,,,No,General,Favoured,General,Favoured
2623,HXK3,A,LEU,32,-62.16301270712847,-41.8042035058398,-178.3196570922623,108.13551682299735,28.16,-63.71691548820345,-179.07570782754797,,,,No,General,Favoured,General,Favoured
2624,HXK3,A,GLN,34,-61.055352662966456,-43.11713849444132,-174.84975126239127,109.67393218291757,33.21,-65.96923906360401,-179.99095617073206,-0.6919659097627884,,,No,General,Favoured,General,Favoured
2625,HXK3,A,GLU,35,-63.77705905057417,-42.270353325622715,-178.3142964637994,109.39666922951174,66.79,172.76950430781838,63.00494809265631,17.529256832952573,,,No,General,Favoured,General,Favoured
2626,HXK3,A,CYS,36,-65.44633382962294,-46.102937197673704,-176.72156815601932,110.97544992710326,48.09,-179.949531031958,,,,,No,General,Favoured,General,Favoured
2627,HXK3,A,LEU,37,-78.63547852634544,-1.1107118081608214,-177.44432385658334,114.3943100942944,109.03,-66.17661934445573,-174.25494221329953,,,,No,General,Favoured,General,Favoured
2628,HXK3,A,GLN,38,-47.88284666201481,-35.91420028547531,-167.5874174211725,113.36492418221903,73.47,-178.14757837445845,177.3029544827724,-117.92327576208949,,,No,General,Favoured,General,Favoured
2629,HXK3,A,GLN,39,-61.147947213303325,-29.9761025058531,-178.76148492631458,109.95419547702285,131.7,179.93169677503428,77.6245626262641,3.722813543415065,,,No,General,Favoured,General,Favoured
2630,HXK3,A,PHE,40,-74.67651364704207,-19.145648412284327,-178.23465239930218,113.28498813746386,97.14,-60.85808202625351,82.83459837973062,,,,No,General,Favoured,General,Favoured
2631,HXK3,A,LYS,41,-94.90440860307322,119.47946598777598,179.09754499210598,106.75972381979963,134.22,-58.97714510423946,-64.03413563621451,-177.5241365036183,-60.944052241162545,,No,General,Favoured,General,Favoured
2632,HXK3,A,THR,43,-77.92239626326779,162.36707012629097,179.82847638482002,107.54195910887252,95.16,61.12543735062491,,,,,No,General,Favoured,General,Favoured
2633,HXK3,A,ARG,44,-60.91466602328832,-35.58303980223866,-178.0821206916201,107.27120857833748,86.5,-64.87377495384878,172.37713591124722,74.48313227251703,173.7077924952037,0.30191927808714775,No,General,Favoured,General,Favoured
2634,HXK3,A,ALA,45,-61.488911582885564,-44.430085350940715,-178.67793127769409,108.96439041622672,23.16,,,,,,No,General,Favoured,General,Favoured
2635,HXK3,A,GLN,46,-63.63204923292484,-39.26724159947162,-177.6528987855099,108.28754130599035,27.98,-63.50852589879843,-179.9671245074487,-18.061035374731635,,,No,General,Favoured,General,Favoured
2636,HXK3,A,LEU,47,-63.487641542644894,-41.77360977991831,-177.06269982323778,109.94874398190157,39.65,-63.803552058299594,-176.7667446283874,,,,No,General,Favoured,General,Favoured
2637,HXK3,A,GLN,48,-66.7996040111538,-38.13695534916408,-179.22870421539298,108.98951222605159,114.85,64.72206114624075,97.89950528914794,-61.60432751473248,,,No,General,Favoured,General,Favoured
2638,HXK3,A,GLN,49,-63.21782706638831,-43.81928754807657,-179.09281742336253,108.15485638080838,28.17,-66.52718781368822,-179.856431193092,-71.02690268341857,,,No,General,Favoured,General,Favoured
2639,HXK3,A,GLN,51,-59.412919931120015,-44.28263767262366,-178.2535426801328,108.46862522526139,78.23,-61.542019120316496,179.847897706815,6.543641771593397,,,No,General,Favoured,General,Favoured
2640,HXK3,A,ALA,52,-62.67923382639482,-39.2036773200007,-177.86011753539276,108.8308700341033,22.07,,,,,,No,General,Favoured,General,Favoured
2641,HXK3,A,SER,53,-61.454626423514256,-44.0614501013275,-178.04063685775102,109.33372701660136,66.33,179.92244899092276,,,,,No,General,Favoured,General,Favoured
2642,HXK3,A,LEU,54,-62.15480335077077,-37.741590666653096,-177.59355850608824,107.87342686677897,90.02,-177.0358537022888,172.34429954651443,,,,No,General,Favoured,General,Favoured
2643,HXK3,A,LEU,55,-59.28958645632729,-39.35987254137622,-176.74454349171674,108.23687385069198,77.84,-179.87102288322453,60.65728726756328,,,,No,General,Favoured,General,Favoured
2644,HXK3,A,SER,57,-62.07373698087687,-40.126027628510016,-177.01315033209968,109.31808462679948,73.98,-65.40788513656405,,,,,No,General,Favoured,General,Favoured
2645,HXK3,A,MET,58,-59.84757241312166,-41.83589503787209,-178.56484326427284,107.95124982791248,102.05,-169.44473798961064,-174.29785000756382,-59.5828721447158,,,No,General,Favoured,General,Favoured
2646,HXK3,A,GLU,59,-67.46890936169487,-38.97386145492199,-178.84817948823445,110.01444998262278,110.1,-177.71739750731973,74.38085717123757,-63.75549721898641,,,No,General,Favoured,General,Favoured
2647,HXK3,A,GLN,60,-63.58256470046744,-44.16816507902611,-174.5204219545914,110.43350786437463,36.16,-60.08896632493474,178.20618570353435,-4.611802332608392,,,No,General,Favoured,General,Favoured
2648,HXK3,A,ALA,61,-63.251992639761234,-42.60640375881993,-177.85914924113143,110.94990045026839,59.13,,,,,,No,General,Favoured,General,Favoured
2649,HXK3,A,LEU,62,-68.52587337779059,-38.35974937005101,-175.8143987043769,111.22488787876503,57.39,-69.95691220133244,179.90503614806923,,,,No,General,Favoured,General,Favoured
2650,HXK3,A,ARG,63,-69.88157398434049,145.83561001611017,-174.9770544081561,111.09671805239303,97.5,-67.8646355496509,179.96933726572684,47.20802165742959,146.81407980726436,-1.2286143669710017,No,General,Favoured,General,Favoured
2651,HXK3,A,GLN,65,-67.9923296751988,-42.60524084516273,-175.65986777894497,109.79918674162779,79.32,-179.7715411149429,179.45886752535552,-47.189772544724605,,,No,General,Favoured,General,Favoured
2652,HXK3,A,ALA,66,-68.09794467980618,-30.16637739792359,-177.65190611528388,112.5840499601125,53.76,,,,,,No,General,Favoured,General,Favoured
2653,HXK3,A,ALA,71,-69.06251114229485,-38.33260801441362,179.27139137103939,112.48905222502924,60.53,,,,,,No,General,Favoured,General,Favoured
2654,HXK3,A,ARG,73,-69.48858574531155,-36.95622585768235,-173.19959542024833,113.57103157551109,124.92,-65.97067436424946,-165.92156286807068,77.9747767845144,154.83151861804896,0.6901818301334691,No,General,Favoured,General,Favoured
2655,HXK3,A,MET,74,49.49011397692603,59.43031415210079,-177.7650506523792,110.52865775507699,82.35,-64.46852270757869,-68.31849187178504,-81.22922988654004,,,No,General,Favoured,General,Favoured
2656,HXK3,A,THR,77,-85.60589230681428,-25.176794199913044,178.2354116529351,113.42858891159726,85.95,65.70474309161747,,,,,No,General,Favoured,General,Favoured
2657,HXK3,A,TYR,78,73.4772536494747,9.889365564575568,-176.09222796214866,111.19268018806561,85.27,-65.76417436049184,-80.75491194263702,,,,No,General,Favoured,General,Favoured
2658,HXK3,A,SER,81,-150.41333878997042,159.29004448893556,-174.06028245035898,109.70772239826803,52.61,-179.9894845037275,,,,,No,General,Favoured,General,Favoured
2659,HXK3,A,HIS,84,-90.57083865585001,-12.10558941951519,173.9861952385658,114.56065323312453,179.9,57.42359653394147,169.72280646682154,,,,No,General,Favoured,General,Favoured
2660,HXK3,A,THR,86,-81.92416719267912,-12.31495715475747,179.87675913597926,112.14598454464415,90.55,69.88599967694832,,,,,No,General,Favoured,General,Favoured
2661,HXK3,A,GLU,87,-52.00789057789802,144.96298647433898,-174.79541956449802,111.44446375191455,108.61,-73.10634058965634,73.67193417632393,12.342925478646091,,,No,General,Favoured,General,Favoured
2662,HXK3,A,GLN,88,-154.32245004265025,151.31965762675873,178.6362602720529,109.54881641609877,84.27,67.01080999865682,-68.86170967127497,-61.6181748118734,,,No,General,Favoured,General,Favoured
2663,HXK3,A,ASP,90,-114.32037545761591,136.03725376179946,177.00913081380975,106.39110865566836,46.37,-69.18214930354986,-1.6729698300232931,,,,No,General,Favoured,General,Favoured
2664,HXK3,A,PHE,91,-140.51043999090749,148.28720375689988,-172.48704242025258,109.92813323730844,72.22,-56.101078293393144,84.34401654227761,,,,No,General,Favoured,General,Favoured
2665,HXK3,A,LEU,94,-131.7938994017662,135.4981997849758,175.97878805887535,106.39297096935398,68.97,-59.33003500034191,-179.96735747171942,,,,No,General,Favoured,General,Favoured
2666,HXK3,A,GLU,95,-117.12485181050342,121.03163697355828,174.9286352254972,105.17294495652402,102.17,60.019662302233385,173.52900684519523,40.545289709409204,,,No,General,Favoured,General,Favoured
2667,HXK3,A,LEU,96,-127.93543913881321,128.68234107515678,-174.92801874264146,111.48822766574935,147.95,-60.81722509735958,65.85629665073316,,,,No,General,Favoured,General,Favoured
2668,HXK3,A,ALA,98,-60.42112830505966,-51.76464967091702,-179.51808874015663,104.0369119894294,59.27,,,,,,No,General,Favoured,General,Favoured
2669,HXK3,A,THR,99,-74.96092421985522,-47.095243167251155,167.27467913884703,105.78636748278738,110.03,-179.96687703470752,,,,,No,General,Favoured,General,Favoured
2670,HXK3,A,ALA,101,65.15620503491577,8.531222585573463,-178.79754121560717,108.02145726414483,50.34,,,,,,No,General,Favoured,General,Favoured
2671,HXK3,A,SER,102,-172.34387675445217,152.1241597114397,178.65990426046116,104.93485015040633,59.15,56.4981396843759,,,,,No,General,Favoured,General,Favoured
2672,HXK3,A,LEU,103,-152.7201929081028,163.46633517557987,179.41894563192182,107.20771271232373,109.65,68.92812603547247,-179.96795465540265,,,,No,General,Favoured,General,Favoured
2673,HXK3,A,ARG,104,-114.6417931585025,154.29536933935907,-179.96909412005076,108.11513047829347,133.59,-59.16169958428785,-163.3777339846604,-162.02562130735387,101.11083814184397,7.216906836356375,No,General,Favoured,General,Favoured
2674,HXK3,A,LEU,106,-119.90875358857424,149.30242223761843,-170.6772485467262,109.63364175126578,124.33,-45.95399686887942,-59.52128083382209,,,,No,General,Favoured,General,Favoured
2675,HXK3,A,TRP,107,-119.58446268033309,129.1037195240672,170.62905776655927,105.32102389372807,91.96,177.59259906317408,69.2440675530863,,,,No,General,Favoured,General,Favoured
2676,HXK3,A,THR,109,-108.97389931801536,125.03495081320797,177.57052578999728,108.12815624649696,53.4,-59.71792327109207,,,,,No,General,Favoured,General,Favoured
2677,HXK3,A,LEU,110,-119.69261194938716,130.3474133858052,-178.95315044864708,108.5849032242596,48.26,179.94205204535126,62.27191424589754,,,,No,General,Favoured,General,Favoured
2678,HXK3,A,THR,111,-125.49367992066152,150.89965239909617,-178.74213837136148,108.62274050851599,37.14,-57.853265313309684,,,,,No,General,Favoured,General,Favoured
2679,HXK3,A,GLU,114,90.51182753414349,-0.2865521963468467,-170.37007768221233,108.52855945035212,255.61,-67.96031956381906,-69.5264421534744,48.47884175679168,,,No,General,Allowed,General,Allowed
2680,HXK3,A,HIS,116,60.370034236370905,40.90147800449539,-174.70734631671678,108.90158207405706,86.59,-64.53681612918909,-90.2885487755031,,,,No,General,Favoured,General,Favoured
2681,HXK3,A,ARG,117,-110.56065972607968,121.04676283047615,177.48398194070708,108.43455751316914,143.83,-79.11289476077378,-171.81222824234186,63.727650218666064,-178.61199949173337,-0.467663024508937,No,General,Favoured,General,Favoured
2682,HXK3,A,ARG,121,-154.62371359429673,142.48703303541657,170.70827392864766,102.61066232834627,152.4,-62.401624489752784,-109.62001529563763,65.88036481993052,142.16092559339492,-2.3917872032539225,No,General,Favoured,General,Favoured
2683,HXK3,A,SER,122,-152.91665409888162,159.95299943857822,-177.88779275258997,108.80978824778403,81.56,-54.6871459047974,,,,,No,General,Favoured,General,Favoured
2684,HXK3,A,GLN,123,-148.56408046676268,143.8887935761683,179.07029578605895,109.1175241913252,58.34,173.2275103292825,56.09858585464093,41.12870697683436,,,No,General,Favoured,General,Favoured
2685,HXK3,A,GLU,124,-108.05911795146083,138.54919794511906,-177.64176895470186,109.42238855672049,88.92,-173.28022220828657,175.352246199308,-1.1733600137773366,,,No,General,Favoured,General,Favoured
2686,HXK3,A,PHE,125,-127.39773048356128,155.5973711505456,-178.98053030987015,107.06826439217546,64.8,-60.43389595835863,80.45979994211922,,,,No,General,Favoured,General,Favoured
2687,HXK3,A,GLN,129,-55.051983224229296,147.86956774911434,-174.8595301492408,108.85754580721962,284.47,-178.80686226471636,73.21722792553658,-169.16754826759876,,,No,General,Favoured,General,Favoured
2688,HXK3,A,GLU,130,-58.57091702165708,108.0051346048873,179.99408455075604,106.49373420815216,227.78,-179.86766381052587,-179.79505377196557,-0.03819397567413097,,,No,General,Allowed,General,Allowed
2689,HXK3,A,MET,132,-63.12525647298477,-33.509732530121994,178.5059636003193,107.18232721884625,96.1,179.97137419477318,179.94795090549263,179.93105433876866,,,No,General,Favoured,General,Favoured
2690,HXK3,A,LEU,133,-57.67965595861245,-50.06633159065446,-174.25853806545715,109.97814590177636,96.29,-66.29258338063873,63.243182589129766,,,,No,General,Favoured,General,Favoured
2691,HXK3,A,ALA,135,-92.05484981451083,178.59733058919295,174.252897038626,105.20829134506934,205.43,,,,,,No,General,Favoured,General,Favoured
2692,HXK3,A,GLN,137,-66.4069414468101,-41.539787429709904,-174.6523487775214,108.74394214093871,83.48,-176.4240459702218,179.88720773621043,4.7492305936296555,,,No,General,Favoured,General,Favoured
2693,HXK3,A,GLN,138,-66.4132979829175,-33.12563944272681,-179.3773926437594,108.93201101011068,96.62,63.30735573669806,179.94983281820652,-43.378912938449446,,,No,General,Favoured,General,Favoured
2694,HXK3,A,LEU,139,-63.21940208811885,-47.225447248726574,-176.3938452172005,110.40877243654775,122.62,-169.4749609182512,-67.19705074094671,,,,No,General,Favoured,General,Favoured
2695,HXK3,A,PHE,140,-68.37008532515956,-36.95303668126292,-178.7257336789723,110.26205609111119,71.63,-76.20678328287319,-79.57972445336345,,,,No,General,Favoured,General,Favoured
2696,HXK3,A,ASP,141,-58.425275276515855,-39.14450536519029,178.61852017213374,106.55163179689431,46.0,-70.90818475745962,-12.888883578193461,,,,No,General,Favoured,General,Favoured
2697,HXK3,A,PHE,142,-63.11104153407905,-44.236525884471135,178.8153516322614,108.81618175148748,49.41,171.85291951687287,82.64313774707874,,,,No,General,Favoured,General,Favoured
2698,HXK3,A,ALA,143,-64.44961059766842,-44.306945572565915,-177.05308092138856,111.32303102010687,44.24,,,,,,No,General,Favoured,General,Favoured
2699,HXK3,A,ALA,144,-63.295998787712875,-38.86293053497201,-177.77869048207845,108.75004737447581,32.44,,,,,,No,General,Favoured,General,Favoured
2700,HXK3,A,HIS,145,-62.63524222524238,-45.42400959687972,-177.84235464765766,109.92908395059033,71.85,-178.51907747755354,-87.01363401023846,,,,No,General,Favoured,General,Favoured
2701,HXK3,A,CYS,146,-63.52658543704041,-41.87717969714559,-177.7939231155313,108.69042799991989,87.8,66.78386455488162,,,,,No,General,Favoured,General,Favoured
2702,HXK3,A,LEU,147,-60.41423705846948,-38.2968857130429,-179.3551286612227,108.20499362398856,63.43,-179.87423176616954,59.5443289467298,,,,No,General,Favoured,General,Favoured
2703,HXK3,A,SER,148,-65.5960115483317,-42.5801656080209,-179.28878569423804,108.94841470534564,35.95,72.38135977429899,,,,,No,General,Favoured,General,Favoured
2704,HXK3,A,GLU,149,-63.74569441681226,-41.42287805621748,-178.28813059412988,108.42529498412614,67.26,-171.25985647159013,170.67976951201635,33.48625162615544,,,No,General,Favoured,General,Favoured
2705,HXK3,A,PHE,150,-61.326425800302914,-44.33431363117283,-177.3368631992071,109.36013044735796,47.38,-177.99143429532032,79.25973769342389,,,,No,General,Favoured,General,Favoured
2706,HXK3,A,LEU,151,-65.70889004120744,-44.58247524727349,-178.8930286193471,111.60801305889478,98.31,-80.42886046752146,55.52232510689798,,,,No,General,Favoured,General,Favoured
2707,HXK3,A,ASP,152,-66.60327088413186,-40.363229995717816,-179.38022721247515,108.60496248920134,112.03,56.17563024206356,50.44747261883354,,,,No,General,Favoured,General,Favoured
2708,HXK3,A,ALA,153,-61.39886842253894,-43.5827055749045,179.78076996459347,106.72088856343615,45.84,,,,,,No,General,Favoured,General,Favoured
2709,HXK3,A,ASN,157,-48.07516351525297,-35.05389445235561,-166.81751712382297,113.78262223676185,115.03,59.0412707923752,-63.23215735086414,,,,No,General,Favoured,General,Favoured
2710,HXK3,A,LYS,158,-64.56982386312282,-32.17671011661862,-179.7262745923948,111.37585103176416,81.73,-172.4497360959878,164.8598463359995,179.96530234824058,178.87099346546376,,No,General,Favoured,General,Favoured
2711,HXK3,A,GLN,159,-81.74388894423679,153.01044834880543,-174.26024717377808,112.77426533891551,55.6,-63.33253566650529,179.99346037055392,56.94857129648297,,,No,General,Favoured,General,Favoured
2712,HXK3,A,LEU,161,-124.32519567845011,164.00547082027623,-175.22546605412208,110.50938464130427,108.15,-67.24163202116344,-65.32281942514598,,,,No,General,Favoured,General,Favoured
2713,HXK3,A,GLN,162,-67.42304046447464,152.37888405142752,178.0861609972243,107.46756574088695,142.51,67.12254018653245,93.22307078838377,-8.063484097565095,,,No,General,Favoured,General,Favoured
2714,HXK3,A,LEU,163,-127.84260201378805,127.74577482848683,176.4520386379071,109.87985127581094,70.9,-179.88449322126914,62.62154977236452,,,,No,General,Favoured,General,Favoured
2715,HXK3,A,PHE,165,-120.94410881889239,146.95366795075265,176.88446764530815,107.89172974655048,76.69,-80.36700356034162,61.41613811175306,,,,No,General,Favoured,General,Favoured
2716,HXK3,A,SER,166,-130.0240962526101,135.84737954240967,178.2684154796932,107.09618826539341,56.2,-53.65353962264713,,,,,No,General,Favoured,General,Favoured
2717,HXK3,A,PHE,167,-134.52169383587216,145.7446746539628,176.8992893255241,108.67774712203443,83.21,-66.01535551476765,-53.40704176308269,,,,No,General,Favoured,General,Favoured
2718,HXK3,A,SER,168,-83.90643910240435,6.36108501082526,178.8002354947076,111.88743929257578,121.07,60.053253637297985,,,,,No,General,Favoured,General,Favoured
2719,HXK3,A,CYS,171,-133.5208121726283,176.06000327718357,175.1904843591137,104.86513729760814,48.98,-64.91291980524319,,,,,No,General,Favoured,General,Favoured
2720,HXK3,A,HIS,172,-89.59181312727823,118.4142028595744,175.79677002971206,105.09939411538797,56.85,-178.411180318387,68.42217040409189,,,,No,General,Favoured,General,Favoured
2721,HXK3,A,GLN,173,-135.87463769758432,117.62682903484628,-175.08264262465738,110.40258375579967,89.1,-168.53973346644526,170.05109207431252,-21.986748443811603,,,No,General,Favoured,General,Favoured
2722,HXK3,A,THR,174,-81.84217569314576,-29.73375328782247,176.66515217695724,112.49395582509962,66.41,63.40592965571236,,,,,No,General,Favoured,General,Favoured
2723,HXK3,A,LEU,176,-61.647727642965634,-40.004983326219815,-174.45710456003252,109.45227726754152,136.68,-170.496767521733,60.87563440531363,,,,No,General,Favoured,General,Favoured
2724,HXK3,A,ASP,177,-104.1215821359499,88.92498596460491,179.46183674971036,110.13976643542357,58.73,57.632041128944046,-13.93304913514441,,,,No,General,Favoured,General,Favoured
2725,HXK3,A,ARG,178,168.9672753849244,153.45422683659575,175.15866631520362,107.22658099509131,191.67,53.21051487987695,-91.70650424823178,-71.5170209993053,-165.8645128380343,-0.47713570253575877,No,General,Disallowed,General,Disallowed
2726,HXK3,A,SER,179,-179.48165009210922,138.61202173502357,173.38743913529987,107.25937684713145,104.14,48.11940062771526,,,,,No,General,Allowed,General,Allowed
2727,HXK3,A,THR,180,-117.1837830593287,134.13837249742247,-179.07701467321615,106.76995615436793,99.1,61.85687031322845,,,,,No,General,Favoured,General,Favoured
2728,HXK3,A,LEU,181,-84.63538365773417,134.90972349983915,179.1551661098769,107.42754485188375,96.74,-74.97724243874976,56.99655780502062,,,,No,General,Favoured,General,Favoured
2729,HXK3,A,SER,183,-163.36234310587255,164.18049943434022,179.0084183674221,105.01492186996819,207.22,-63.91335385612752,,,,,No,General,Favoured,General,Favoured
2730,HXK3,A,TRP,184,-107.35307432965507,118.98940937300465,178.42031001952867,106.68877611674374,283.01,179.86060387197358,-99.9297842847934,,,,No,General,Favoured,General,Favoured
2731,HXK3,A,THR,185,-126.33558472313476,143.97867412313636,179.61825407909788,106.88588991336852,292.76,-171.96425733412843,,,,,No,General,Favoured,General,Favoured
2732,HXK3,A,LYS,186,-120.48570757853038,145.69756312932208,-179.2674548572621,107.54137943217913,292.15,-176.22392253784867,165.0021868557364,177.48245247922065,-73.16046396629017,,No,General,Favoured,General,Favoured
2733,HXK3,A,PHE,188,-106.19400078151394,125.45296717760523,-179.34588628296018,108.37428744535518,306.23,59.559282907348624,-86.52372109825124,,,,No,General,Favoured,General,Favoured
2734,HXK3,A,ARG,189,-164.294662722366,177.01782688633745,178.3129331712363,106.46958586396282,302.75,-78.77844351147812,-178.94439865221247,38.62248493884597,168.41825133511833,-2.8820211450467856,No,General,Favoured,General,Favoured
2735,HXK3,A,CYS,190,-61.07658278071002,-44.862026802830975,178.5835631182948,105.58807744540002,106.48,-64.30231496430386,,,,,No,General,Favoured,General,Favoured
2736,HXK3,A,SER,191,-128.24738760343934,164.61070594452747,177.98968903779175,105.27924846474633,182.38,-63.923800163775915,,,,,No,General,Favoured,General,Favoured
2737,HXK3,A,GLU,194,-142.58789488132365,151.45802184444716,179.97775623465336,107.2754170434782,318.64,58.850538401354974,-83.37916506369591,-6.157869674045714,,,No,General,Favoured,General,Favoured
2738,HXK3,A,GLN,196,-97.58671779782334,167.19812565686598,-179.73426361759354,109.36517880086573,71.77,-68.00795022000835,-178.42369266738652,41.53186320736718,,,No,General,Favoured,General,Favoured
2739,HXK3,A,ASP,197,-62.73520348018429,125.40424487882999,-179.28050641947195,108.66682233003007,47.39,-178.78057454001777,-2.5231700387797216,,,,No,General,Favoured,General,Favoured
2740,HXK3,A,GLN,200,-60.827122345084106,-40.29389686168278,-175.6924575908749,108.20011543699286,111.43,-64.10674650488625,-75.66671951111248,26.134176171147168,,,No,General,Favoured,General,Favoured
2741,HXK3,A,LEU,201,-63.98979164322784,-45.999584396389835,-176.3176421965923,110.42787309041366,46.86,-59.94188503350893,-178.0750298987743,,,,No,General,Favoured,General,Favoured
2742,HXK3,A,LEU,202,-66.40820039714423,-38.15499602009128,-178.48615548692152,109.38541956700287,86.62,179.97730098412183,61.634537854078864,,,,No,General,Favoured,General,Favoured
2743,HXK3,A,ARG,203,-67.37696674521906,-43.011218789279866,-179.1789111891548,111.0441554429928,73.19,-76.29953015972923,-179.77794993786958,170.97332401276876,152.26077319654343,-2.2743823194977,No,General,Favoured,General,Favoured
2744,HXK3,A,ASP,204,-66.60421902818506,-36.188463579978276,-178.71846268518013,109.65566980837778,97.14,60.355200055471876,63.7631663250128,,,,No,General,Favoured,General,Favoured
2745,HXK3,A,ALA,205,-63.70833905630422,-37.66437323857212,179.73727398327583,108.95203488767211,34.9,,,,,,No,General,Favoured,General,Favoured
2746,HXK3,A,ARG,207,-61.21677433941006,-39.67314098844451,-176.93269986214293,109.01386939207302,62.45,-179.935171143421,-175.5195188979176,-63.60788364151397,-94.11211859888837,-0.5760781599278777,No,General,Favoured,General,Favoured
2747,HXK3,A,ARG,208,-63.91381847767485,-38.74900515918313,-177.09083029700528,110.3955693308303,154.97,59.99959279998526,-167.7742159204906,64.15841484398159,178.96437208309467,-0.4698831938217168,No,General,Favoured,General,Favoured
2748,HXK3,A,GLN,209,-66.39634588500655,-52.08148193883929,-177.83006590314375,111.03149424226696,76.49,-175.5942935923245,179.87311359131394,3.394808634085859,,,No,General,Favoured,General,Favoured
2749,HXK3,A,ALA,211,-66.18784617522357,-51.536525558806545,-177.54824987693576,112.22499827763805,46.05,,,,,,No,General,Favoured,General,Favoured
2750,HXK3,A,TYR,212,-137.3136921378517,173.56033850085268,-176.69755327763332,107.8821720865094,74.96,58.85622481642976,-71.45851337580118,,,,No,General,Favoured,General,Favoured
2751,HXK3,A,ASN,213,-127.88262530700644,165.58016368488865,177.85578254229296,106.79640465540854,90.24,69.55560472651142,-22.83960838980452,,,,No,General,Favoured,General,Favoured
2752,HXK3,A,ASP,215,-92.69229742468346,-155.14258970163442,-178.49479043701842,108.43444551760466,55.14,-159.33078629983845,-6.908431400185765,,,,No,General,Allowed,General,Allowed
2753,HXK3,A,ALA,218,-132.44439316404174,139.76959791508403,175.81419186326096,106.92169326346348,42.42,,,,,,No,General,Favoured,General,Favoured
2754,HXK3,A,ASN,221,-79.5082646235672,168.62815901206721,178.30832750881834,107.9453160589025,124.46,72.28716459092338,6.191097371456436,,,,No,General,Favoured,General,Favoured
2755,HXK3,A,ASP,222,-63.87736119346776,-38.88669156733756,-174.96639046550294,110.74642421467253,137.83,-166.69532279812884,-32.16961475018542,,,,No,General,Favoured,General,Favoured
2756,HXK3,A,THR,223,-62.30624395937495,-41.59461255583162,179.8868564772226,108.3724252547549,46.22,63.248229794082285,,,,,No,General,Favoured,General,Favoured
2757,HXK3,A,THR,226,-62.709903518796956,-47.52078646480601,-179.62780348590377,110.07995879456354,39.41,-58.79416309206163,,,,,No,General,Favoured,General,Favoured
2758,HXK3,A,MET,227,-59.97133739626148,-43.43729281010054,-178.5507694627001,108.25317152055305,47.6,-179.9740704024441,-179.33862175662696,69.86130173490731,,,No,General,Favoured,General,Favoured
2759,HXK3,A,MET,228,-64.2277960633241,-42.242949280730485,-176.89736384086166,109.75930645274325,70.59,-64.95535975218186,-63.84192227507381,-74.37025853969111,,,No,General,Favoured,General,Favoured
2760,HXK3,A,CYS,230,-64.87165288952379,-36.06064719858112,-177.43489714962837,110.25563208400001,44.93,-71.04525546518688,,,,,No,General,Favoured,General,Favoured
2761,HXK3,A,CYS,237,-81.16686455434355,99.69796184353001,-173.91143441708263,112.21366425526139,67.77,-179.8065874887233,,,,,No,General,Favoured,General,Favoured
2762,HXK3,A,GLU,238,-92.23727937006178,-14.137919226768496,175.71501930864127,114.55140699472165,123.52,-67.31131215118396,177.21560254870275,67.47576893960284,,,No,General,Favoured,General,Favoured
2763,HXK3,A,LEU,241,-137.56341453107038,137.5362591224255,-179.62407163302802,109.73066839486792,68.56,178.43747861954068,65.02130002543507,,,,No,General,Favoured,General,Favoured
2764,HXK3,A,ASP,244,-124.7183637149165,-144.74185579535782,-173.82855434068543,108.43248388229969,96.71,-160.16395112172543,-15.632979071199445,,,,No,General,Allowed,General,Allowed
2765,HXK3,A,THR,245,-62.35858201573013,-40.42977510817841,173.1703656110894,103.22329658616417,45.08,61.332629835493414,,,,,No,General,Favoured,General,Favoured
2766,HXK3,A,THR,247,-145.37058687003275,137.56132960137467,177.7715623647211,109.1677374883176,118.1,-174.3404909386246,,,,,No,General,Favoured,General,Favoured
2767,HXK3,A,ASN,248,-158.98689926581264,164.76614669985295,-179.4253728624311,108.06495825479304,63.15,-169.28987888549003,16.52356808273986,,,,No,General,Favoured,General,Favoured
2768,HXK3,A,ALA,249,-152.79352962326485,154.93886433456558,179.1313972758188,108.92906207832428,49.87,,,,,,No,General,Favoured,General,Favoured
2769,HXK3,A,CYS,250,-138.24815633526853,155.76059983370348,-174.84193211737696,106.60008202566804,114.36,-160.22844728932674,,,,,No,General,Favoured,General,Favoured
2770,HXK3,A,TYR,251,-154.81504143633518,162.86207950911484,176.9287059330029,109.50082554863212,79.64,68.5936029139066,-69.03228209065433,,,,No,General,Favoured,General,Favoured
2771,HXK3,A,MET,252,-78.57333262971642,140.04628725319535,176.50682911384905,106.8648543642588,50.93,-62.65333690005584,-60.85990418643082,-70.22495855766216,,,No,General,Favoured,General,Favoured
2772,HXK3,A,GLU,253,-137.1497904087758,153.96902675375838,-177.2296935809607,108.85721253462015,92.83,177.5896468305492,62.057697600002335,-67.85190307473088,,,No,General,Favoured,General,Favoured
2773,HXK3,A,GLU,254,-84.74159931621739,138.9853386232186,-177.59426597321573,109.97895793514517,71.77,-64.876986896427,174.30841789812266,-7.2324312404011835,,,No,General,Favoured,General,Favoured
2774,HXK3,A,ALA,255,-58.810106102930234,-30.796982712778924,-174.45028203723425,110.60730298225634,51.36,,,,,,No,General,Favoured,General,Favoured
2775,HXK3,A,ARG,256,-62.829570438197514,-30.00230523170743,-177.91935596667741,110.00864914618629,93.15,58.885170804855036,179.98957729712774,174.99939291492655,173.4709641225859,-1.403258333592487,No,General,Favoured,General,Favoured
2776,HXK3,A,HIS,257,-76.39199268336067,-24.460894644934463,178.76749747794804,113.14055226377022,85.28,-62.16317569553093,178.80748082648273,,,,No,General,Favoured,General,Favoured
2777,HXK3,A,ALA,259,-70.34681908652,-37.60188572720807,179.55897630770744,111.8023521089879,42.68,,,,,,No,General,Favoured,General,Favoured
2778,HXK3,A,LEU,261,-110.09468331698967,137.81921892272047,179.62463148275995,108.02526703000278,39.87,-179.96929066998936,63.048339942971964,,,,No,General,Favoured,General,Favoured
2779,HXK3,A,ASP,262,-73.36436696814732,145.79278440243647,-179.51610434585356,107.39766505941091,110.26,-164.18205575497674,2.1359976321322987,,,,No,General,Favoured,General,Favoured
2780,HXK3,A,GLU,263,105.90459226885315,128.50318414179665,176.01710590187406,110.54672755257813,344.79,-179.46474144867898,-179.91707971783558,-0.15335468123250237,,,No,General,Disallowed,General,Disallowed
2781,HXK3,A,ASP,264,-84.3564100289566,-16.543437930957246,178.3684111059971,113.45243929551071,124.28,-66.45410518850919,-8.499440893161001,,,,No,General,Favoured,General,Favoured
2782,HXK3,A,ARG,265,-93.38432109389608,139.96769940474036,-169.1938791287228,114.01644170135557,117.68,165.5354738021723,-137.4366203790833,165.91138055555524,-91.12364850546045,-0.6341096825806722,No,General,Favoured,General,Favoured
2783,HXK3,A,ARG,267,-127.72067105398722,162.3701105753306,-174.6036013577323,108.74975732447099,111.87,-56.91435541812077,160.0059927821485,82.7544760415418,-158.38905658295747,2.564010374527728,No,General,Favoured,General,Favoured
2784,HXK3,A,CYS,269,-78.9395779009056,141.61402860858695,-178.65225193117396,107.24056230981222,58.09,-158.25742186182254,,,,,No,General,Favoured,General,Favoured
2785,HXK3,A,SER,271,-93.85909028405506,111.52041711411334,177.03893701117343,104.62418699429709,97.05,-61.90628695435277,,,,,No,General,Favoured,General,Favoured
2786,HXK3,A,GLU,273,57.10265103873748,52.1873419186169,-172.17712851016546,107.12272172647765,120.3,-59.09553002626694,-52.075670702029655,-56.21291862232648,,,No,General,Favoured,General,Favoured
2787,HXK3,A,TRP,274,-70.88387778174287,-12.697817561920322,-173.35246913733351,113.10086799359209,171.14,82.80015194240433,17.338073893482953,,,,No,General,Favoured,General,Favoured
2788,HXK3,A,SER,276,-70.57789367380923,-10.869413279512344,-177.77968156147236,112.07013992812266,100.66,-178.94703737688124,,,,,No,General,Favoured,General,Favoured
2789,HXK3,A,PHE,277,-52.95115956852934,136.17474796427078,-179.73668841307068,106.71210812535689,140.46,-164.72770743889333,-11.56793061359203,,,,No,General,Favoured,General,Favoured
2790,HXK3,A,SER,278,73.5460242134708,15.813373157244833,178.509387660643,114.4509172756959,129.5,79.27511359010485,,,,,No,General,Favoured,General,Favoured
2791,HXK3,A,ASP,279,-61.21330491076796,-36.53067893089585,175.24811774344167,105.70472915647656,66.66,-71.8123926516509,-1.0110604682472253,,,,No,General,Favoured,General,Favoured
2792,HXK3,A,ASP,280,-64.6372168662261,-32.991443590531546,-175.70305692685747,109.05161269329464,161.29,-47.16642902608382,-78.3307596076863,,,,No,General,Favoured,General,Favoured
2793,HXK3,A,ALA,282,-58.8802758581587,-39.07756795730013,-176.54145060998738,110.9571234611971,64.53,,,,,,No,General,Favoured,General,Favoured
2794,HXK3,A,LEU,283,-80.49863739312065,-8.128047719413084,-179.44688126467582,115.11213436658427,113.38,-64.7065526023191,179.9366591933438,,,,No,General,Favoured,General,Favoured
2795,HXK3,A,LEU,287,-68.26985774892093,137.13083457274135,-172.75914850485418,112.44529709428876,122.97,170.25555788362365,166.52106538318424,,,,No,General,Favoured,General,Favoured
2796,HXK3,A,THR,288,-104.39154448629763,-179.4768779582939,-176.67628443980232,110.35332043270624,41.9,63.252772633149206,,,,,No,General,Favoured,General,Favoured
2797,HXK3,A,THR,289,-64.74988399319187,-37.3132058931401,-179.7922678946611,108.43636629697515,93.96,-173.87814235375518,,,,,No,General,Favoured,General,Favoured
2798,HXK3,A,PHE,290,-61.87686985215621,-44.24364863900106,-178.5708894606021,106.8892559690816,47.12,-55.83606425106799,-78.87069182070077,,,,No,General,Favoured,General,Favoured
2799,HXK3,A,ASP,291,-61.37229367446539,-39.37278841198777,-179.4850478066623,108.58858681305033,40.77,-70.08297670195225,-43.027980066552985,,,,No,General,Favoured,General,Favoured
2800,HXK3,A,HIS,292,-65.00727597332322,-42.6564556678515,-177.08456575845588,109.4741251705413,71.81,-159.74243933639204,83.0027084523802,,,,No,General,Favoured,General,Favoured
2801,HXK3,A,THR,293,-65.00546557166662,-40.792496697848755,-176.10970173668017,110.98721972904534,105.78,-175.83170126180468,,,,,No,General,Favoured,General,Favoured
2802,HXK3,A,LEU,294,-59.62565209067363,-38.26068422606763,-179.9207002303218,108.92629026414257,98.42,-77.64936123521892,-57.04213405526338,,,,No,General,Favoured,General,Favoured
2803,HXK3,A,ASP,295,-61.049897644702675,-44.824376236383806,-174.78102604776174,110.92035419067064,49.15,-167.89953645219697,8.876172976766378,,,,No,General,Favoured,General,Favoured
2804,HXK3,A,HIS,296,-67.72508286341241,-35.22757432434082,-178.15241565446664,110.84825592978875,81.48,-80.6798033979239,79.18433450109423,,,,No,General,Favoured,General,Favoured
2805,HXK3,A,GLU,297,-68.54296014369856,-18.229789970848387,-177.51821877194138,111.83848396888345,70.46,-67.65520550016201,-178.88544843986577,-20.660320167938874,,,No,General,Favoured,General,Favoured
2806,HXK3,A,SER,298,-85.35892336095715,163.45229586309023,-172.45440950836408,113.59634719037932,70.74,70.11002726157106,,,,,No,General,Favoured,General,Favoured
2807,HXK3,A,LEU,299,-66.38230295072795,-36.24402931629858,178.43797177045306,109.02906693293804,88.65,-69.67036835799203,66.20516322944492,,,,No,General,Favoured,General,Favoured
2808,HXK3,A,ALA,303,-127.02655990326743,158.62889357901824,-179.7005316989264,108.6321190791899,43.81,,,,,,No,General,Favoured,General,Favoured
2809,HXK3,A,GLN,304,56.00645560497858,40.896137343446306,177.43368213736562,109.81392140548003,90.33,-55.074666957842474,-41.816123095073415,-70.57926577685836,,,No,General,Favoured,General,Favoured
2810,HXK3,A,ARG,305,-65.22532702300639,-39.00616871621878,-173.46432952901654,113.32692350931899,116.13,-64.94777547870876,-146.08813045454147,81.36748370786071,153.6582284188509,-2.37944390299702,No,General,Favoured,General,Favoured
2811,HXK3,A,PHE,306,-64.73995314214763,-43.36863605564374,-179.61163090042695,108.57440642787711,166.26,-170.1963368197646,-82.2503358329254,,,,No,General,Favoured,General,Favoured
2812,HXK3,A,GLU,307,-59.890451838761535,-42.39965012171096,-179.02816566048972,107.39336180165618,108.29,-69.3025414545427,-178.02141770240027,49.31133568975716,,,No,General,Favoured,General,Favoured
2813,HXK3,A,LYS,308,-58.94228184023514,-32.63574607940558,-173.3198115568216,108.69088289611612,179.23,-156.37264672571692,167.03984194773162,-48.36577487406489,-73.48731986498498,,No,General,Favoured,General,Favoured
2814,HXK3,A,MET,309,-73.8779631302913,-50.11770205132853,175.3059248187537,113.7609097469173,81.67,-69.64466235681574,-179.89150344305975,-80.11143357889053,,,No,General,Favoured,General,Favoured
2815,HXK3,A,LEU,313,-58.000508283139645,-48.84712161381632,-171.74565105113805,111.35804351411518,160.86,-68.13305763783399,-177.52100780504978,,,,No,General,Favoured,General,Favoured
2816,HXK3,A,TYR,314,-78.32012152981451,-21.761349104435034,179.98048488726332,114.85432139503759,109.43,-64.75516654271969,-76.24630894923948,,,,No,General,Favoured,General,Favoured
2817,HXK3,A,LEU,315,-57.71671923998274,-52.0885352963536,-167.21645755132283,113.90298797565725,169.16,-71.79697340627078,-179.84093274217375,,,,No,General,Favoured,General,Favoured
2818,HXK3,A,GLU,317,-61.91284613694286,-37.45265981153117,-177.43962857307187,109.13318304026397,85.17,-176.0422500390922,74.88275567373415,-11.869516869197504,,,No,General,Favoured,General,Favoured
2819,HXK3,A,LEU,318,-60.5813677582597,-38.257473706570195,-178.69669618209065,108.87527425317157,56.75,179.98981402102237,65.98787903889077,,,,No,General,Favoured,General,Favoured
2820,HXK3,A,ARG,320,-64.44496655117146,-39.86074764975551,-175.35733892698923,109.66618453839178,151.28,61.757755465007605,173.68619917742848,-69.49040008977998,-94.30444923221971,-4.43413388924727,No,General,Favoured,General,Favoured
2821,HXK3,A,LEU,321,-61.4077286228486,-36.61533165731289,-175.77846545962208,108.85777137074308,65.2,-59.69140238945308,179.7277299926681,,,,No,General,Favoured,General,Favoured
2822,HXK3,A,LEU,323,-64.1433414328136,-45.84267374947118,-178.79409662014507,109.73723936337134,47.19,-66.17062117953579,-179.95219802521547,,,,No,General,Favoured,General,Favoured
2823,HXK3,A,ALA,324,-60.844646849385214,-43.3647816745907,-176.52013272765214,109.59078815938872,39.09,,,,,,No,General,Favoured,General,Favoured
2824,HXK3,A,HIS,325,-66.57838071752838,-45.691779287790986,-176.42900428734455,110.82121651745535,35.55,-175.8807090403079,85.94716342663955,,,,No,General,Favoured,General,Favoured
2825,HXK3,A,LEU,326,-61.952375432758515,-41.874761145597326,-176.54656697225127,108.52445933484596,44.13,-63.59292051081541,-176.3533574386716,,,,No,General,Favoured,General,Favoured
2826,HXK3,A,ALA,327,-64.49775081352173,-42.376631491707954,-179.81346332543012,109.6758973375327,28.14,,,,,,No,General,Favoured,General,Favoured
2827,HXK3,A,ARG,328,-60.08293362337585,-35.15064186216339,-177.2313085157408,107.12491424465537,103.4,-65.53421801190713,-74.67084366709196,-61.77442572994663,-88.69159782055213,0.05514001046581454,No,General,Favoured,General,Favoured
2828,HXK3,A,CYS,329,-67.8272298035251,-30.943961016403662,178.39670332813267,109.10658608696009,82.13,-179.84231539862913,,,,,No,General,Favoured,General,Favoured
2829,HXK3,A,LEU,332,-138.40389409088363,153.97776462447234,-179.0456698266913,109.96521443080134,68.47,-66.98690985373416,-179.98244039238915,,,,No,General,Favoured,General,Favoured
2830,HXK3,A,PHE,333,64.0019686769245,19.22884952858722,175.34493593458936,111.3908495750713,91.15,-54.48607804683785,-59.78469513045326,,,,No,General,Favoured,General,Favoured
2831,HXK3,A,CYS,336,-73.81805876900555,154.96488296203128,-176.7374386545956,110.11483149845397,36.75,-63.91035614765355,,,,,No,General,Favoured,General,Favoured
2832,HXK3,A,THR,337,-136.277072190581,156.37931419415642,179.37730999843524,107.93174861084393,97.56,-170.30905491754748,,,,,No,General,Favoured,General,Favoured
2833,HXK3,A,ALA,340,-67.47789113254063,-37.112308122647505,179.77073150903257,110.36420785610198,35.53,,,,,,No,General,Favoured,General,Favoured
2834,HXK3,A,LEU,341,-63.943142842478224,-36.05935087334391,-175.86720826696438,109.98627013808037,64.64,-178.37728802993743,60.84677347772237,,,,No,General,Favoured,General,Favoured
2835,HXK3,A,LEU,342,-72.30245121938013,-25.52141455629551,179.9176482558428,112.78455228972034,127.38,-69.15074812842599,62.889854735833275,,,,No,General,Favoured,General,Favoured
2836,HXK3,A,SER,343,-74.56692260494262,145.55293337304943,-177.31584286229187,109.96643832500634,44.6,-64.13564750551964,,,,,No,General,Favoured,General,Favoured
2837,HXK3,A,GLN,344,-78.13648709956567,143.49845626185237,-177.8304534573506,109.05139754506281,45.5,-62.15119032799329,168.3178539781134,-60.38003317075957,,,No,General,Favoured,General,Favoured
2838,HXK3,A,SER,346,-66.6010028976495,-35.33955386719711,-177.11415555283534,110.27521933174742,39.61,-64.29476253576802,,,,,No,General,Favoured,General,Favoured
2839,HXK3,A,LEU,348,-109.53016372260579,167.95344432731616,-169.3719406007174,112.28590557238734,58.61,-62.456685130268575,-179.96128405185115,,,,No,General,Favoured,General,Favoured
2840,HXK3,A,LEU,349,-59.34213135976101,-41.61919004250314,-179.8627757352904,105.84613675142046,129.62,-48.98911473478675,61.0803738228979,,,,No,General,Favoured,General,Favoured
2841,HXK3,A,GLU,350,-59.163475891684605,-36.817562042341,-175.21670392858798,107.98621703164211,72.02,-178.17678602111138,175.5964450386574,8.118362625971653,,,No,General,Favoured,General,Favoured
2842,HXK3,A,HIS,351,-62.97462414363786,-37.35748123838855,-178.29719247058625,109.13416775789905,67.52,-59.6953160223991,165.54540888076693,,,,No,General,Favoured,General,Favoured
2843,HXK3,A,ALA,353,-60.2220313568773,-41.102383532375555,-176.34805196470245,108.49541810307566,31.19,,,,,,No,General,Favoured,General,Favoured
2844,HXK3,A,GLU,354,-66.72722371521911,-41.82484972742611,-179.84332872161028,110.03654621525155,90.85,55.8407959270545,-177.6616686664519,37.079222623048516,,,No,General,Favoured,General,Favoured
2845,HXK3,A,MET,355,-65.37505867307767,-39.2047285724472,-174.27317599868977,111.34137842955798,141.03,71.20651347570384,73.07741457159011,41.24468562238028,,,No,General,Favoured,General,Favoured
2846,HXK3,A,GLU,356,-75.74815382153463,-31.077668734951818,179.65268997638185,112.30403336250656,71.27,-69.89046187345815,-175.4206781390823,49.17442109745227,,,No,General,Favoured,General,Favoured
2847,HXK3,A,SER,359,-61.290719979894774,-37.95761981526516,179.79513575136718,106.29724601212305,28.15,-63.75867707730707,,,,,No,General,Favoured,General,Favoured
2848,HXK3,A,THR,360,-74.69618083484636,-114.16821705970663,176.30304297030406,104.0824117768314,177.45,-58.74076220048594,,,,,No,General,Disallowed,General,Disallowed
2849,HXK3,A,ALA,362,-68.41401595382895,-42.052952717116504,172.84225834249952,105.48157990144054,64.92,,,,,,No,General,Favoured,General,Favoured
2850,HXK3,A,ALA,363,-65.78695470322334,-42.430575717705736,178.35132116685665,107.87075739518117,29.37,,,,,,No,General,Favoured,General,Favoured
2851,HXK3,A,ARG,364,-64.65034239867232,-36.32323650856235,-177.9066372806553,109.31840401766351,136.72,-176.53827817543163,72.07819279047538,-69.03307897519323,-176.41846355295172,-0.1328347761668776,No,General,Favoured,General,Favoured
2852,HXK3,A,HIS,366,-59.11777410964008,-41.68995606799744,-178.76428801487245,107.87577297299956,103.08,-173.3099564574995,80.26488892887089,,,,No,General,Favoured,General,Favoured
2853,HXK3,A,ALA,367,-64.67000639853445,-43.75413353386689,-178.00464974546495,111.52649710321073,34.8,,,,,,No,General,Favoured,General,Favoured
2854,HXK3,A,LEU,369,-64.0257063331218,-38.85961338727705,-178.69995053899842,109.61206800430188,44.65,-66.13606170561532,179.8201467380808,,,,No,General,Favoured,General,Favoured
2855,HXK3,A,GLN,370,-64.0680479387044,-40.18018184880587,-177.97447354142955,109.7722540585599,34.78,-66.40540222577403,-171.97356508885673,-113.13678222838622,,,No,General,Favoured,General,Favoured
2856,HXK3,A,ASP,371,-63.68103998247463,-30.357833794289792,-177.55542761752784,108.15857421795201,102.07,65.61117571177317,60.264324623573664,,,,No,General,Favoured,General,Favoured
2857,HXK3,A,LEU,372,-64.35811573418668,-23.286580948538138,178.55131964133946,108.72527976214288,64.86,-65.6792844091476,-179.76448775551663,,,,No,General,Favoured,General,Favoured
2858,HXK3,A,LEU,374,-107.78997324533543,166.87526138509244,179.74585171102217,109.29550657697848,71.74,-63.58054616073163,179.9238714947693,,,,No,General,Favoured,General,Favoured
2859,HXK3,A,ALA,378,-65.30428322777587,-43.342509337611496,179.2003625360054,108.96152303344238,26.74,,,,,,No,General,Favoured,General,Favoured
2860,HXK3,A,SER,379,-62.360388324814764,-41.37629245554949,-176.64345515419356,108.98725623954398,68.11,65.41327481815392,,,,,No,General,Favoured,General,Favoured
2861,HXK3,A,ASP,380,-59.64856724554036,-38.763313833286574,-176.6520947222316,108.96202139157793,40.92,-72.02431828519394,-14.99209490699673,,,,No,General,Favoured,General,Favoured
2862,HXK3,A,GLU,382,-63.89713162511746,-43.144781707697426,-178.01907579213182,108.67658639420107,103.79,-178.51685207538677,70.68094152174024,-2.3398278753916903,,,No,General,Favoured,General,Favoured
2863,HXK3,A,LEU,383,-62.58151940758512,-45.139988052096264,-177.35333221096994,108.31081977685633,98.21,-171.30198085462726,-55.8824067605696,,,,No,General,Favoured,General,Favoured
2864,HXK3,A,GLN,385,-60.51403069717117,-41.555277296371194,-175.8404103494053,109.18644117762425,90.3,-64.29062097231156,-179.60741116251768,75.83762238208254,,,No,General,Favoured,General,Favoured
2865,HXK3,A,HIS,386,-67.43075002711919,-41.72315185028764,-176.38326685679712,111.40879504291044,106.26,-171.82659503029274,82.22101818588571,,,,No,General,Favoured,General,Favoured
2866,HXK3,A,CYS,388,-62.93941989734915,-42.18003653071363,179.40726501510017,109.56042022088168,36.74,-64.68443814705054,,,,,No,General,Favoured,General,Favoured
2867,HXK3,A,ALA,389,-66.40997700683101,-43.25765752864538,-178.1696547299731,110.87847610991295,35.44,,,,,,No,General,Favoured,General,Favoured
2868,HXK3,A,ALA,390,-62.27226540362203,-44.657313147972154,-175.54695062678752,109.62249285100242,33.77,,,,,,No,General,Favoured,General,Favoured
2869,HXK3,A,CYS,392,-67.11647860831508,-36.07983843591826,-177.1557787489407,110.04386474618107,81.12,-179.8558497210193,,,,,No,General,Favoured,General,Favoured
2870,HXK3,A,THR,393,-66.92579178545671,-38.075514066503445,-179.86888558111212,109.08838513004989,33.13,-58.94386940124204,,,,,No,General,Favoured,General,Favoured
2871,HXK3,A,ARG,394,-64.22959293864189,-40.19026116767747,-178.4909280672665,108.8906805210364,103.55,-172.32497682526756,178.80504419415482,65.13739188121168,158.47087977335863,-0.13400149595928268,No,General,Favoured,General,Favoured
2872,HXK3,A,ALA,395,-61.529288263822785,-42.746630622648716,-178.5226172831326,109.3017828997998,30.89,,,,,,No,General,Favoured,General,Favoured
2873,HXK3,A,ALA,396,-65.04550089524804,-40.24214306408849,-177.80532514844927,110.77956208251614,35.61,,,,,,No,General,Favoured,General,Favoured
2874,HXK3,A,GLN,397,-67.92959977991616,-39.44338362202643,-177.01754015091896,111.19209287454514,43.51,-64.19240136527084,174.40985059691153,-9.910238169718454,,,No,General,Favoured,General,Favoured
2875,HXK3,A,LEU,398,-64.8460927565711,-38.84047067686628,-178.04994740390777,109.48776693231612,53.86,-69.17505958621427,-179.9395520125604,,,,No,General,Favoured,General,Favoured
2876,HXK3,A,CYS,399,-63.80041546815999,-40.33880050478762,179.75812584704929,108.24191867985695,77.67,-163.63127004009155,,,,,No,General,Favoured,General,Favoured
2877,HXK3,A,ALA,400,-60.8283914165049,-43.95378522850205,-177.5892249530605,109.64087156521002,37.18,,,,,,No,General,Favoured,General,Favoured
2878,HXK3,A,ALA,401,-61.110637694835695,-45.5877425637513,-174.62118035433284,110.3543668642564,34.6,,,,,,No,General,Favoured,General,Favoured
2879,HXK3,A,ALA,402,-67.08480896517406,-42.2626762286757,-178.6792723908729,110.47572887622053,46.42,,,,,,No,General,Favoured,General,Favoured
2880,HXK3,A,LEU,403,-62.96545756959848,-35.622597173643264,-179.7849747593538,107.43071720854788,50.27,-67.87981086291522,179.96450141862377,,,,No,General,Favoured,General,Favoured
2881,HXK3,A,ALA,404,-60.560977234184556,-42.92038292511178,-177.85642360018153,109.118704476781,30.31,,,,,,No,General,Favoured,General,Favoured
2882,HXK3,A,ALA,405,-62.6890642638927,-42.70273191118524,-177.10097082633177,110.08573136160945,34.71,,,,,,No,General,Favoured,General,Favoured
2883,HXK3,A,LEU,407,-61.88042991234431,-41.05064407953358,-178.76387356920984,109.20811222371056,47.31,-68.4723591488371,-179.96914103589526,,,,No,General,Favoured,General,Favoured
2884,HXK3,A,SER,408,-64.597906186225,-38.08855987222574,-178.17711063420052,110.02557654849625,76.87,65.18029179725372,,,,,No,General,Favoured,General,Favoured
2885,HXK3,A,CYS,409,-66.36007100514637,-43.61510981009337,-177.45987551179303,110.33499763657532,35.78,179.94995410528347,,,,,No,General,Favoured,General,Favoured
2886,HXK3,A,LEU,410,-62.792054600633485,-38.55398137364505,-179.36296864790728,108.47331206196232,86.57,-76.46970297848422,60.39943372744108,,,,No,General,Favoured,General,Favoured
2887,HXK3,A,GLN,411,-64.96602725519061,-41.48116409516738,-178.19698607651748,110.35001988557033,80.71,66.16385604926589,-179.8648492564112,-9.665058046007832,,,No,General,Favoured,General,Favoured
2888,HXK3,A,HIS,412,-64.55077556910236,-37.76946191658696,-179.91229238329487,109.01406559939223,59.31,-70.53895047308285,168.00018636515009,,,,No,General,Favoured,General,Favoured
2889,HXK3,A,SER,413,-61.65926123040963,-45.625946504849345,-178.40449096955453,109.0281650023753,29.22,-64.40191833282636,,,,,No,General,Favoured,General,Favoured
2890,HXK3,A,ARG,414,-65.96770120772095,-37.3192289968125,-178.71784823549496,109.01063422617153,129.68,-58.71210036728901,-100.3423398689697,66.38909472504929,150.45703109912165,-1.4292973588503817,No,General,Favoured,General,Favoured
2891,HXK3,A,GLU,415,68.82209948399958,31.796318694946805,179.00738637565058,113.55593909193831,65.92,-64.2598677158818,-178.5285548420317,11.357492982152404,,,No,General,Favoured,General,Favoured
2892,HXK3,A,GLN,416,-113.24857868281173,167.5139298082404,172.52088431160664,106.3068697388838,83.76,-169.67674544495802,-161.2634596103443,63.75361894610821,,,No,General,Favoured,General,Favoured
2893,HXK3,A,GLN,417,-69.62757637257926,-43.875912421062004,-178.50002972935263,112.78570694347424,95.06,63.14896501350278,-179.0362278167998,-1.0885779246111906,,,No,General,Favoured,General,Favoured
2894,HXK3,A,THR,418,-117.72530095863404,149.1107658657614,-174.21094213290303,108.88706841675851,108.97,62.509945885064745,,,,,No,General,Favoured,General,Favoured
2895,HXK3,A,LEU,419,-134.14502060347704,127.33755141584116,-176.49670761021972,110.95794778096251,61.17,-179.78823295851714,63.047601973730416,,,,No,General,Favoured,General,Favoured
2896,HXK3,A,GLN,420,-98.66913248849698,119.66886562614977,175.88097720245713,104.6135817518205,49.78,-61.939159251466975,172.54541742397686,-29.963612062312368,,,No,General,Favoured,General,Favoured
2897,HXK3,A,ALA,422,-122.67375117902372,138.70090531054223,-179.86305748556214,108.95644970589291,34.02,,,,,,No,General,Favoured,General,Favoured
2898,HXK3,A,ALA,424,-76.91869800938082,131.6591486565117,175.55113678999854,106.02251568121271,51.56,,,,,,No,General,Favoured,General,Favoured
2899,HXK3,A,THR,425,-134.74207249926997,147.2902339429962,-173.98688987546944,111.32764770434515,117.08,63.25974332526081,,,,,No,General,Favoured,General,Favoured
2900,HXK3,A,ARG,428,-65.75762085118915,-39.927406054468875,-174.72368982455578,111.49521913120438,147.9,65.9823839400793,-178.99660744516154,-61.80334669549315,166.30795489255024,0.4179970182704031,No,General,Favoured,General,Favoured
2901,HXK3,A,CYS,430,-64.40533206610199,-43.684925096133625,-175.1623592246359,110.34004402700116,45.32,179.99397308747484,,,,,No,General,Favoured,General,Favoured
2902,HXK3,A,GLU,431,-71.29109890825919,-53.73736843721689,-177.28040517339394,112.90736229674562,55.45,-69.33395217886785,-175.82048906016698,7.566298211768186,,,No,General,Favoured,General,Favoured
2903,HXK3,A,ARG,432,-75.9248487218887,-34.641372016212486,-172.84390942113254,115.49813558880051,175.2,-60.343380393305424,-27.687181074337836,-62.28604605949709,156.7380827586377,-0.5579866675734823,No,General,Favoured,General,Favoured
2904,HXK3,A,ARG,435,-81.85259917727808,-23.698834043264537,-175.41650927754716,117.38172725440009,168.46,-80.06265061610124,57.616989005574084,-80.43516104272464,-143.41667809158255,-0.9418023514948535,No,General,Favoured,General,Favoured
2905,HXK3,A,PHE,436,-56.75118847123543,-49.23582807077566,-165.46297789774064,114.74376750766845,137.6,179.94579132349784,-79.83526714454804,,,,No,General,Favoured,General,Favoured
2906,HXK3,A,CYS,437,-60.54458664774577,-41.816246686536566,-175.6294025039052,108.7925528764535,69.57,-179.90253418355934,,,,,No,General,Favoured,General,Favoured
2907,HXK3,A,SER,438,-61.29321083396916,-46.649416486003005,-177.98249302670146,108.98330163542947,62.83,179.8524540839492,,,,,No,General,Favoured,General,Favoured
2908,HXK3,A,LEU,440,-64.19877075616368,-47.05430548230085,179.58110568202162,109.68452263999585,44.66,179.85522562663866,62.43683008361639,,,,No,General,Favoured,General,Favoured
2909,HXK3,A,GLN,441,-61.28363302945463,-42.95334727735454,-174.7679263673597,108.99270851271041,79.64,-179.1489227405754,179.84838173954836,-162.88877851429677,,,No,General,Favoured,General,Favoured
2910,HXK3,A,THR,443,-67.35413145020377,-43.287010922819924,-176.22260156210965,112.10277561924943,118.12,55.568778172635476,,,,,No,General,Favoured,General,Favoured
2911,HXK3,A,MET,445,-62.59623016008292,-39.88830570757269,-175.42309715482392,110.0988760956914,50.47,-65.84405092350698,179.9949160931407,-179.60436148681566,,,No,General,Favoured,General,Favoured
2912,HXK3,A,LEU,446,-64.97233365686957,-40.37859916451066,-179.86603378377876,109.50617152524394,33.28,-67.22523391212366,-179.58086442816725,,,,No,General,Favoured,General,Favoured
2913,HXK3,A,LEU,447,-64.24441098739747,-36.12596880523184,-176.2897930847106,110.70532010435662,65.63,-59.976654769390535,-175.85248048472616,,,,No,General,Favoured,General,Favoured
2914,HXK3,A,GLU,450,-70.44502675810648,-16.72309414091224,-175.9768126593023,111.42592187411273,74.48,-62.18677863332269,-177.5012342770159,68.31138792968366,,,No,General,Favoured,General,Favoured
2915,HXK3,A,CYS,451,-124.38110725265716,149.20588649951014,-172.51768767646143,113.85116358115908,62.15,-62.48448791301101,,,,,No,General,Favoured,General,Favoured
2916,HXK3,A,ASP,452,-103.18689545460086,110.71010289079712,170.55239432183697,103.78931644664868,104.18,56.515212272142314,-58.685054180864896,,,,No,General,Favoured,General,Favoured
2917,HXK3,A,SER,454,-94.04914280665865,159.07632265794362,177.4371819772441,108.41206918927884,72.67,179.92265756617127,,,,,No,General,Favoured,General,Favoured
2918,HXK3,A,LEU,455,-123.58161756139671,129.93700471487148,177.60273530324213,106.27794025968208,53.84,-54.71518615709727,-179.77828434763714,,,,No,General,Favoured,General,Favoured
2919,HXK3,A,SER,458,-101.80887203262263,120.87224045105287,178.13051431410855,107.6948302794481,54.31,179.94652890690128,,,,,No,General,Favoured,General,Favoured
2920,HXK3,A,ASP,460,-62.3491669989499,-30.194832954980882,-168.84230522341096,111.09539968598807,67.68,-69.71559058413162,-7.399363239666744,,,,No,General,Favoured,General,Favoured
2921,HXK3,A,ARG,464,-66.8120800277876,-34.41733874439249,-177.03479683727136,109.20364967483222,99.09,-46.928959253647534,-71.88028217774347,170.17116135791372,-88.25477544981044,-0.9484077397720045,No,General,Favoured,General,Favoured
2922,HXK3,A,ALA,467,-61.04175781075337,-40.21707405997631,178.40494527804648,109.06795623445183,38.15,,,,,,No,General,Favoured,General,Favoured
2923,HXK3,A,MET,468,-64.59636108772807,-34.31689263983418,-176.8377538105467,109.52433714752344,58.32,-168.34366555575838,68.15223897465623,66.38758191635145,,,No,General,Favoured,General,Favoured
2924,HXK3,A,THR,470,-66.31986420256845,-32.205252376248666,-179.82267874120214,108.8707393112128,72.69,69.75480641417457,,,,,No,General,Favoured,General,Favoured
2925,HXK3,A,ALA,471,-64.03669983541324,-43.41235173093402,179.86552165203895,109.03752194183927,31.95,,,,,,No,General,Favoured,General,Favoured
2926,HXK3,A,ALA,473,-60.98591893332994,-41.52073642398871,-178.14634081697517,109.09059330019562,25.15,,,,,,No,General,Favoured,General,Favoured
2927,HXK3,A,ALA,474,-64.2436059433957,-40.25708254107454,-179.6301724693629,109.01554639664984,23.82,,,,,,No,General,Favoured,General,Favoured
2928,HXK3,A,ARG,475,-63.468674427994706,-43.805015609831315,-176.52416037238876,111.15981069712606,129.48,172.40713374695554,-97.49230013116494,-71.92791810787095,-165.93287085890032,-3.017836299846723,No,General,Favoured,General,Favoured
2929,HXK3,A,LEU,476,-61.37326114806206,-40.63590220866264,-178.16772844553907,108.88674225960919,88.87,-77.33551080340945,-67.03859926951208,,,,No,General,Favoured,General,Favoured
2930,HXK3,A,ALA,477,-62.682123508356504,-43.324343581958225,-178.6524965934388,109.299126872808,26.86,,,,,,No,General,Favoured,General,Favoured
2931,HXK3,A,ALA,478,-63.60862303886752,-45.60367943153183,-175.86839545080647,110.21709468676679,35.06,,,,,,No,General,Favoured,General,Favoured
2932,HXK3,A,HIS,479,-66.1828902843302,-34.315785859919316,-176.87151153488287,110.68171955169086,77.92,-72.77487796491069,86.64925865629891,,,,No,General,Favoured,General,Favoured
2933,HXK3,A,ARG,480,-61.708216670268804,-45.219705049873255,-179.32353460412347,108.06348497039305,103.49,-60.155565940446884,179.813525454722,-169.5701381231577,151.17582900852054,0.9632408154890686,No,General,Favoured,General,Favoured
2934,HXK3,A,ARG,481,-63.43620749948208,-42.54057134444256,-177.7779087662397,108.5536361425283,182.64,-161.38596985811813,82.11423220880017,70.25918856660388,-86.77991624862081,-3.782456598250201,No,General,Favoured,General,Favoured
2935,HXK3,A,LEU,482,-62.78961530166733,-46.660306184486096,-177.08264068190175,111.02624742565204,131.93,-83.54451596266902,61.5715102762166,,,,No,General,Favoured,General,Favoured
2936,HXK3,A,LEU,483,-65.48322094520081,-38.42378262218056,-177.55601598247543,108.70124125670532,94.87,-172.1147497766678,178.95115692282246,,,,No,General,Favoured,General,Favoured
2937,HXK3,A,GLU,484,-65.32232928451513,-32.52424496907019,-178.67239702647544,109.0307770718897,76.77,-172.09353832341472,69.91718748222425,23.83961187441936,,,No,General,Favoured,General,Favoured
2938,HXK3,A,GLU,485,-60.191921749031806,-42.809117559367856,-178.38418380276732,108.73448195318714,74.28,179.9646477715812,-177.1658455060322,-20.915174465506844,,,No,General,Favoured,General,Favoured
2939,HXK3,A,THR,486,-68.8755498274822,-41.22575307009977,-179.31083133253037,110.85739449548026,38.22,-59.273233497581714,,,,,No,General,Favoured,General,Favoured
2940,HXK3,A,LEU,487,-64.58930261604762,-30.603383695633894,-176.66313499598866,109.88470727012262,56.34,-67.19407269071115,-179.8131302333494,,,,No,General,Favoured,General,Favoured
2941,HXK3,A,PHE,490,-79.19759987188753,-21.399440283067236,177.731900380594,112.31156019888157,143.9,-64.8099872586365,81.14545879784038,,,,No,General,Favoured,General,Favoured
2942,HXK3,A,ARG,491,-100.28083542135442,125.10669011519533,-176.8133306204702,109.03835832893155,105.67,-66.8148508231409,175.44130886159815,70.32019120426634,172.3950198981038,-0.08659806799819582,No,General,Favoured,General,Favoured
2943,HXK3,A,LEU,492,-109.48730763030493,139.19903171433185,-175.7406445379258,109.7976852731452,52.29,-62.763084763252294,-179.92548334173938,,,,No,General,Favoured,General,Favoured
2944,HXK3,A,ASN,493,-79.34758329736098,164.68174410147074,-179.07601954725237,107.95726750258454,98.4,-158.9807923073764,-3.829602110084752,,,,No,General,Favoured,General,Favoured
2945,HXK3,A,HIS,494,-60.65779993549001,-37.84290964428992,-178.59551458268993,108.4341650127629,42.3,-178.5183868557996,-82.89539648311467,,,,No,General,Favoured,General,Favoured
2946,HXK3,A,ASP,495,-65.05009230749924,-35.55321450531214,-179.8175303002613,109.09226883858756,28.99,-71.61645288264322,-13.931060105615165,,,,No,General,Favoured,General,Favoured
2947,HXK3,A,GLN,496,-65.1528562284762,-42.869380606765574,-176.64709470198892,111.09892715423075,119.15,-176.08428774537944,94.73827680380855,52.34175297028661,,,No,General,Favoured,General,Favoured
2948,HXK3,A,LEU,497,-65.96552128611413,-40.261452786876205,-176.49420540605456,109.56508453875432,44.07,-62.20808750081507,-179.95163586780063,,,,No,General,Favoured,General,Favoured
2949,HXK3,A,ALA,498,-59.43393738552578,-39.44626231782179,-178.64328086588185,107.3872735174471,25.11,,,,,,No,General,Favoured,General,Favoured
2950,HXK3,A,ALA,499,-62.389897259093544,-41.87135535839759,179.53562498667557,108.2844002433883,21.52,,,,,,No,General,Favoured,General,Favoured
2951,HXK3,A,GLN,501,-60.98247074397686,-42.10899818188459,-178.89714983669924,108.158150727866,69.52,-175.93370905552823,-81.2915712927946,-14.419083708071797,,,No,General,Favoured,General,Favoured
2952,HXK3,A,ALA,502,-60.52193187240628,-42.39645854940585,-176.1258033822282,109.70162664023934,28.4,,,,,,No,General,Favoured,General,Favoured
2953,HXK3,A,GLN,503,-64.91047593087194,-33.81698552518973,-176.56292814160022,109.73793205881721,48.25,-62.995129885202715,179.67514656213012,-9.494464809274016,,,No,General,Favoured,General,Favoured
2954,HXK3,A,MET,504,-65.66013147877614,-36.98112772994296,176.81613547820703,107.81200393464955,45.64,-174.6820923053165,67.35541605256275,71.98378542982866,,,No,General,Favoured,General,Favoured
2955,HXK3,A,ARG,505,-61.07877921626154,-50.57703256931323,-178.78780144416882,110.3220462629012,94.28,-179.86544395606737,-172.25042611860212,84.03465480833927,-179.9833009487441,2.255741615223266,No,General,Favoured,General,Favoured
2956,HXK3,A,LYS,506,-63.30114222779603,-41.11198038842892,-175.59815520419846,109.22416668540771,95.22,-175.53540432259265,165.96192992223035,66.97196976583436,178.10627800668252,,No,General,Favoured,General,Favoured
2957,HXK3,A,ALA,507,-63.730124442557056,-36.0052875755446,-177.74747515942244,110.09547432976993,52.98,,,,,,No,General,Favoured,General,Favoured
2958,HXK3,A,MET,508,-66.99787711874403,-47.09611233913847,179.2495643062876,110.48585901857926,60.59,-64.971574864651,169.64360902152032,69.41640093087253,,,No,General,Favoured,General,Favoured
2959,HXK3,A,ALA,509,-63.445065941221266,-38.9663290724084,-178.0562493697105,108.26303791710265,34.58,,,,,,No,General,Favoured,General,Favoured
2960,HXK3,A,LYS,510,-61.87152429005205,-42.64597923445941,-176.94256023199728,109.47561426777499,43.03,-167.09256313068002,164.56504125391112,-179.9444017186162,179.98517916873834,,No,General,Favoured,General,Favoured
2961,HXK3,A,LEU,512,-65.86348325863621,-42.00157294068717,-175.6685071678574,112.69176958448762,68.13,-67.47748350179477,-179.8918007696556,,,,No,General,Favoured,General,Favoured
2962,HXK3,A,ARG,513,-81.74567116596587,144.53209801157692,-175.57105164498185,111.66681148760453,179.65,-175.94346514423717,-87.02019248520742,-73.2350733978669,157.98503265771464,-2.1499635276021034,No,General,Favoured,General,Favoured
2963,HXK3,A,GLU,515,-141.33308245171415,54.78877874657478,-177.32767348528958,110.14613202991949,239.56,64.46241707336065,-61.71522855656514,-60.87235787676697,,,No,General,Allowed,General,Allowed
2964,HXK3,A,ALA,516,-74.36862918493208,-45.48691555450985,-173.52432000132146,123.47041625201267,130.01,,,,,,No,General,Favoured,General,Favoured
2965,HXK3,A,SER,517,-160.43528949970784,-168.78469111571542,-159.7616898533971,116.10213484955055,170.58,-162.18577020115572,,,,,No,General,Favoured,General,Favoured
2966,HXK3,A,SER,518,-66.80303109740181,-40.44897821181342,-174.82844457356387,112.60996331153676,99.72,-172.38767038935163,,,,,No,General,Favoured,General,Favoured
2967,HXK3,A,LEU,519,-90.77962641656069,107.60483476500141,178.7457451084505,104.75577622855202,123.61,-173.29330735177916,177.88496938767423,,,,No,General,Favoured,General,Favoured
2968,HXK3,A,ARG,520,-64.89545667286909,-34.662635484175624,-169.79261337612814,114.5216028721976,118.09,-64.74226220533836,165.54319211836054,179.45101699419075,127.6690539477587,-1.8587010439635403,No,General,Favoured,General,Favoured
2969,HXK3,A,MET,521,52.089959164716376,52.24816046535362,-179.68863467762526,111.65710138295228,77.08,-64.76266963884221,-62.87799045308869,178.87691961932083,,,No,General,Favoured,General,Favoured
2970,HXK3,A,THR,524,-83.154459098838,-26.89002563698252,178.36614136176487,112.9020560772408,76.64,62.90895469426684,,,,,No,General,Favoured,General,Favoured
2971,HXK3,A,PHE,525,68.65362272804327,18.633081431645227,-171.82633254207704,109.41379139999461,86.62,-71.95109814401528,-84.47692981822675,,,,No,General,Favoured,General,Favoured
2972,HXK3,A,ARG,527,-79.46968253528203,-30.395938104803506,-175.91009530445177,115.55282967602584,87.01,-61.656931715752584,172.42672331719896,-68.89222216609437,-95.80791577237399,-1.3996083076535515,No,General,Favoured,General,Favoured
2973,HXK3,A,ALA,528,-129.80988105629964,166.27937753483633,-168.06302017764847,112.59286993466351,57.21,,,,,,No,General,Favoured,General,Favoured
2974,HXK3,A,ASP,531,-125.0354846074109,-177.45924581462643,170.83869728068066,102.58716843556535,83.07,-66.70112414780816,-11.104527409613288,,,,No,General,Favoured,General,Favoured
2975,HXK3,A,SER,533,-58.18995001694842,-36.97150545383825,-166.7295034552032,117.43790385096534,78.83,-56.586442424281394,,,,,No,General,Favoured,General,Favoured
2976,HXK3,A,GLU,534,-61.26481029878297,138.8605473307881,-165.68230077061236,113.5374590879533,106.23,-65.63014740733412,84.55508943856422,7.960182937986096,,,No,General,Favoured,General,Favoured
2977,HXK3,A,ARG,535,-153.2214896141397,147.60739576429987,177.21449411074383,106.92931267758463,76.88,-169.04381550323237,175.80484416820107,-179.9347571335641,-90.7227107779238,-0.13962556984225413,No,General,Favoured,General,Favoured
2978,HXK3,A,ASP,537,-117.55972866099927,131.04772525991402,178.99708885824515,107.24821433898563,55.66,-69.50897592153645,-24.34901169713994,,,,No,General,Favoured,General,Favoured
2979,HXK3,A,PHE,538,-133.6517068394726,142.9172859021482,-179.5748256431865,108.57547169646195,53.93,-60.57126228800535,82.87924149089574,,,,No,General,Favoured,General,Favoured
2980,HXK3,A,LEU,539,-99.33904134759166,141.80423241297785,176.07777321410646,107.29088667771937,108.36,-74.86464034630319,-74.65910851938307,,,,No,General,Favoured,General,Favoured
2981,HXK3,A,ALA,540,-123.62132797709731,131.3715213810937,176.68226905840783,106.83334689648562,39.32,,,,,,No,General,Favoured,General,Favoured
2982,HXK3,A,LEU,541,-112.71793101826235,110.94806259232982,176.36095116788536,105.51022662485161,58.7,179.81213288861778,63.77206783217802,,,,No,General,Favoured,General,Favoured
2983,HXK3,A,ASP,542,-108.78689571953525,104.93985382696684,-178.71158389432443,107.53079968059804,47.75,-176.9533583193867,-0.6513690722501589,,,,No,General,Favoured,General,Favoured
2984,HXK3,A,LEU,543,-125.1839841565277,124.3128433045337,-179.26256421994316,110.47487205662289,118.35,179.96774505328116,165.61543592463224,,,,No,General,Favoured,General,Favoured
2985,HXK3,A,THR,546,-63.99478198310931,-34.59550299990781,-174.83370305494753,111.67589728510951,112.77,-179.19902290429647,,,,,No,General,Favoured,General,Favoured
2986,HXK3,A,ASN,547,-114.89290260999456,122.47483577336205,-176.61001686263214,112.05926509909385,111.25,54.80155102024324,-85.63294357233038,,,,No,General,Favoured,General,Favoured
2987,HXK3,A,PHE,548,-96.3075755733394,157.4993481287074,175.02148241197312,108.43083678373316,80.8,52.2799370170548,69.2459814856617,,,,No,General,Favoured,General,Favoured
2988,HXK3,A,ARG,549,-113.97677413325886,144.0966551988084,177.72781697018542,105.77165910567811,110.6,-63.18452886865203,162.62435538801248,55.251553952471596,-148.52513766763218,1.8999241694703908,No,General,Favoured,General,Favoured
2989,HXK3,A,LEU,551,-127.67749797120288,152.1652201433836,-174.3017102656439,110.56407842900387,106.66,-51.631008752746766,73.09547948725442,,,,No,General,Favoured,General,Favoured
2990,HXK3,A,LEU,552,-115.56871795465011,121.90322160148064,174.32458508410883,107.35978886255022,59.79,176.44532386999663,64.1341075184504,,,,No,General,Favoured,General,Favoured
2991,HXK3,A,ARG,554,-116.31988724821056,134.26496738869463,177.36334618759423,106.66044507029744,91.84,-75.37176894018043,-179.97599905592065,170.7017094237061,-95.03050809772562,-6.974826482869581,No,General,Favoured,General,Favoured
2992,HXK3,A,THR,556,-155.91317091073142,-117.4948791015474,-177.98580884566002,108.12452832671951,73.98,-54.94611099366006,,,,,No,General,Disallowed,General,Disallowed
2993,HXK3,A,THR,557,-62.54527204560528,-32.77349864858829,-177.61258477015744,105.49212851185422,165.35,62.81306988864475,,,,,No,General,Favoured,General,Favoured
2994,HXK3,A,GLN,560,-119.11318903632561,155.55238708721535,176.47738887360512,106.70475339254185,141.9,53.28625444114989,68.84553559561049,-109.54019451676216,,,No,General,Favoured,General,Favoured
2995,HXK3,A,THR,562,-133.33603940947583,125.23821856664047,171.25756844429213,105.67176130576031,114.93,-177.47108013886265,,,,,No,General,Favoured,General,Favoured
2996,HXK3,A,SER,563,-131.43409678847513,170.46507636239758,-178.51841879628938,108.15277206403087,43.15,64.28977869838828,,,,,No,General,Favoured,General,Favoured
2997,HXK3,A,GLU,564,-148.65608924590015,141.51615932553477,174.84572098989844,105.06714336944918,85.76,179.54738287914984,71.35816919712988,-56.69466695773975,,,No,General,Favoured,General,Favoured
2998,HXK3,A,TYR,566,-126.65466936019169,157.39426722112415,-179.8977164272343,107.47731041421962,54.42,-66.00403136395653,79.3719890405146,,,,No,General,Favoured,General,Favoured
2999,HXK3,A,SER,567,-117.88665782310535,152.79141213745476,178.22462176534268,107.39907320600526,41.38,64.33049871500633,,,,,No,General,Favoured,General,Favoured
3000,HXK3,A,GLU,570,-59.42275949836653,-38.31892976541204,-174.98770730768925,108.5149722847535,39.64,-64.83428413759002,172.53838900463293,-49.21053575739518,,,No,General,Favoured,General,Favoured
3001,HXK3,A,THR,571,-62.9134519564903,-44.91230258533301,-178.46933049745365,109.46416102554635,30.43,-58.73385615313333,,,,,No,General,Favoured,General,Favoured
3002,HXK3,A,ALA,573,-65.95524966547231,-36.9854280496358,-177.83814990379554,111.17178079657516,44.95,,,,,,No,General,Favoured,General,Favoured
3003,HXK3,A,GLN,574,-71.15306624590539,-28.64230826033284,-178.871597342003,111.56339487496956,57.9,179.9164366690026,-174.68832152625816,33.929161995843366,,,No,General,Favoured,General,Favoured
3004,HXK3,A,SER,576,-78.29477204953567,161.41358624812406,-176.81879368209175,109.885616116425,84.72,67.05676697729314,,,,,No,General,Favoured,General,Favoured
3005,HXK3,A,GLN,578,-62.787056448159134,-42.00728196330345,-177.1264776151996,109.22520688972075,34.73,-63.95683862258949,179.8881590201952,-6.10328435266402,,,No,General,Favoured,General,Favoured
3006,HXK3,A,GLN,579,-67.1271987906984,-31.66330093754256,-179.47640983900226,108.97759864098089,87.05,-63.14527566686337,-78.19866199308977,-5.856270879878832,,,No,General,Favoured,General,Favoured
3007,HXK3,A,LEU,580,-62.87005599054427,-49.880045086489105,-175.8333410262783,109.97500955353016,126.16,-171.59667057840184,-60.04716392267686,,,,No,General,Favoured,General,Favoured
3008,HXK3,A,PHE,581,-72.59948349161256,-30.887815666009022,-175.68167066372914,113.29150454668353,90.47,-74.6591086266369,81.04677438961207,,,,No,General,Favoured,General,Favoured
3009,HXK3,A,ASP,582,-64.70767964878877,-40.83638596533741,178.71112599699796,108.91738516360333,43.26,-71.80991233186533,-17.22731076281244,,,,No,General,Favoured,General,Favoured
3010,HXK3,A,HIS,583,-61.28560073325845,-40.356754169527676,-179.589928662261,107.49499002222899,38.94,-177.91384880327678,77.4397376939929,,,,No,General,Favoured,General,Favoured
3011,HXK3,A,ASP,586,-65.36920378889816,-38.50347224060294,-178.50060365304674,109.25468726175797,84.46,-170.36096339037675,-24.598930213233558,,,,No,General,Favoured,General,Favoured
3012,HXK3,A,CYS,587,-60.29056052791508,-33.73257533740221,-177.24553217620405,107.34458614735122,44.59,-62.34260067086314,,,,,No,General,Favoured,General,Favoured
3013,HXK3,A,ASP,590,-61.98984140562975,-49.00781569696223,-178.49758920972695,110.11831224050526,49.37,-179.93765805880423,34.34467375225027,,,,No,General,Favoured,General,Favoured
3014,HXK3,A,PHE,591,-64.79016393746856,-45.65747708021033,-176.08710840739485,110.38794748835682,76.51,169.2104568042272,90.11946972651441,,,,No,General,Favoured,General,Favoured
3015,HXK3,A,GLN,592,-57.14301360433371,-42.002396442506566,-178.0652484304756,106.62764971884913,52.0,-179.93558852404433,179.9653279803062,-109.11570121015124,,,No,General,Favoured,General,Favoured
3016,HXK3,A,GLN,593,-66.22627964507384,-38.45691354407187,178.2573775199558,108.73565162168046,64.17,-178.67245714984028,-82.22026081130203,-12.11337684086075,,,No,General,Favoured,General,Favoured
3017,HXK3,A,LYS,594,-61.558726560526495,-37.069634465842995,-177.82582430847066,108.01385065235044,79.84,-66.95994218371101,-62.57855153948035,-179.89443649464,177.0464585264423,,No,General,Favoured,General,Favoured
3018,HXK3,A,GLN,595,-63.00062260266041,-30.909965589959643,176.7065833240115,107.4782414065593,82.54,175.1565557563726,69.21520765297433,-162.25212072259527,,,No,General,Favoured,General,Favoured
3019,HXK3,A,LEU,597,-73.1958685594174,-18.28969197844222,-178.88689953696155,113.57869210467841,166.02,-179.78851141096132,63.27400476110049,,,,No,General,Favoured,General,Favoured
3020,HXK3,A,SER,598,-39.29433193809198,126.5124829062223,-170.88030947441325,112.85308565758466,96.09,179.7359131498008,,,,,No,General,Favoured,General,Favoured
3021,HXK3,A,GLN,600,-108.42900211735456,140.99057521910348,-178.46747376660315,109.42922564219104,113.99,-173.42751328232012,71.4840587380402,-2.62543396665953,,,No,General,Favoured,General,Favoured
3022,HXK3,A,SER,601,-91.40834774912514,147.722213005465,178.257827201412,108.35472212744551,93.43,71.28527550819646,,,,,No,General,Favoured,General,Favoured
3023,HXK3,A,LEU,604,-142.0772460657677,132.09535566903446,-175.64680141951604,112.3051970922218,124.56,173.14723638660635,164.32711728806132,,,,No,General,Favoured,General,Favoured
3024,HXK3,A,PHE,606,-139.59243470217714,125.13421333484152,-173.04705142873348,110.96492052547643,105.39,177.4541755975435,56.730696353980356,,,,No,General,Favoured,General,Favoured
3025,HXK3,A,THR,607,-109.26965400610507,108.69409467089032,177.84987631789096,107.17056134523777,51.25,-59.29084653761375,,,,,No,General,Favoured,General,Favoured
3026,HXK3,A,PHE,608,-117.84838510670667,108.71682188545597,-178.50770388066505,105.87462111975746,91.52,-174.51061742208734,75.07201654236958,,,,No,General,Favoured,General,Favoured
3027,HXK3,A,SER,609,-102.81784621944422,103.98710286038293,-175.33154063232365,108.59108948925254,57.89,-63.56602820744412,,,,,No,General,Favoured,General,Favoured
3028,HXK3,A,CYS,612,-152.84394310360102,147.6689340631384,-178.1668828161117,111.25072702662018,54.01,-69.22122419990632,,,,,No,General,Favoured,General,Favoured
3029,HXK3,A,ARG,613,-103.70958211787466,118.40061457736937,171.49916188335587,103.57898809991346,109.3,-70.8583572229749,-171.41593629236684,177.9325235449134,-166.05885320415007,0.13037422691059644,No,General,Favoured,General,Favoured
3030,HXK3,A,GLN,614,-111.58423230021226,116.31106379187331,-178.8771584412463,109.73005637422766,114.47,69.77686058250164,173.1022849149302,-4.016571834469405,,,No,General,Favoured,General,Favoured
3031,HXK3,A,LEU,615,-74.8368974169402,-35.32260302491341,178.57796381181288,112.06771802883516,66.99,-60.03172192383936,-179.73472344687474,,,,No,General,Favoured,General,Favoured
3032,HXK3,A,LEU,617,-56.12978432523977,-52.302576645111756,-178.4832586088931,108.14517043234001,196.82,-84.1068887983287,-75.19393835716234,,,,No,General,Favoured,General,Favoured
3033,HXK3,A,ASP,618,-78.12322749340191,-24.49287224240431,-175.65597352156783,113.36666022706687,166.34,-162.10038074931603,14.059789456193602,,,,No,General,Favoured,General,Favoured
3034,HXK3,A,GLN,619,-115.44640111451349,145.2711510872173,-172.38820094647502,112.50222090572038,99.25,-70.42564051660082,179.97703107889484,1.9229408003712367,,,No,General,Favoured,General,Favoured
3035,HXK3,A,LEU,622,-71.81078089859136,116.13219208258698,-179.89779686786449,108.69160293725749,76.88,175.00619440343212,62.7814914874388,,,,No,General,Favoured,General,Favoured
3036,HXK3,A,LEU,623,-77.42970101654065,-58.392115797640095,176.82506834454162,111.91601453264329,74.38,-61.446221809218606,-177.6933038312489,,,,No,General,Favoured,General,Favoured
3037,HXK3,A,ASN,624,-139.48230128561417,141.86158999647876,-176.71932850652905,108.01543819246957,93.22,58.20329604460295,-52.43475335267615,,,,No,General,Favoured,General,Favoured
3038,HXK3,A,TRP,625,-74.91514826019076,156.06255410740414,177.70190686652418,107.79095842489153,94.94,-78.71502712363993,105.43747440820529,,,,No,General,Favoured,General,Favoured
3039,HXK3,A,THR,626,-145.68314190366,-179.09452629606625,178.11003755596494,104.8421756506582,65.16,-53.55339280817826,,,,,No,General,Favoured,General,Favoured
3040,HXK3,A,LYS,627,61.9164808812754,13.393401966298159,172.19478333771275,113.15165326877363,147.87,-73.35938298877252,66.97059452118098,-178.99250120761184,-64.73560934499125,,No,General,Favoured,General,Favoured
3041,HXK3,A,PHE,629,-98.28549962732309,112.83851040659802,178.1471184604781,109.1324960195339,157.82,-73.4120908695454,66.86670264267936,,,,No,General,Favoured,General,Favoured
3042,HXK3,A,LYS,630,-79.58174233019513,-20.93731437176499,179.19581528082063,112.96568128470182,159.64,-162.31214650090658,-72.5229163033286,174.43414672111052,-179.8635694219456,,No,General,Favoured,General,Favoured
3043,HXK3,A,ALA,631,-45.646148414425646,129.67673359244762,-167.15435533303582,113.73041372012705,64.94,,,,,,No,General,Favoured,General,Favoured
3044,HXK3,A,SER,632,-84.15415024101947,164.57916725392678,-177.6505601586487,109.61423354679116,89.49,-59.05675366114204,,,,,No,General,Favoured,General,Favoured
3045,HXK3,A,ASP,633,61.878937405853726,15.147253226474483,175.76621633040392,113.09095922445265,150.06,65.57384472605403,45.07453979035803,,,,No,General,Favoured,General,Favoured
3046,HXK3,A,CYS,634,-86.51865632115255,-48.64883108136342,174.20165942480733,113.7639212218769,83.51,-63.37857836549084,,,,,No,General,Favoured,General,Favoured
3047,HXK3,A,GLU,635,-60.79945226302745,133.2382360437046,-170.76500631545406,108.4308226016955,91.66,-55.801708886236796,-87.9358701666273,53.86830799593304,,,No,General,Favoured,General,Favoured
3048,HXK3,A,GLN,637,-121.80652173086746,154.73742651518833,-178.9356721219505,108.62404906200383,75.68,-63.18198802913884,-67.41154076390622,-32.48768433352541,,,No,General,Favoured,General,Favoured
3049,HXK3,A,ASP,638,-72.0783382343359,123.97884599388755,178.06959376753076,107.41201659634939,53.13,-172.1512906518271,-4.9737231057067515,,,,No,General,Favoured,General,Favoured
3050,HXK3,A,SER,641,-65.24716258101394,-36.09270350210075,179.49540445086492,107.65539139939037,33.88,62.40922037156946,,,,,No,General,Favoured,General,Favoured
3051,HXK3,A,LEU,642,-60.87256804105208,-45.62802599214265,-179.55525225823413,107.17227266764192,39.15,-63.838615857904315,179.7066725813277,,,,No,General,Favoured,General,Favoured
3052,HXK3,A,LEU,643,-69.06301300983745,-43.817579057498094,-179.57281142261638,111.73591630522273,59.1,179.9920502966479,57.69567867727736,,,,No,General,Favoured,General,Favoured
3053,HXK3,A,ARG,644,-66.86625748795826,-43.00816200902193,-175.2459893870361,110.47425433337425,103.91,-69.87682260895804,-171.50578520241208,56.6774259441695,166.660201194906,-0.899719906445427,No,General,Favoured,General,Favoured
3054,HXK3,A,GLU,645,-64.33361034845349,-35.3317203721221,-177.5406843450139,107.79428268446551,82.46,-167.90360481985945,168.33849341397578,-5.602603949507918,,,No,General,Favoured,General,Favoured
3055,HXK3,A,ALA,646,-65.69378205097547,-34.479594205683604,179.1821947730162,110.08972872728445,47.15,,,,,,No,General,Favoured,General,Favoured
3056,HXK3,A,THR,648,-62.55890523029741,-35.58738600869522,-175.09046463487772,111.66271485753587,45.12,-58.98023602932909,,,,,No,General,Favoured,General,Favoured
3057,HXK3,A,ARG,649,-66.62359953669849,-29.0077468560037,-171.88017602855598,115.11723116052657,83.68,-65.73990238400643,-168.8200465828502,-68.19861033134782,-92.21184738287899,1.8011753006301976,No,General,Favoured,General,Favoured
3058,HXK3,A,ARG,650,-63.56710375085036,-28.41687154726237,-173.78867062033459,111.12035149510731,138.54,-164.25021971255694,68.78565355610965,172.55952159962797,175.64490907367326,-1.218820290520762,No,General,Favoured,General,Favoured
3059,HXK3,A,GLN,651,78.6447310242954,-34.31590440417031,176.3475690371083,110.97255326669199,177.49,-167.82879818763422,68.80305977429441,66.21550495510543,,,No,General,Allowed,General,Allowed
3060,HXK3,A,ALA,652,-81.18945318477903,-41.432326336363104,172.18774587761874,111.28862307125833,72.44,,,,,,No,General,Favoured,General,Favoured
3061,HXK3,A,GLU,654,42.69438449438649,73.66494515025745,-177.72610526849428,114.03481785611518,160.73,-171.19502717357776,73.01854540470521,1.0903623369045474,,,No,General,Allowed,General,Allowed
3062,HXK3,A,LEU,655,-110.69467658496667,160.82971424867867,174.90958930208035,107.74814432431253,153.96,61.437034314006006,71.47194886849705,,,,No,General,Favoured,General,Favoured
3063,HXK3,A,ASN,656,-104.92853552006153,130.55297975890429,-176.59760436599052,110.23517473227362,46.15,-168.6676511145669,2.6828580663576256,,,,No,General,Favoured,General,Favoured
3064,HXK3,A,ALA,659,-153.68277415002174,162.04656202739554,-169.4664435076722,112.93310800272062,65.65,,,,,,No,General,Favoured,General,Favoured
3065,HXK3,A,ASN,662,-93.17702727306204,148.2856340262498,174.2184789230891,106.15858087787551,68.82,-179.93069385718098,-69.25070932484338,,,,No,General,Favoured,General,Favoured
3066,HXK3,A,ASP,663,-61.58382489233954,-34.863920638905775,-171.30607265521692,112.61696192639702,62.4,63.758725599294706,-16.350061590439417,,,,No,General,Favoured,General,Favoured
3067,HXK3,A,THR,664,-64.69728996770876,-43.1403731988909,-178.23838807283735,108.66506234688559,118.33,-50.342625360508556,,,,,No,General,Favoured,General,Favoured
3068,HXK3,A,THR,667,-62.795826926777984,-44.42566794415302,-179.10691006714336,109.39099492292043,35.67,-59.626161123389586,,,,,No,General,Favoured,General,Favoured
3069,HXK3,A,MET,668,-61.07165556310388,-46.59962739589718,-178.62194288798227,109.08976642641048,42.87,179.86471696441674,-175.99268959506836,69.06139497695169,,,No,General,Favoured,General,Favoured
3070,HXK3,A,MET,669,-63.19918162297357,-37.62487012586397,-176.72732896245736,110.78546300607901,169.6,-82.03768879049495,-69.26112566833028,175.3098213127955,,,No,General,Favoured,General,Favoured
3071,HXK3,A,SER,670,-57.793740602034596,-47.974561474658756,-173.04616649004757,111.92295985974343,53.38,-65.9468701439186,,,,,No,General,Favoured,General,Favoured
3072,HXK3,A,CYS,671,-74.60813943500072,-17.187173342598296,179.7905896634475,111.22731880223387,72.38,53.49110725571419,,,,,No,General,Favoured,General,Favoured
3073,HXK3,A,TYR,673,-64.55292139334057,-39.8148130879503,178.2942911392545,109.58797357864798,124.2,-74.23190340170834,61.811256006908856,,,,No,General,Favoured,General,Favoured
3074,HXK3,A,GLU,674,-72.12956931156499,-49.108040039041455,177.2893363774315,109.98125431288989,92.23,-60.98259033045522,-67.27352649011682,-52.876442653202275,,,No,General,Favoured,General,Favoured
3075,HXK3,A,ARG,677,-73.89303122261026,-15.553876320552762,-177.69670154399492,112.44923105616867,189.16,63.723953324926335,-179.71162382844534,56.856361844145084,171.44275472787325,-1.0542194056669105,No,General,Favoured,General,Favoured
3076,HXK3,A,CYS,678,-74.48336877782383,106.29074850488172,-171.94721282255964,114.05469687532512,77.67,-179.54500041919965,,,,,No,General,Favoured,General,Favoured
3077,HXK3,A,GLU,679,-88.58586632531154,-18.43780965100243,175.91821331378554,114.13399696874922,192.63,-167.85324571214218,95.24938557471562,-28.62983106730076,,,No,General,Favoured,General,Favoured
3078,HXK3,A,LEU,682,-144.35268809986414,138.5915897153997,-179.08079420603542,109.71945631937193,78.59,173.14094844465325,63.09177962860614,,,,No,General,Favoured,General,Favoured
3079,HXK3,A,THR,686,-60.98416528587439,-28.58935090105064,178.98383257867167,105.81180441740476,99.77,-179.0787402137724,,,,,No,General,Favoured,General,Favoured
3080,HXK3,A,THR,688,-139.71633848609932,142.41977087857964,179.5975302430141,109.17477557102843,106.74,-171.71257102468843,,,,,No,General,Favoured,General,Favoured
3081,HXK3,A,ASN,689,-157.01380632936247,164.49566356011098,-179.5778136593229,107.29343204286417,63.12,-162.82679116783913,0.4249560447082539,,,,No,General,Favoured,General,Favoured
3082,HXK3,A,ALA,690,-152.3963619652955,158.7719258786679,179.24239489602016,108.96150246284215,40.09,,,,,,No,General,Favoured,General,Favoured
3083,HXK3,A,CYS,691,-152.88244693498822,146.1914577721807,178.72858524585774,109.27988425130012,48.83,60.1290824108096,,,,,No,General,Favoured,General,Favoured
3084,HXK3,A,TYR,692,-137.634866754558,164.44746214695962,176.41963241193406,108.43540235016903,79.72,55.6582079427979,-80.12834569459599,,,,No,General,Favoured,General,Favoured
3085,HXK3,A,MET,693,-83.94747300344231,133.13132355998044,175.4941554678539,107.02105373176556,64.42,-68.75694563075425,-64.61320867981773,-68.27607415894863,,,No,General,Favoured,General,Favoured
3086,HXK3,A,GLU,694,-122.82556307827552,156.45041219358674,-175.5817628097386,110.73975007510712,120.09,-179.03212927112114,68.7261566912175,-54.5399778776688,,,No,General,Favoured,General,Favoured
3087,HXK3,A,GLU,695,-73.96016603785945,136.84080992759422,178.16310318592804,106.55737520686012,110.99,-53.01084932317297,-52.72076546306377,-28.939612112117008,,,No,General,Favoured,General,Favoured
3088,HXK3,A,LEU,696,-64.82886609249738,-26.355021455722532,-176.03402772332961,110.5617555742678,64.94,-67.71439503884093,-173.1810873199564,,,,No,General,Favoured,General,Favoured
3089,HXK3,A,ARG,697,-62.139117830398625,-36.57481483658953,179.72484648988018,108.51872747031396,174.46,58.37310079541101,-173.63265347399468,82.15185835184744,93.32877636084241,4.425771966669985,No,General,Favoured,General,Favoured
3090,HXK3,A,ASN,698,-68.50474232421622,-32.56921665594634,-178.41999213944933,111.71693075300523,87.3,-59.77203187839003,-58.32573879321237,,,,No,General,Favoured,General,Favoured
3091,HXK3,A,ALA,700,-70.82232954171674,-30.551574107882676,-179.49652745739874,113.41884823695608,71.41,,,,,,No,General,Favoured,General,Favoured
3092,HXK3,A,ASP,705,-82.07586400970044,-24.163120150141154,178.89907913497663,114.28115784894665,76.85,-68.39263054942373,-46.7425670732561,,,,No,General,Favoured,General,Favoured
3093,HXK3,A,SER,706,-90.50070868100624,137.49784576911028,-169.62263290840932,112.6963982059243,89.91,179.97387486488586,,,,,No,General,Favoured,General,Favoured
3094,HXK3,A,ARG,708,-122.11413886766366,155.81457570990997,-178.63061549289895,108.04504302093751,79.86,-49.34847023894824,-158.50113437646098,-42.74674148425583,-96.3103644778688,4.957840041387352,No,General,Favoured,General,Favoured
3095,HXK3,A,MET,709,-141.7530658094782,140.10716647909328,178.6178595754897,108.98399436629342,44.55,179.99190306157988,179.977873002196,-75.35687926315163,,,No,General,Favoured,General,Favoured
3096,HXK3,A,CYS,710,-72.1880783693761,138.20497966325237,-179.80894003698916,108.65387581335357,44.08,179.94113965447883,,,,,No,General,Favoured,General,Favoured
3097,HXK3,A,ASN,712,-91.22767862773874,107.04865299774133,175.7791395121466,104.59842404446684,69.99,179.67433283955745,19.460384064893507,,,,No,General,Favoured,General,Favoured
3098,HXK3,A,MET,713,-66.40935963619529,-41.29265683750823,-173.0978088094721,113.17665390993935,61.69,-65.4507790693314,175.83015185659727,69.2480501709649,,,No,General,Favoured,General,Favoured
3099,HXK3,A,GLU,714,55.42838658511972,52.40789982942633,-169.41853332615005,106.24553670377055,106.54,-70.17128034899135,-63.73738001397372,-11.679108937000558,,,No,General,Favoured,General,Favoured
3100,HXK3,A,TRP,715,-71.41891620385636,-18.415511714401415,-175.88685401730618,112.71299500275899,131.83,70.13110441211103,-3.9389474723382785,,,,No,General,Favoured,General,Favoured
3101,HXK3,A,ALA,717,-64.70413004756023,-24.375467926019045,179.45774084258548,111.27224286246496,70.61,,,,,,No,General,Favoured,General,Favoured
3102,HXK3,A,PHE,718,-50.66294180020869,134.026421312397,-179.54952050356744,109.31805173355733,96.61,176.4018994288545,66.21390564606897,,,,No,General,Favoured,General,Favoured
3103,HXK3,A,ASP,720,-69.07749291898072,-26.32709046584574,-179.54798906162029,109.94148306362351,75.88,-71.49685530396081,-44.2112374671143,,,,No,General,Favoured,General,Favoured
3104,HXK3,A,ASP,721,-72.48788892602207,-23.3627499617053,177.93125830622208,110.71913543188072,69.19,60.9393941479329,-11.773154783240338,,,,No,General,Favoured,General,Favoured
3105,HXK3,A,SER,723,-63.67498155503312,-32.08863068367337,-176.04661360897651,112.01082226398398,97.89,-63.71958781985451,,,,,No,General,Favoured,General,Favoured
3106,HXK3,A,LEU,724,-79.87395852440429,-13.934640807612544,179.20510471498616,114.02811158798661,97.57,-68.2877990931064,-179.91840461539346,,,,No,General,Favoured,General,Favoured
3107,HXK3,A,ALA,725,-50.662828901402285,-35.47172288042715,-165.62971619321527,112.32123439036206,58.09,,,,,,No,General,Favoured,General,Favoured
3108,HXK3,A,MET,726,-63.43350485899029,-34.790438164821325,-178.72400736458195,110.60133170079867,132.11,62.508750344678134,-178.93718221791934,-70.08047785998454,,,No,General,Favoured,General,Favoured
3109,HXK3,A,LEU,727,-74.69392732279594,-27.712938700765605,179.6564549074357,114.26936668505522,116.95,-66.58213745467145,-63.69553989865074,,,,No,General,Favoured,General,Favoured
3110,HXK3,A,SER,728,-76.14821334149217,128.62783762244132,-171.44166491123036,112.25162177507939,58.82,-63.40706444325854,,,,,No,General,Favoured,General,Favoured
3111,HXK3,A,THR,729,-88.00077112236963,178.24953182614684,179.93222048224905,107.57778042760407,36.48,62.04799859284871,,,,,No,General,Favoured,General,Favoured
3112,HXK3,A,ARG,730,-63.65992685561058,-33.17479126659326,179.40576083052017,107.26295105719188,132.19,-179.93733527854178,-173.34287881402904,-64.90603169514144,169.38581355117103,0.266899843249901,No,General,Favoured,General,Favoured
3113,HXK3,A,PHE,731,-64.37178748011456,-45.36654931852698,-177.3035554709275,109.1961474151775,52.86,-55.21793599075244,-77.93422124339418,,,,No,General,Favoured,General,Favoured
3114,HXK3,A,ASP,732,-61.952365026926884,-42.35172309539622,-179.84683652375094,107.59857617163553,46.1,-67.84601532940107,-43.408761093239875,,,,No,General,Favoured,General,Favoured
3115,HXK3,A,ALA,733,-61.10844199212222,-38.728539467648304,-178.16509799359233,108.99806859414552,32.07,,,,,,No,General,Favoured,General,Favoured
3116,HXK3,A,SER,734,-66.201304553326,-40.801890567014546,-177.31909146616462,110.52413231422493,73.98,-63.72695420535099,,,,,No,General,Favoured,General,Favoured
3117,HXK3,A,ASP,736,-60.40606057252517,-46.01114806157872,-174.85667807325038,111.1587628318766,47.56,-169.58374645521556,0.5861276921350006,,,,No,General,Favoured,General,Favoured
3118,HXK3,A,GLN,737,-64.30829985168943,-39.27085458863759,-174.1426965764122,111.49413507608827,84.36,63.80076453052669,179.953685580537,4.078041933989571,,,No,General,Favoured,General,Favoured
3119,HXK3,A,ALA,738,-67.39267908327746,-30.99480277389755,-175.82127012437536,114.07704255419371,59.1,,,,,,No,General,Favoured,General,Favoured
3120,HXK3,A,SER,739,-64.62546832692794,171.28283015038863,-172.11749521017583,112.45131603034751,108.42,-56.73035110758963,,,,,No,General,Favoured,General,Favoured
3121,HXK3,A,LYS,744,-117.80092133893754,152.08687062344643,-176.79905715445108,109.5429542076919,70.59,-68.58481980655438,162.28313219843184,-81.97538755441427,179.86355413372655,,No,General,Favoured,General,Favoured
3122,HXK3,A,GLN,745,57.16203391619446,42.96890587188137,177.2074192745667,111.78294176560732,68.49,-63.80144457064181,-78.92740797423077,-58.18075297264038,,,No,General,Favoured,General,Favoured
3123,HXK3,A,ARG,746,-62.76027900703438,-40.6031679958713,-175.0253526967161,112.56230141253151,69.92,-65.35505628056491,-172.5847322289529,179.98450872233613,-163.03503890373702,1.8951610013234808,No,General,Favoured,General,Favoured
3124,HXK3,A,PHE,747,-65.16102517898415,-39.58326286544996,-178.12934811910537,109.47884226791483,68.87,-175.64210112039783,71.81966656054593,,,,No,General,Favoured,General,Favoured
3125,HXK3,A,GLU,748,-61.162643879628,-35.67194078789059,-178.0179539994832,108.9332666030127,53.26,-179.96617196094732,179.77081365534374,84.54220417717208,,,No,General,Favoured,General,Favoured
3126,HXK3,A,LYS,749,-68.04737169817668,-29.722627944607382,-176.27385533919082,112.91455284250253,82.33,-68.54932226199423,166.98308724369812,179.89326399482763,179.9735737510315,,No,General,Favoured,General,Favoured
3127,HXK3,A,MET,750,-75.91718307495287,-41.544807174024356,176.26803791111556,113.47223468136657,88.33,-62.599124261900265,179.9301719930465,-172.38564516123418,,,No,General,Favoured,General,Favoured
3128,HXK3,A,SER,752,-162.0008308059342,-168.9627644344231,-172.3219013185176,111.55387392478224,71.36,65.34574224714365,,,,,No,General,Allowed,General,Allowed
3129,HXK3,A,MET,754,-66.03424681988804,-22.504387078802072,176.79986448819773,105.81831026794025,112.66,61.22025850470227,172.92713809093428,-87.67668243959996,,,No,General,Favoured,General,Favoured
3130,HXK3,A,TYR,755,-56.84094541226198,-37.698132164888726,-173.53009624036633,110.86696963823306,79.53,-55.57450382644064,-69.36509879126749,,,,No,General,Favoured,General,Favoured
3131,HXK3,A,LEU,756,-60.016611924752155,-47.9483586104163,-176.62850924308262,109.54015673032897,57.85,-61.989462899209954,-177.55121097273485,,,,No,General,Favoured,General,Favoured
3132,HXK3,A,GLU,758,-68.63597868891287,-40.00603424578214,177.71136761450447,109.53794078870249,102.6,-75.82623375911307,-72.11152148487527,-70.77996730703765,,,No,General,Favoured,General,Favoured
3133,HXK3,A,ARG,761,-62.38046213433611,-42.92864294165597,-175.04230125214423,109.59326083248739,100.73,-156.35099040853225,179.84412857270559,102.54412457374923,-86.16056793243587,-3.9034631207728268,No,General,Favoured,General,Favoured
3134,HXK3,A,HIS,762,-63.15575261847859,-41.36151405548309,-177.57220136008746,109.2314754504049,45.65,-75.51331214601797,91.97856164797496,,,,No,General,Favoured,General,Favoured
3135,HXK3,A,LEU,764,-60.857890836492075,-41.325246555872035,-176.93504148713694,109.08674936615596,49.23,-64.8036872570192,-175.59421068734514,,,,No,General,Favoured,General,Favoured
3136,HXK3,A,LEU,765,-61.4240435967419,-42.82375021762555,-178.2598398744342,107.89173993849423,42.15,-58.19317490132296,-179.97160814359745,,,,No,General,Favoured,General,Favoured
3137,HXK3,A,HIS,766,-63.90309922996344,-44.494851157320205,-176.17759970125897,110.05016550227552,34.8,-170.2709655471378,76.81572651588993,,,,No,General,Favoured,General,Favoured
3138,HXK3,A,LEU,767,-62.60361022270292,-40.489693941386555,-179.0244499117737,109.39617450084626,87.46,-75.76389008550274,-66.8905848027823,,,,No,General,Favoured,General,Favoured
3139,HXK3,A,THR,768,-63.96624574468145,-36.72779279242468,-177.85137432011174,110.72960366763378,122.59,55.64075976084078,,,,,No,General,Favoured,General,Favoured
3140,HXK3,A,SER,769,-64.00871847391333,-34.81870239662572,179.7004682038079,108.5941550075822,27.55,64.43126306487655,,,,,No,General,Favoured,General,Favoured
3141,HXK3,A,LEU,770,-70.21783282168357,-24.835153525744733,-178.75090858663515,111.65594022446167,67.91,-63.70574974706478,-179.6494203075132,,,,No,General,Favoured,General,Favoured
3142,HXK3,A,LEU,773,-144.70977673406858,155.6765286699955,-173.53707934305666,110.14141788015587,84.03,179.94040449318933,63.07053185690976,,,,No,General,Favoured,General,Favoured
3143,HXK3,A,PHE,774,54.815395564004795,30.513840653610313,172.49027029981292,111.91265269922015,97.08,-67.08396751579879,-64.41088076767451,,,,No,General,Favoured,General,Favoured
3144,HXK3,A,ARG,775,52.60425723017884,35.18768806981867,177.97526283140593,112.15898103625314,128.04,60.853393535725694,-179.9316973089213,67.22726707706664,148.50465837315681,-1.3027910390397976,No,General,Favoured,General,Favoured
3145,HXK3,A,GLN,777,-120.96936233702041,129.63419834099042,-179.32177122445285,108.18604902042946,39.19,-64.6737245157932,179.90766824923153,-18.547300015206716,,,No,General,Favoured,General,Favoured
3146,HXK3,A,GLN,778,-101.61902125894106,123.82513080853016,-175.65645390222176,109.92635057087105,83.22,-179.9577148695515,-179.83269126588507,-26.137049165861203,,,No,General,Favoured,General,Favoured
3147,HXK3,A,GLN,780,-60.10217591990061,-35.52937202054973,175.9475564391339,104.80409352315745,79.58,-67.77275701882502,-82.6032553172456,142.87407041176178,,,No,General,Favoured,General,Favoured
3148,HXK3,A,ARG,781,-62.559610901410544,-36.473012095673994,-178.77287911428002,109.85698376355758,113.06,179.52456894475694,63.35754181817614,-172.88228905821094,142.0026739298789,1.2659516869488052,No,General,Favoured,General,Favoured
3149,HXK3,A,LEU,782,-67.30392815291826,-28.99909576636635,179.9904777895573,108.83008767877548,64.28,-175.2022840902887,58.5007969133624,,,,No,General,Favoured,General,Favoured
3150,HXK3,A,GLN,783,-68.31546084670332,-27.581048732044916,178.6244864092391,110.30030437259559,93.96,-177.43858510020564,179.85868414904905,57.133162033140046,,,No,General,Favoured,General,Favoured
3151,HXK3,A,THR,784,-61.633954398314025,132.63102563850842,-176.20845201354143,110.394207688094,133.08,63.98156678838425,,,,,No,General,Favoured,General,Favoured
3152,HXK3,A,ARG,785,-82.30647008906782,152.44087968531645,179.66113762715125,108.89170616686857,91.47,-176.98068095841077,-173.50036570682846,-170.66149914863826,-171.1565473849914,5.1600238916924575,No,General,Favoured,General,Favoured
3153,HXK3,A,ASP,786,78.55188251194106,6.778336481658185,176.6376670509735,115.0229099748877,90.41,-67.99859411464182,-60.07271285278529,,,,No,General,Favoured,General,Favoured
3154,HXK3,A,PHE,788,-83.40350077170987,112.33923917528713,-179.626103100775,108.43719300359679,82.83,-79.1481084051109,-85.18828254759903,,,,No,General,Favoured,General,Favoured
3155,HXK3,A,LYS,789,-98.5458602164822,152.38875406197062,-177.35259518030824,108.31895671787453,182.54,166.33173238595876,81.65941299482917,-98.19193572589,79.13419418707959,,No,General,Favoured,General,Favoured
3156,HXK3,A,THR,790,-58.5581589919257,-37.429364091391065,-176.58504459100237,108.2553998597746,124.15,61.40426142959993,,,,,No,General,Favoured,General,Favoured
3157,HXK3,A,LYS,791,-57.67910167971593,-42.57480075316436,179.73113684524154,108.40911602882899,98.26,162.617198953387,72.66773164337421,173.24388566315366,178.66576884015726,,No,General,Favoured,General,Favoured
3158,HXK3,A,PHE,792,-69.39990980077083,-36.579972243090545,-179.06718491884297,111.56209539353313,83.96,-74.40461282408624,-63.92538791888857,,,,No,General,Favoured,General,Favoured
3159,HXK3,A,LEU,793,-62.00891114861991,-34.65910591964451,-179.02466198450756,109.2206119729302,180.86,171.42756672882368,48.25412630729135,,,,No,General,Favoured,General,Favoured
3160,HXK3,A,SER,794,-70.933986673791,-44.56180336902218,-178.7555733396405,111.63287222324517,53.78,-58.86926651976954,,,,,No,General,Favoured,General,Favoured
3161,HXK3,A,GLU,795,-68.12049879606934,-41.399077400147654,-177.74302885265706,109.65469693279468,47.87,-61.3002011531741,179.74927907814552,30.313898033541783,,,No,General,Favoured,General,Favoured
3162,HXK3,A,GLU,797,-68.00669769538493,-34.168710892829324,-174.69682574278616,112.37792166537513,99.31,-72.59781071416084,-154.50356398843624,20.759085434226204,,,No,General,Favoured,General,Favoured
3163,HXK3,A,SER,798,-68.23130523092698,-26.854106267645562,-176.94289668461266,111.25336006435056,94.85,-57.4085770726227,,,,,No,General,Favoured,General,Favoured
3164,HXK3,A,ASP,799,-64.97333297315124,147.2665007816475,-171.2396929425942,112.13609791612369,72.41,-163.58678835126807,3.9015254887546567,,,,No,General,Favoured,General,Favoured
3165,HXK3,A,SER,800,-109.67637379292484,-144.02352571011957,-172.81567718548408,114.01439907194323,139.93,-63.66217594809924,,,,,No,General,Allowed,General,Allowed
3166,HXK3,A,LEU,801,-48.97197663572603,-63.0892816388144,-162.33877498584016,115.76197339438369,145.5,-63.00894299718548,179.93006464533835,,,,No,General,Favoured,General,Favoured
3167,HXK3,A,ALA,802,-66.79885556935652,-31.26934600492491,-176.69292684286805,110.88861699063935,73.65,,,,,,No,General,Favoured,General,Favoured
3168,HXK3,A,LEU,803,67.89359389154394,28.938139486865698,-178.5989348017129,110.27147090763872,67.42,-63.576053806879045,-179.92949852257723,,,,No,General,Favoured,General,Favoured
3169,HXK3,A,ARG,804,-61.73598296902859,-40.945804817361775,179.2435943856404,109.01885721610962,102.62,-69.65624531246739,167.52485123246333,36.59010559812502,-169.78293024361486,-2.4138015845525147,No,General,Favoured,General,Favoured
3170,HXK3,A,GLN,805,-64.09713609922399,-39.864126759704405,-176.47628131272688,110.28490590472076,117.18,-69.02473274141832,-63.82356116067522,-33.573234326914026,,,No,General,Favoured,General,Favoured
3171,HXK3,A,ARG,807,-61.53210312044362,-42.21511132229151,-178.45980709949615,108.24997542888761,80.72,-58.907270412556386,-179.9719043105617,-176.5385124959385,-149.1943429595736,8.562105935985537,No,General,Favoured,General,Favoured
3172,HXK3,A,ALA,808,-60.72691414382091,-45.61625091906213,-174.27934176887652,109.70149234833643,31.33,,,,,,No,General,Favoured,General,Favoured
3173,HXK3,A,LEU,810,-62.23504591662531,-39.29239619874375,178.60105965512636,110.07009326031141,106.08,-81.27260569983129,58.787986878445906,,,,No,General,Favoured,General,Favoured
3174,HXK3,A,GLU,811,-69.50512215943608,-36.848096735082784,178.97989305700852,110.16944332419268,94.65,56.73225719481694,-179.75261004401798,64.56365187964295,,,No,General,Favoured,General,Favoured
3175,HXK3,A,ASP,812,-60.67675123763626,-40.467799723607385,-178.2728285800512,107.99987064442756,38.98,-179.85851209309763,-73.42853194535888,,,,No,General,Favoured,General,Favoured
3176,HXK3,A,LEU,813,-68.58807493700425,-22.272522535474376,-179.62383553655096,110.41823049238018,84.22,-63.497470815035825,178.75938158270893,,,,No,General,Favoured,General,Favoured
3177,HXK3,A,LEU,817,-83.0766722209041,-13.139943372993553,-175.33467978031857,118.57098790232838,217.84,65.48299115400877,-58.72129722610057,,,,No,General,Favoured,General,Favoured
3178,HXK3,A,THR,818,-36.96153273081049,142.76115692855544,-170.70213066517374,113.13040610742745,146.73,-59.16470582146284,,,,,No,General,Allowed,General,Allowed
3179,HXK3,A,SER,819,-58.52358809355884,-44.03204390649845,-178.74321088869354,107.7421800314793,78.82,179.91878136805568,,,,,No,General,Favoured,General,Favoured
3180,HXK3,A,ASP,820,-60.09442962350848,-39.85869294359458,-177.55937336399907,108.19882613920333,41.96,-70.01054266760352,-7.341952443141093,,,,No,General,Favoured,General,Favoured
3181,HXK3,A,ASP,821,-63.99138903692403,-38.425848923903764,-177.64512318745585,110.51924892542554,47.93,-68.05736568803466,-25.300379338113245,,,,No,General,Favoured,General,Favoured
3182,HXK3,A,ALA,822,-61.68159718143947,-41.62773645554524,-174.94690538666737,110.7005357506088,37.99,,,,,,No,General,Favoured,General,Favoured
3183,HXK3,A,LEU,823,-61.380797289516245,-46.42451386950912,-176.13179797814846,109.31938829101198,126.14,179.82911871893032,62.66064308418063,,,,No,General,Favoured,General,Favoured
3184,HXK3,A,MET,824,-62.123132814275564,-46.206230194724405,-176.73099846288432,109.7735650206667,110.9,179.9885591153967,179.85206224093056,176.09293425095368,,,No,General,Favoured,General,Favoured
3185,HXK3,A,LEU,826,-61.86029444324224,-38.80392229617413,-179.27166237890094,107.89908521780404,131.47,174.07630541491758,60.13963471948124,,,,No,General,Favoured,General,Favoured
3186,HXK3,A,GLU,827,-62.149186902050076,-48.92097418100043,-178.77908304826897,109.81351220181242,78.84,177.94196596330042,81.05009378455044,-74.62270318425868,,,No,General,Favoured,General,Favoured
3187,HXK3,A,CYS,829,-64.14967432450344,-42.451850977473306,-178.41020319369036,109.8358355436854,43.08,-72.533921183109,,,,,No,General,Favoured,General,Favoured
3188,HXK3,A,GLN,830,-61.54960012391847,-44.851906375586914,-175.7302745225034,108.9141983218151,38.05,-60.50963013740356,176.5812488733986,5.117072876132094,,,No,General,Favoured,General,Favoured
3189,HXK3,A,ALA,831,-63.18984431646723,-45.947753872639574,-177.38288030276632,110.05225433018326,35.59,,,,,,No,General,Favoured,General,Favoured
3190,HXK3,A,SER,833,-68.34224828596055,-29.660628806816195,-176.07688174363946,109.92231364245085,77.43,-179.85734959761018,,,,,No,General,Favoured,General,Favoured
3191,HXK3,A,GLN,834,-68.25960485444287,-44.09037650236384,179.99737254308485,109.79845971131076,44.14,-177.84847439493288,-179.96087390471894,-175.80350471056565,,,No,General,Favoured,General,Favoured
3192,HXK3,A,ARG,835,-60.152425038519475,-42.59360337928699,-177.47217163358346,107.76593052109199,139.21,-178.83204903408856,-140.03367064967938,-60.25236617191042,162.55800357634527,-2.4414021339144676,No,General,Favoured,General,Favoured
3193,HXK3,A,ALA,836,-61.09976372324359,-42.536808147055474,-176.89717069489004,109.36606565083326,35.28,,,,,,No,General,Favoured,General,Favoured
3194,HXK3,A,ALA,837,-67.2522030411732,-43.261062331216664,-179.356055699067,110.57266768383333,36.82,,,,,,No,General,Favoured,General,Favoured
3195,HXK3,A,GLN,838,-65.64620129978192,-41.984817230294965,-177.6329349168769,109.87268017736804,40.59,-66.93404930182508,179.96494148188873,-41.52119418702544,,,No,General,Favoured,General,Favoured
3196,HXK3,A,LEU,839,-62.19758905835781,-42.21686088615896,-178.75691198194406,108.07337426118184,55.14,-66.85943587125688,179.96170370274808,,,,No,General,Favoured,General,Favoured
3197,HXK3,A,CYS,840,-63.126207705474364,-37.618585805882326,-179.70835623813204,108.24940781498495,37.12,-179.9540501027793,,,,,No,General,Favoured,General,Favoured
3198,HXK3,A,ALA,842,-61.42118643265909,-42.938651583549024,-175.7097438804131,109.7863375141286,36.23,,,,,,No,General,Favoured,General,Favoured
3199,HXK3,A,ALA,845,-66.5974608098905,-41.71988076829676,178.63879227262092,110.18380026124261,39.43,,,,,,No,General,Favoured,General,Favoured
3200,HXK3,A,ALA,846,-61.77418295611715,-43.24808341528755,-177.94018947643482,108.93873220337964,38.29,,,,,,No,General,Favoured,General,Favoured
3201,HXK3,A,GLU,849,-72.93778605673552,-41.029835056895216,178.78474642823954,110.49539988992176,57.11,-67.97960106075791,175.42921934563827,43.68139253631444,,,No,General,Favoured,General,Favoured
3202,HXK3,A,LYS,850,-61.287875002789384,-34.62062631812446,-175.0514270088248,106.92656786263157,121.98,-150.96409747773853,-59.19826385676848,-179.98527116078506,179.67544091366747,,No,General,Favoured,General,Favoured
3203,HXK3,A,ARG,852,-68.22276189603706,-41.965422731369344,-174.75318003825214,112.69809498239968,110.89,-165.00758607985208,-178.44407795263342,76.85946288974475,-137.48953735144056,2.511715288506677,No,General,Favoured,General,Favoured
3204,HXK3,A,GLU,853,-61.638762851462765,-36.41875643843513,-175.41038895109483,108.58213412756447,77.65,-170.97539927598584,177.93293057908684,1.5408138430831757,,,No,General,Favoured,General,Favoured
3205,HXK3,A,ASN,854,-59.59318277290057,-47.47027931742267,-177.68877017653313,109.13071368609225,57.86,-66.658297500808,-41.457841965486,,,,No,General,Favoured,General,Favoured
3206,HXK3,A,ARG,855,-73.48758278870771,-35.027104319322994,-179.08211865807047,112.7578616120821,128.95,-71.70226422605062,179.98749657069047,162.8832105129278,92.60897067915785,1.2302362831403455,No,General,Favoured,General,Favoured
3207,HXK3,A,LEU,857,-83.7462382069095,152.89198598952143,-179.0549845197397,111.30597853196375,126.07,-71.57687819707441,53.141277603081946,,,,No,General,Favoured,General,Favoured
3208,HXK3,A,GLU,858,-86.02670595677924,-59.55922228076285,175.75302610128995,115.6006103366969,120.92,-174.98818627469709,178.68704310713647,-5.583681665684162,,,No,General,Favoured,General,Favoured
3209,HXK3,A,GLU,859,-118.81276634157281,126.11337886859515,-172.92136330530158,108.54773688811864,54.46,-69.1420883066048,-179.95561198801929,0.8464929738780452,,,No,General,Favoured,General,Favoured
3210,HXK3,A,LEU,860,-129.31567540689605,137.13857640072612,-174.15962324689087,111.46750743076066,115.52,-66.99229032443546,-73.64003212589759,,,,No,General,Favoured,General,Favoured
3211,HXK3,A,ALA,861,-99.19842706247837,115.41092856420626,172.78328806531354,104.11495179671962,41.82,,,,,,No,General,Favoured,General,Favoured
3212,HXK3,A,SER,863,-130.19618949368615,144.94491781643973,-179.83428686141514,108.52135297506686,83.08,54.61773461836628,,,,,No,General,Favoured,General,Favoured
3213,HXK3,A,ASP,867,-132.51106955402244,-179.64218365634693,177.6415956284619,106.04388420504566,70.09,-164.4043815215075,2.8049667262683062,,,,No,General,Favoured,General,Favoured
3214,HXK3,A,THR,869,-67.21019828685148,-42.8095344366096,-174.78565567781823,113.3958940798678,43.11,60.99973283035404,,,,,No,General,Favoured,General,Favoured
3215,HXK3,A,LEU,870,-61.68230016363149,-45.0264654652361,-175.93565475579058,109.30689013696733,51.11,179.94764271955688,62.296606341193275,,,,No,General,Favoured,General,Favoured
3216,HXK3,A,TYR,871,-63.301559993362496,-47.68363687314993,-174.9089182184135,109.93829316440993,132.63,-169.7608107229489,-79.72105272470802,,,,No,General,Favoured,General,Favoured
3217,HXK3,A,LYS,872,-66.34287866962774,-50.98213720592516,-177.27850151253358,110.78261815690598,72.25,-61.00436468510516,165.92395300409618,-167.29720398607387,164.64826428535432,,No,General,Favoured,General,Favoured
3218,HXK3,A,LEU,873,-72.46858485184259,-32.331954954227356,-173.6084042200422,115.12733271759002,115.77,-68.99200758999275,57.61704539549839,,,,No,General,Favoured,General,Favoured
3219,HXK3,A,ARG,876,-83.32874096934647,-24.955794837971688,-176.32888344479485,116.29986462977412,112.94,-64.01842598727457,-168.4560676598111,-170.71743781984867,-178.65974808307058,3.5936245732726064,No,General,Favoured,General,Favoured
3220,HXK3,A,PHE,877,-56.17069262352185,-49.616102095688014,-163.909280199305,113.39918175874405,123.17,-168.47571433179039,-84.71490356169983,,,,No,General,Favoured,General,Favoured
3221,HXK3,A,SER,878,-59.738375343938735,-53.95380800075496,-176.3016981474127,110.59868960850027,82.12,179.86494503405572,,,,,No,General,Favoured,General,Favoured
3222,HXK3,A,SER,879,-59.893168780094335,-41.61577262786558,-173.73599843227032,110.58391574537875,72.37,-65.57881271143988,,,,,No,General,Favoured,General,Favoured
3223,HXK3,A,LEU,880,-62.59326194555711,-44.10722752459921,-176.13921046354176,108.74171013513228,90.92,-171.444112011225,179.64458803266137,,,,No,General,Favoured,General,Favoured
3224,HXK3,A,ALA,882,-60.80605790034166,-43.714508764712164,-178.2637798261401,107.87604980658426,25.02,,,,,,No,General,Favoured,General,Favoured
3225,HXK3,A,ALA,883,-63.19922365262525,-40.44327226410624,-179.6465062153325,108.56411072372215,20.94,,,,,,No,General,Favoured,General,Favoured
3226,HXK3,A,THR,884,-62.74234799463481,-42.47911798334366,-177.0788805476094,109.72026127561014,31.83,-59.060694000070605,,,,,No,General,Favoured,General,Favoured
3227,HXK3,A,ARG,886,-62.599892334674735,-41.56079795034218,-177.11956592364734,109.23963814871477,93.94,-64.52299537174405,-172.19771560158875,-59.04585921921447,172.56423128195416,0.9224289739980135,No,General,Favoured,General,Favoured
3228,HXK3,A,GLU,887,-69.01063352261824,-45.21154701387688,-174.68954660066922,112.31712906476389,84.74,-164.3217522120787,167.54909652697276,-0.5191456045689371,,,No,General,Favoured,General,Favoured
3229,HXK3,A,LEU,888,-73.90200759476215,-28.514233278199747,-175.93897961339866,114.19077494789646,97.95,-61.13191309490145,-176.93321939989062,,,,No,General,Favoured,General,Favoured
3230,HXK3,A,ARG,891,-68.14221784830666,-32.74748471459087,-176.93374150802686,110.75678320573674,156.48,-78.63006986424591,65.10272516768117,81.98941556447738,85.42177409769194,-2.085559144764808,No,General,Favoured,General,Favoured
3231,HXK3,A,CYS,892,-93.27043191411805,145.94363590024082,-174.75607171464165,110.81577885655427,56.15,-61.86109885764966,,,,,No,General,Favoured,General,Favoured
3232,HXK3,A,THR,895,-112.3229392152004,144.7386497361374,176.7901633098702,106.07028777538746,38.18,-59.76964370615587,,,,,No,General,Favoured,General,Favoured
3233,HXK3,A,PHE,896,-117.05997360565085,120.26241980063784,178.26493586237882,107.91272947540695,57.62,-72.375697689298,77.71034048774837,,,,No,General,Favoured,General,Favoured
3234,HXK3,A,LEU,897,-111.12555734661144,132.17211398512285,178.42955634243097,107.82384834850812,42.98,178.01149577128425,64.7874142870005,,,,No,General,Favoured,General,Favoured
3235,HXK3,A,GLN,898,-73.25785617828453,150.4392433722939,-179.91341518020948,107.64325156889088,53.65,-179.59119841731413,170.30366188028978,-63.380703068456725,,,No,General,Favoured,General,Favoured
3236,HXK3,A,SER,899,-125.81883123758006,-70.68245300930035,-173.95373213849874,110.40292706313312,120.34,-63.565345380288576,,,,,No,General,Allowed,General,Allowed
3237,HXK3,A,GLU,900,57.271750456724575,-161.5378290978418,177.15165955512765,111.41594142841147,195.59,64.45964649920174,179.99771960678743,-1.0877435797223847,,,No,General,Allowed,General,Allowed
3238,HXK3,A,ASP,901,63.88475972519944,11.201450545395936,178.5438048288464,108.83073622918491,86.43,-72.18362328639233,-10.870723405764942,,,,No,General,Favoured,General,Favoured
3239,HXK3,A,SER,903,76.38434235757322,-109.58280877036935,6.363307502605497,103.70698571269017,234.56,-63.62868337668371,,,,,No,General,Disallowed,General,Disallowed
3240,HXK3,A,LYS,905,-69.23830854572985,-38.94095795453328,178.97786129291933,111.0710234528059,80.79,179.96395517450011,167.71297188081965,77.50793975015213,179.98876276160047,,No,General,Favoured,General,Favoured
3241,HXK3,A,ALA,907,-59.26518829585158,-41.17254255241047,-178.50357652888624,109.81977800102118,42.96,,,,,,No,General,Favoured,General,Favoured
3242,HXK3,A,ALA,908,-70.74286509732022,-37.13163820464439,177.7318311832576,111.1751245933169,52.0,,,,,,No,General,Favoured,General,Favoured
3243,HXK3,A,LEU,909,-69.04891583299474,-33.542374010649944,-176.41906667540718,111.57229149169177,78.06,-64.30834616738987,-176.3218832031447,,,,No,General,Favoured,General,Favoured
3244,HXK3,A,THR,911,-67.06619854508803,-40.09164991600329,179.76964430190137,110.37855178301993,39.24,-58.8097962245391,,,,,No,General,Favoured,General,Favoured
3245,HXK3,A,ALA,912,-60.36061274885206,-41.306487055721114,-178.42517936075657,108.12931067384677,40.84,,,,,,No,General,Favoured,General,Favoured
3246,HXK3,A,ALA,914,-69.263936032481,-40.981879395406175,177.55179472929322,109.91898762026908,48.27,,,,,,No,General,Favoured,General,Favoured
3247,HXK3,A,CYS,915,-65.02333888803422,-13.081174909457859,-178.3172662388274,107.92386130780775,58.83,-66.38741781624888,,,,,No,General,Favoured,General,Favoured
3248,HXK3,A,ARG,916,-53.180340218174905,-55.1513566207244,-177.67639025312,110.49011319303791,145.66,161.4453233377924,65.22810497056177,94.13865864340742,-103.62611968365287,-3.9959983609203835,No,General,Favoured,General,Favoured
3249,HXK3,A,LEU,917,-170.51524667123545,151.45233374147543,-179.584305275391,109.04115080787454,167.72,179.99575822158118,64.06965227549229,,,,No,General,Favoured,General,Favoured
3250,HXK3,A,ALA,918,-71.66992204198795,148.93983453555413,175.25172957451446,104.68341399001535,216.32,,,,,,No,General,Favoured,General,Favoured
3251,HXK3,A,GLN,919,-117.75716288379896,157.52788287603892,-178.41281860033212,108.64192441385913,238.52,-66.24023475197842,-174.87382579423297,2.1318486430263346,,,No,General,Favoured,General,Favoured
3252,HXK3,A,LEU,920,-86.70588642935363,132.1941445459412,178.39573333735413,105.20685427927641,264.36,-174.27713483837528,179.96242452748592,,,,No,General,Favoured,General,Favoured
3253,HXK3,A,THR,921,-127.70824274582404,156.5946577512955,179.34589232002523,106.54536215196634,214.76,-58.9570659889484,,,,,No,General,Favoured,General,Favoured
3254,HXK3,A,ARG,922,-101.37567528248242,121.50050425218011,179.220049274716,106.35247310117833,207.55,-179.9073834890519,167.8442655545872,174.41051341260746,-100.01753878752253,-0.0876951924158725,No,General,Favoured,General,Favoured
3255,HXK3,A,ASP,2,179.9830322374333,-179.9782636693331,-179.99194773640565,105.6230153201699,0.0,179.95768465384094,179.962955774327,,,,No,General,Allowed,General,Allowed
3256,HXK3,A,SER,3,179.9584398068294,-179.9726987418182,179.9816868012419,105.81755926783642,0.0,179.9690912557993,,,,,No,General,Allowed,General,Allowed
3257,HXK3,A,SER,6,179.9630056986433,-179.99463328925805,-179.97260083147728,105.83600694490312,0.0,-179.97341404912834,,,,,No,General,Allowed,General,Allowed
3258,HXK3,A,SER,7,179.9893863550873,-179.9942731031747,-179.96740039823516,105.81221126600997,0.0,-179.9654840169095,,,,,No,General,Allowed,General,Allowed
3259,HXK3,A,LEU,9,179.9892045042614,179.98901606334275,-179.9793275425183,106.02061100650023,0.0,179.99295950550058,-179.98731733380265,,,,No,General,Disallowed,General,Disallowed
3260,HXK3,A,ARG,10,179.98044665486006,179.9797116251502,-179.97129533143803,109.86973702270146,0.0,-179.99567562950634,-179.99039169961515,179.98153923159094,-179.9914742011239,-179.92322007260316,No,General,Disallowed,General,Disallowed
3261,HXK3,A,GLN,11,179.97869915831367,179.9516915537511,-179.9589858426705,106.55380973502497,0.0,-179.9788416112167,-179.98414746123592,179.975418354651,,,No,General,Disallowed,General,Disallowed
3262,HXK3,A,GLU,13,179.9837433063455,179.96578895350996,-179.9867808230233,107.26314834126221,0.0,-179.96929076476715,179.9800960412777,179.95326144777954,,,No,General,Disallowed,General,Disallowed
3263,HXK3,A,GLU,14,-179.9671664116778,-179.95028945995364,179.9574387671652,107.275091191773,0.0,-179.99579475622787,179.9866063133355,-179.98731534154143,,,No,General,Allowed,General,Allowed
3264,HXK3,A,THR,15,179.9797214652915,-179.96465469970875,179.9998133528749,106.10048241750992,0.0,-179.984885618643,,,,,No,General,Allowed,General,Allowed
3265,HXK3,A,LEU,16,179.95837420681923,179.98896737362332,-179.9929250813977,106.06461546169832,0.0,-179.9619606984632,179.99423466662773,,,,No,General,Disallowed,General,Disallowed
3266,HXK3,A,SER,17,-179.99450093535444,-179.98991881904038,179.98618774935673,105.80351838436813,0.0,179.99646069347014,,,,,No,General,Allowed,General,Allowed
3267,HXK3,A,CYS,18,179.98029191283226,-179.9899969135838,179.9861369070613,105.87252061601953,0.0,179.95379222469404,,,,,No,General,Allowed,General,Allowed
3268,HXK3,A,SER,19,179.97046872821088,-179.99992150244904,-179.9874896947469,105.84557688793265,0.0,-179.98913253719448,,,,,No,General,Allowed,General,Allowed
3269,HXK3,A,GLU,20,179.99849952107385,179.9659919906758,-179.94293883656107,107.27315826307725,0.0,-179.96797089617093,179.99185123041715,179.97574195637569,,,No,General,Disallowed,General,Disallowed
3270,HXK3,A,GLU,21,179.99820390308207,-179.99363535893133,179.97928180956984,107.2595054953385,0.0,179.98358116358193,179.98429990951036,-179.97557301729623,,,No,General,Allowed,General,Allowed
3271,HXK3,A,SER,27,179.9427391815883,179.94341615204988,-179.95587248087136,105.81598829775999,0.0,-179.98633878538843,,,,,No,General,Disallowed,General,Disallowed
3272,HXK3,A,ASP,28,-179.97239879181296,-21.795170551716808,-179.99135764503185,110.55395116273841,70.47,-171.0799877355933,74.18868643780553,,,,No,General,Disallowed,General,Disallowed
3273,HXK3,A,SER,29,-78.76127856927468,-18.397717713694234,169.324520766286,110.68918912384044,63.31,179.99873633883817,,,,,No,General,Favoured,General,Favoured
3274,HXK3,A,SER,30,-59.39215270571382,-53.93301687985406,169.83507507227387,110.71302544062453,57.83,-179.9916480196876,,,,,No,General,Favoured,General,Favoured
3275,HXK3,A,GLU,31,-60.88207359065238,-37.351949714164036,-179.31521529115562,111.7979956367538,56.05,-66.85885186178427,172.68762899708994,-28.976790747577695,,,No,General,Favoured,General,Favoured
3276,HXK3,A,LEU,32,-60.40151440032791,-45.09975167261804,176.61511572223816,111.108126841636,54.47,-72.0069676942391,179.99870206501507,,,,No,General,Favoured,General,Favoured
3277,HXK3,A,GLN,34,-53.59475869269909,-50.388476197624215,179.43237261461712,111.49672132608393,49.9,-82.54932291961171,-179.99253049225882,-179.97542903872116,,,No,General,Favoured,General,Favoured
3278,HXK3,A,GLU,35,-66.52872741937448,-32.53407274709471,-178.06656637125428,110.43509835854813,50.33,175.48463732534927,44.56464715155974,44.577501091382715,,,No,General,Favoured,General,Favoured
3279,HXK3,A,CYS,36,-71.0885567614459,-42.60848501116266,-179.20749036066917,111.65469104094842,49.0,-179.99681356042535,,,,,No,General,Favoured,General,Favoured
3280,HXK3,A,LEU,37,-93.49434215321759,12.612764945917041,-177.97176919744555,113.27328129089857,43.1,-72.88299681841374,-165.58633433327918,,,,No,General,Favoured,General,Favoured
3281,HXK3,A,GLN,38,-43.99790665876626,-40.11459669827336,-175.5687350095597,114.18980909585714,41.98,167.8220902265107,179.9761285881376,179.95420808803974,,,No,General,Favoured,General,Favoured
3282,HXK3,A,GLN,39,-71.2933442362612,-8.515547298973138,179.2727786624104,113.41039949487951,40.93,-75.13369730709044,179.9989795087464,179.97655150381354,,,No,General,Favoured,General,Favoured
3283,HXK3,A,PHE,40,-97.8017090755933,4.027930562898391,175.78989523693912,113.83009848972418,35.15,-72.28674776535357,90.0095814187291,,,,No,General,Favoured,General,Favoured
3284,HXK3,A,LYS,41,-109.59064997500452,107.89760414388195,175.49586396583436,107.9683498803327,30.48,-52.19165873685233,166.6828153494344,-179.99350827234488,-179.99388661607432,,No,General,Favoured,General,Favoured
3285,HXK3,A,THR,43,-67.7666146350599,150.85691917124737,176.7539169349354,110.69251151425351,21.53,-179.99401479784618,,,,,No,General,Favoured,General,Favoured
3286,HXK3,A,ARG,44,-49.67674705841164,-34.69557630374968,173.6480386631734,111.13240466201174,22.59,-76.31023166115068,179.98438654838986,179.98938835109328,179.9895768585964,179.97001306253452,No,General,Favoured,General,Favoured
3287,HXK3,A,ALA,45,-58.379999831688465,-56.07794885337659,177.61224734370833,110.17978815194598,25.69,,,,,,No,General,Favoured,General,Favoured
3288,HXK3,A,GLN,46,-54.045697260523866,-40.72964275525655,178.09399872845347,110.83453783047291,27.09,-179.98538856339727,-179.97074795950613,-179.98359802957026,,,No,General,Favoured,General,Favoured
3289,HXK3,A,LEU,47,-66.44228144154266,-39.05897591817839,-176.82453332934188,111.62224098104345,23.76,-63.42901781917952,-175.05563897970225,,,,No,General,Favoured,General,Favoured
3290,HXK3,A,GLN,48,-70.78380724651707,-35.2551590445609,177.71947845654051,110.87230420880829,23.45,-64.1389715397792,179.97956604893548,179.9847328030161,,,No,General,Favoured,General,Favoured
3291,HXK3,A,GLN,49,-61.2966985381135,-48.67384436575924,172.64772540587396,110.96272779242798,25.19,170.0496280586875,155.26030806418143,-173.74013135501474,,,No,General,Favoured,General,Favoured
3292,HXK3,A,GLN,51,-61.31305943770782,-44.68100917389612,178.63256556852187,111.39232014656302,26.16,-179.99327962921006,179.9891030842882,179.980166834902,,,No,General,Favoured,General,Favoured
3293,HXK3,A,ALA,52,-61.366794184401606,-38.28659324713188,176.1450111182606,111.1052891088005,27.22,,,,,,No,General,Favoured,General,Favoured
3294,HXK3,A,SER,53,-62.005789230579,-44.479902221369116,178.4785777026243,110.34653107593256,22.58,-179.99110563088848,,,,,No,General,Favoured,General,Favoured
3295,HXK3,A,LEU,54,-62.391902130429756,-37.28619151756937,-179.66458739988337,110.10418577326078,22.99,-167.94201662555113,71.38673060825462,,,,No,General,Favoured,General,Favoured
3296,HXK3,A,LEU,55,-56.14882544038432,-41.377726299733816,175.9768221579441,111.38995672668653,26.4,168.72111745245647,179.9983893192415,,,,No,General,Favoured,General,Favoured
3297,HXK3,A,SER,57,-62.73500753249786,-43.28942469751662,-179.35760416744205,110.92807851605068,29.97,-179.99967365162618,,,,,No,General,Favoured,General,Favoured
3298,HXK3,A,MET,58,-54.75575706728038,-41.457104084453675,173.85728700633254,111.79075107956419,25.46,-78.76082566530076,-177.410118679244,-81.54826681075308,,,No,General,Favoured,General,Favoured
3299,HXK3,A,GLU,59,-71.69736394476479,-32.94896661122783,179.09556260483038,111.19669880064565,29.35,-64.17656412062087,174.0958222796844,-1.6796441072756432,,,No,General,Favoured,General,Favoured
3300,HXK3,A,GLN,60,-64.37453136695518,-46.26129351863877,-179.99922353123338,111.63016274698968,26.83,-70.75974126796976,-173.95167004660462,179.96451671785226,,,No,General,Favoured,General,Favoured
3301,HXK3,A,ALA,61,-69.13872634573491,-30.29933422559522,-178.70726946715502,113.52683645387225,20.32,,,,,,No,General,Favoured,General,Favoured
3302,HXK3,A,LEU,62,-75.98051427354982,-34.98007098474,178.83602761375042,111.8005163347555,22.13,-76.32233719750846,172.25726065187652,,,,No,General,Favoured,General,Favoured
3303,HXK3,A,ARG,63,-75.08487029844916,150.88292839633252,-175.57203637442845,113.1644548611225,27.65,179.98604077903127,-179.9734515882981,-179.9905235447448,179.97381457993606,179.9817857099363,No,General,Favoured,General,Favoured
3304,HXK3,A,GLN,65,-67.45991221911252,-32.66057691172851,-177.92070669654063,111.639422308258,30.91,179.9868311594296,179.98407695911652,-179.988375391943,,,No,General,Favoured,General,Favoured
3305,HXK3,A,ALA,66,-90.61137706132982,-12.488992146965757,-176.7045551243338,113.85454530483285,25.07,,,,,,No,General,Favoured,General,Favoured
3306,HXK3,A,ALA,71,-80.23303635736053,-25.842993571789528,-179.25634801942292,113.3696645876401,26.46,,,,,,No,General,Favoured,General,Favoured
3307,HXK3,A,ARG,73,-72.71495040388477,-30.613688598172104,-163.92417399354855,111.68379658347423,28.55,-80.78564996093763,162.7617013454444,179.97967893782035,179.94831424796936,-179.97643885821398,No,General,Favoured,General,Favoured
3308,HXK3,A,MET,74,54.283554629035876,55.81274696302673,176.79085092256943,111.16129970477247,27.11,-55.8044685003905,-66.90959807907964,-74.56162364681077,,,No,General,Favoured,General,Favoured
3309,HXK3,A,THR,77,-94.27167334179435,-13.256360694144693,177.96423047759515,113.81059151782497,21.42,73.29398563018628,,,,,No,General,Favoured,General,Favoured
3310,HXK3,A,TYR,78,67.67581237960835,2.314191619441507,-175.9899839838013,113.56360262060949,23.57,-58.709910797732626,-79.13796924442416,,,,No,General,Favoured,General,Favoured
3311,HXK3,A,SER,81,-157.23423137927028,151.12914303136887,-175.3034576520756,109.95356995598853,17.2,162.95774771486597,,,,,No,General,Favoured,General,Favoured
3312,HXK3,A,HIS,84,-101.86640025931855,0.7819679149939853,170.20003084437747,114.41256469844195,25.8,81.86613688235252,89.97778002693627,,,,No,General,Favoured,General,Favoured
3313,HXK3,A,THR,86,-95.12735738056004,5.361238275687355,178.00334404388724,113.18047172874954,28.06,63.93316992233282,,,,,No,General,Favoured,General,Favoured
3314,HXK3,A,GLU,87,-53.95405561835968,142.5178681837074,174.7638727856914,110.91334831968,26.74,-73.22203965443838,80.32400702906095,7.232020495632964,,,No,General,Favoured,General,Favoured
3315,HXK3,A,GLN,88,-153.8227172968599,148.62726126001124,176.4027176310528,110.76990435714198,29.93,64.7252935434026,-179.99202167711783,-179.9867894004971,,,No,General,Favoured,General,Favoured
3316,HXK3,A,ASP,90,-114.93892024177778,134.36147389370333,172.74078123353178,108.55571528209927,23.77,-62.27866842548583,179.99319593268416,,,,No,General,Favoured,General,Favoured
3317,HXK3,A,PHE,91,-139.25223397269525,147.70410057952205,-173.57246201937474,111.08860898947945,31.08,-46.406219034419436,76.49777960402793,,,,No,General,Favoured,General,Favoured
3318,HXK3,A,LEU,94,-127.32775140292354,137.90774922159437,168.3752175618998,108.73801643322425,44.6,-38.91490327706,163.03034170949675,,,,No,General,Favoured,General,Favoured
3319,HXK3,A,GLU,95,-119.20394382873111,117.37783830934607,172.33278255144447,106.77986679935132,59.4,42.40772644940059,-179.992654363854,179.9804238271362,,,No,General,Favoured,General,Favoured
3320,HXK3,A,LEU,96,-111.86496136750185,108.72290539884162,-172.6438926785354,108.22493453451028,70.17,-147.8054788190329,-179.48625274953275,,,,No,General,Favoured,General,Favoured
3321,HXK3,A,ALA,98,-179.99919079585595,179.98643217620094,-179.9966336855243,114.45816281704873,0.0,,,,,,No,General,Allowed,General,Allowed
3322,HXK3,A,ALA,101,65.6450401212119,-14.813791316190242,178.61689099283487,111.68184970562223,85.59,,,,,,No,General,Allowed,General,Allowed
3323,HXK3,A,SER,102,-156.86958353184542,152.65495363973676,165.02408683494744,108.13119615385274,74.56,-179.9817398968503,,,,,No,General,Favoured,General,Favoured
3324,HXK3,A,LEU,103,-154.52012442124297,153.29528350854923,177.44493623694083,107.78716191009529,60.76,67.97542665136065,88.51232797435522,,,,No,General,Favoured,General,Favoured
3325,HXK3,A,ARG,104,-109.40148473117378,152.0946141872253,177.8009241603399,109.23438690805956,57.97,-86.66091750179801,166.04080246795766,-64.71719166337303,-78.99045354290757,-1.1263958691385503,No,General,Favoured,General,Favoured
3326,HXK3,A,LEU,106,-117.01550339076985,149.099331129472,-171.49397367821112,109.80745914290556,38.53,-47.26111607861736,96.46400461799105,,,,No,General,Favoured,General,Favoured
3327,HXK3,A,TRP,107,-118.82872729811702,126.94644023271226,168.42452832642095,106.99398939580546,41.8,170.7800985835743,80.76809496367818,,,,No,General,Favoured,General,Favoured
3328,HXK3,A,THR,109,-107.48478697474016,119.72019319096474,179.6645876341465,108.28922779745093,35.18,179.99452462602477,,,,,No,General,Favoured,General,Favoured
3329,HXK3,A,LEU,110,-118.95114904150306,124.19254135019229,-173.92367669075395,108.7427538688653,29.0,179.9773621609515,179.97207795814003,,,,No,General,Favoured,General,Favoured
3330,HXK3,A,THR,111,-119.60716972672618,137.65414425237424,-175.1665481237242,109.98832892093998,28.97,-45.763439102240675,,,,,No,General,Favoured,General,Favoured
3331,HXK3,A,GLU,114,99.22581464599638,-15.375204786141138,-177.3565861850503,113.96039312487412,29.09,179.97769099223538,-179.9904196019881,-179.96801054571034,,,No,General,Allowed,General,Allowed
3332,HXK3,A,HIS,116,45.464074004303235,50.70908765081971,-173.23005287756706,111.58008271750812,32.78,-74.21429431655422,90.03265716579159,,,,No,General,Favoured,General,Favoured
3333,HXK3,A,ARG,117,-111.92285192179254,107.92154713089602,-178.1623971003525,108.48726300046135,32.42,-168.3502104678883,-166.8696902283872,179.97816924923615,179.97838565333046,-179.948507633236,No,General,Favoured,General,Favoured
3334,HXK3,A,ARG,121,-140.32357080118678,148.887313520961,154.97447577498454,106.51700794632286,46.3,-36.09009406207345,-158.89172619369856,179.99020426800487,179.98055586435683,-179.9985437853381,No,General,Favoured,General,Favoured
3335,HXK3,A,SER,122,-144.1572131462939,165.41034728538628,176.8274693302674,110.65528257171165,46.66,179.98382065968704,,,,,No,General,Favoured,General,Favoured
3336,HXK3,A,GLN,123,-151.276262389146,142.83024246699404,178.5100471902417,110.21245287835177,53.0,-172.42201664672623,29.614604004809014,72.60911130469472,,,No,General,Favoured,General,Favoured
3337,HXK3,A,GLU,124,-105.55725874457863,132.01304776775814,-171.7587773283815,107.96891899991472,59.0,-179.9950839755512,-179.9895567428542,179.99171779841487,,,No,General,Favoured,General,Favoured
3338,HXK3,A,PHE,125,-129.11603995476844,155.67586631500745,175.52564738030847,110.37751121232975,60.47,-52.42749805532036,74.30264814201051,,,,No,General,Favoured,General,Favoured
3339,HXK3,A,GLN,129,-59.90002303295789,-179.99768315758615,-167.66770884565747,112.73079982348168,76.62,179.99414762439218,-179.99513886455236,-179.98569202199218,,,No,General,Allowed,General,Allowed
3340,HXK3,A,GLU,130,179.9938418174354,179.9698938185991,-179.99017957937596,107.30931570324535,0.0,-179.9867249218025,-179.98630440810697,-179.95012012003858,,,No,General,Disallowed,General,Disallowed
3341,HXK3,A,GLN,137,-56.91321846929901,-39.360874513210746,-178.5010559885,111.84673787458262,46.72,-179.9947472336916,179.99185343303432,179.9878382013279,,,No,General,Favoured,General,Favoured
3342,HXK3,A,GLN,138,-62.00025163268984,-37.666108055776455,175.81255984724217,111.06353804393179,47.09,-165.53733003430733,173.614272393467,4.607861074848645,,,No,General,Favoured,General,Favoured
3343,HXK3,A,LEU,139,-66.33689766339089,-47.26674993793376,-175.1617690428921,111.71625080872106,60.18,-177.67126340313735,68.63334259364865,,,,No,General,Favoured,General,Favoured
3344,HXK3,A,PHE,140,-75.70765296921275,-32.09619887448281,-179.09885361808043,112.48997933329898,55.72,-69.64035619429406,-70.67521502999716,,,,No,General,Favoured,General,Favoured
3345,HXK3,A,ASP,141,-50.91356814561427,-43.76186902953218,166.40422020736418,110.95477420652774,44.04,-84.17001256685458,-21.814684871158157,,,,No,General,Favoured,General,Favoured
3346,HXK3,A,PHE,142,-64.86027278456422,-37.54052529532371,176.06671520912602,111.34365117424575,49.13,179.99974958739355,89.9944944847334,,,,No,General,Favoured,General,Favoured
3347,HXK3,A,ALA,143,-69.48534167847922,-45.24440479701402,-176.53151670632556,110.66297279564326,46.35,,,,,,No,General,Favoured,General,Favoured
3348,HXK3,A,ALA,144,-62.42723972364884,-36.40048169343146,178.20761277304348,111.40941700230184,42.18,,,,,,No,General,Favoured,General,Favoured
3349,HXK3,A,HIS,145,-61.8836861085885,-49.328460256128245,178.15430072784943,111.027215216617,45.74,-179.9839819774433,90.0085312483073,,,,No,General,Favoured,General,Favoured
3350,HXK3,A,CYS,146,-56.26226156405539,-50.22697118125623,176.65078642279232,110.38326108798167,49.44,-58.32294595164156,,,,,No,General,Favoured,General,Favoured
3351,HXK3,A,LEU,147,-56.00858995049875,-35.65934517270126,178.19228451829986,111.22980225372709,44.91,176.01750251082387,56.57834389652806,,,,No,General,Favoured,General,Favoured
3352,HXK3,A,SER,148,-69.5232211173037,-44.99114288148381,177.01213567917824,111.15948287019032,47.87,-179.9838655212575,,,,,No,General,Favoured,General,Favoured
3353,HXK3,A,GLU,149,-56.471323919556426,-48.852220485764484,172.4350013057209,110.80938465177474,49.16,179.99706998571415,-179.99232699764275,-179.9947220209382,,,No,General,Favoured,General,Favoured
3354,HXK3,A,PHE,150,-56.022913996848715,-43.28713014530127,179.83612334485048,111.86752833374557,46.94,-176.26227608869323,84.81140422615421,,,,No,General,Favoured,General,Favoured
3355,HXK3,A,LEU,151,-69.72012125273719,-41.62618830824577,-178.01865020380825,111.663002032482,48.18,-67.5524772685626,179.99339057210258,,,,No,General,Favoured,General,Favoured
3356,HXK3,A,ASP,152,-61.955048728305215,-56.51478452623132,174.021856740396,110.59303973209606,56.75,-93.26704644363802,-27.71682675742921,,,,No,General,Favoured,General,Favoured
3357,HXK3,A,ALA,153,-48.54378052860948,-32.242995248717826,174.76603456997532,110.99370432294268,52.13,,,,,,No,General,Favoured,General,Favoured
3358,HXK3,A,ASN,157,-61.39721851431039,-23.8519629003947,-166.27664271414292,114.05842055495893,43.91,-175.20634883742892,-179.98485124826612,,,,No,General,Favoured,General,Favoured
3359,HXK3,A,LYS,158,-75.56225437138065,-8.304078062807644,172.907094105352,113.84353872793375,39.31,56.83511358655232,179.9932777815704,179.98792226222486,-179.9920880272408,,No,General,Favoured,General,Favoured
3360,HXK3,A,GLN,159,-88.88092506274484,142.4864354395553,179.7646045571971,109.81088735484255,37.15,-72.73338973787641,167.5864738422671,-179.98473054702154,,,No,General,Favoured,General,Favoured
3361,HXK3,A,LEU,161,-119.64733236282997,152.14734086532152,-169.59525587795787,111.01220694467642,28.35,-54.57001935800056,-173.69693913882432,,,,No,General,Favoured,General,Favoured
3362,HXK3,A,GLN,162,-63.56459345253371,155.7621383013541,170.46892268764896,111.7875915614045,28.4,-24.599963467431344,33.88944092500161,-179.97309975143932,,,No,General,Favoured,General,Favoured
3363,HXK3,A,LEU,163,-129.9599370631511,117.71180641214268,-175.69627123648235,109.02337762093934,31.46,176.03211326433697,66.1034971576878,,,,No,General,Favoured,General,Favoured
3364,HXK3,A,PHE,165,-117.02086281319175,147.97893118320005,169.10806703017505,108.86315062308486,36.33,-72.69924462090532,20.03759033355305,,,,No,General,Favoured,General,Favoured
3365,HXK3,A,SER,166,-130.63405350822583,139.65803834688523,172.51782399175602,108.22669134369212,34.4,-179.99836847791335,,,,,No,General,Favoured,General,Favoured
3366,HXK3,A,PHE,167,-134.12820004037923,146.34203578901182,178.75295940580037,108.96859140343338,50.4,-68.50908448336376,-23.335752339751846,,,,No,General,Favoured,General,Favoured
3367,HXK3,A,SER,168,-87.93610367534608,10.947602275072509,175.90811404786362,113.27593230222378,38.78,-78.90637136634987,,,,,No,General,Favoured,General,Favoured
3368,HXK3,A,CYS,171,-123.31599955448792,179.1437740545609,165.0235232808357,107.73398379186085,49.77,-53.38706441240083,,,,,No,General,Favoured,General,Favoured
3369,HXK3,A,HIS,172,-89.1578057117253,117.50329457759587,171.05793519562343,107.04177547912944,38.44,179.90020859236446,60.628778992960314,,,,No,General,Favoured,General,Favoured
3370,HXK3,A,GLN,173,-134.05041414567685,116.05327350212195,-169.6778150414528,109.59585716689709,35.56,-175.62712826069802,163.2790016664073,1.6369722130658673,,,No,General,Favoured,General,Favoured
3371,HXK3,A,THR,174,-100.76260248307467,-5.48918860351992,174.91465394842362,114.48946070836378,33.36,68.94035521423359,,,,,No,General,Favoured,General,Favoured
3372,HXK3,A,LEU,176,-49.602453216065626,-44.75540088973436,179.77212748810015,112.36084245677358,29.28,-105.10802237948329,-174.6619114609373,,,,No,General,Favoured,General,Favoured
3373,HXK3,A,ASP,177,-102.88821202188126,96.15433131345534,175.93720154006238,108.15171470714314,40.39,49.70036751444956,-25.014699168856538,,,,No,General,Favoured,General,Favoured
3374,HXK3,A,ARG,178,173.60098622310917,148.82743322117972,171.3653638662698,104.25865046420039,44.19,170.16242618825936,153.2240101351656,179.99818984546008,-179.98710641569724,-179.99991219794597,No,General,Allowed,General,Allowed
3375,HXK3,A,SER,179,-164.14805476970457,144.36969683582694,154.66143371919594,106.10959500926243,49.15,-62.36073082217757,,,,,No,General,Favoured,General,Favoured
3376,HXK3,A,THR,180,-110.64586822099328,129.32129549577067,172.14420513071357,108.60626406504244,50.24,-179.998332303761,,,,,No,General,Favoured,General,Favoured
3377,HXK3,A,LEU,181,-85.81064370022433,119.92305755649188,-176.9743617376003,108.8146044050511,61.53,-91.13447998760452,58.311123125443864,,,,No,General,Favoured,General,Favoured
3378,HXK3,A,SER,183,-179.99347721172197,-179.98198920067549,179.9655322703597,105.83888268443566,0.0,179.9441836425201,,,,,No,General,Allowed,General,Allowed
3379,HXK3,A,TRP,184,-179.97119614944918,-179.97301241054092,-179.98457231730825,107.70631494771827,0.0,179.97143520726343,-82.74964313332978,,,,No,General,Allowed,General,Allowed
3380,HXK3,A,THR,185,179.96386728197305,179.98157365701093,179.98232485259948,106.06544886421734,0.0,-179.9989219508295,,,,,No,General,Disallowed,General,Disallowed
3381,HXK3,A,LYS,186,179.9978924386144,179.9814327760879,179.99978314887846,107.25595261847448,0.0,179.9768363056879,179.97975353868645,179.94982422350068,179.98470695230188,,No,General,Disallowed,General,Disallowed
3382,HXK3,A,PHE,188,179.95682296646214,179.99568266587366,-179.9977080359799,106.40418932989614,0.0,179.96755780359013,90.02098130206812,,,,No,General,Disallowed,General,Disallowed
3383,HXK3,A,ARG,189,179.97112341666778,179.9906107546537,179.98426238067648,109.87150401219289,0.0,-179.9678727828528,179.97080411253341,179.95896429861165,179.98172025397756,-179.97182829047776,No,General,Disallowed,General,Disallowed
3384,HXK3,A,CYS,190,-179.94748781559431,-179.9859339699585,-179.9668304449402,105.91968653910467,0.0,-179.99093228857288,,,,,No,General,Allowed,General,Allowed
3385,HXK3,A,SER,191,179.99791198546288,-179.95268683184963,179.94579293030856,105.78481690813743,0.0,-179.99765315633766,,,,,No,General,Allowed,General,Allowed
3386,HXK3,A,GLN,196,-129.4671322620906,162.50753027284728,-169.0162785186592,110.80533899747833,66.61,-27.26548221763835,-162.12690864534594,179.98053655220087,,,No,General,Favoured,General,Favoured
3387,HXK3,A,ASP,197,-60.781965520331426,121.18130552697872,179.76656252154794,110.46134496943782,46.01,173.67653785947354,-2.0218041603571666,,,,No,General,Favoured,General,Favoured
3388,HXK3,A,GLN,200,-53.3328485999344,-39.14849105625627,176.39889628667504,110.77233567794025,33.21,179.99962622917135,-179.99551172145496,-179.99328676129528,,,No,General,Favoured,General,Favoured
3389,HXK3,A,LEU,201,-67.52522239708757,-48.99459536231117,-177.80206000176412,111.03974796743839,34.05,-59.02289146315343,-168.241599585008,,,,No,General,Favoured,General,Favoured
3390,HXK3,A,LEU,202,-67.81217622034396,-29.688997143952236,-179.81594300424206,110.98580882950068,40.28,-179.99477021262788,58.83034899276129,,,,No,General,Favoured,General,Favoured
3391,HXK3,A,ARG,203,-73.48194284011939,-41.7019133868951,177.8595860296079,111.71196870904306,37.33,-86.8254247929976,171.2255521851422,170.82389591168794,155.81515152514294,-0.4723356992776813,No,General,Favoured,General,Favoured
3392,HXK3,A,ASP,204,-69.04974398767594,-34.965091782062984,178.42202952394646,111.14984621204313,34.08,-179.9966900749257,179.9835069632963,,,,No,General,Favoured,General,Favoured
3393,HXK3,A,ALA,205,-61.40960528417391,-35.30474110432946,172.22205004006787,111.97600385614587,26.6,,,,,,No,General,Favoured,General,Favoured
3394,HXK3,A,ARG,207,-62.65498937945369,-37.35044871770859,178.99986326944352,111.1558016139071,36.24,-171.83788088474464,170.5298194546071,-179.98681883885155,-179.97677158228046,179.9644630107778,No,General,Favoured,General,Favoured
3395,HXK3,A,ARG,208,-69.17007531502794,-26.94376603885745,178.66284513658218,112.52955075962427,38.23,-64.77066992637131,175.31354505642767,-36.79426054687101,-113.2453412482973,1.2743881466480695,No,General,Favoured,General,Favoured
3396,HXK3,A,GLN,209,-69.86128635222315,-53.72823184510345,174.8932681482254,110.64410702350673,32.01,-64.42577172947912,-172.9628580919014,179.9882594998977,,,No,General,Favoured,General,Favoured
3397,HXK3,A,ALA,211,-54.2952444137233,-70.76522726291118,172.80173187435778,114.9019366145738,41.66,,,,,,No,General,Allowed,General,Allowed
3398,HXK3,A,TYR,212,-121.38521644792995,177.81331751014545,-178.05889403302734,109.22635443745762,44.75,50.24349482288863,-39.16049912901403,,,,No,General,Favoured,General,Favoured
3399,HXK3,A,ASN,213,-135.930998963952,161.32722386978946,172.50363562662292,106.40993019421411,45.28,-167.02662506482235,5.361906916132101,,,,No,General,Favoured,General,Favoured
3400,HXK3,A,ASP,215,-91.22349726927199,-159.83428266437014,178.74693815397112,108.85605447518734,33.89,-151.2431211019881,80.02539766570104,,,,No,General,Allowed,General,Allowed
3401,HXK3,A,ALA,218,-126.70746419813716,141.2414048032631,167.42222551249887,109.08250200162712,25.76,,,,,,No,General,Favoured,General,Favoured
3402,HXK3,A,ASN,221,-68.31497488599327,161.16204557945028,170.7194355096512,110.10236959900185,28.04,-178.428257658089,-93.74169688526153,,,,No,General,Favoured,General,Favoured
3403,HXK3,A,ASP,222,-73.90478869174173,-28.89235674417833,-176.37469660926362,112.74376434002176,25.84,58.18364062077281,-6.680061889446354,,,,No,General,Favoured,General,Favoured
3404,HXK3,A,THR,223,-56.02900532448905,-45.21939404986814,167.18635947803125,111.02746667094907,28.88,56.867609672806275,,,,,No,General,Favoured,General,Favoured
3405,HXK3,A,THR,226,-60.62442938738487,-54.59342128173397,174.89767266577965,111.3946966039705,27.48,-57.82350798189901,,,,,No,General,Favoured,General,Favoured
3406,HXK3,A,MET,227,-50.96643963189999,-46.71176775417979,176.36867195993068,111.20504408131087,27.68,-179.13807876134584,-168.23845912423062,73.67538865073976,,,No,General,Favoured,General,Favoured
3407,HXK3,A,MET,228,-66.50235477054733,-40.39023661955888,-173.66877657020015,111.30304383918354,27.58,-66.36068921489806,-62.36042861855186,-74.91905113942329,,,No,General,Favoured,General,Favoured
3408,HXK3,A,CYS,230,-65.13049532407123,-37.63957141159723,-177.21521156809752,110.97609736155304,27.28,-59.08182081929796,,,,,No,General,Favoured,General,Favoured
3409,HXK3,A,CYS,237,-89.34852836595046,105.33810797609918,-173.05736300480703,108.19305437713973,29.09,179.26561831384817,,,,,No,General,Favoured,General,Favoured
3410,HXK3,A,GLU,238,-106.50196277601489,3.072053332850954,174.79080955395222,115.006793644667,29.2,-65.67568324696174,172.65725163749735,-15.37925067100871,,,No,General,Favoured,General,Favoured
3411,HXK3,A,LEU,241,-139.08616689870337,133.37275573475932,-179.56048963506788,109.63292324728032,26.05,174.52418656671114,64.1868396266712,,,,No,General,Favoured,General,Favoured
3412,HXK3,A,ASP,244,-115.77886182814217,-153.86805596264477,-178.3290397785146,115.16032265937854,35.85,179.97441318361672,-179.9920979822999,,,,No,General,Allowed,General,Allowed
3413,HXK3,A,THR,245,-52.78854909288359,-39.76758935707664,155.56755635902064,110.26354523021163,38.11,63.71637178271315,,,,,No,General,Favoured,General,Favoured
3414,HXK3,A,THR,247,-145.57223268639117,137.470154618468,174.8069353440389,111.62542052177318,28.46,-179.9882125821893,,,,,No,General,Favoured,General,Favoured
3415,HXK3,A,ASN,248,-159.58497784910335,164.4333614573844,-178.2436368235339,107.84658470251445,26.01,-172.84582835293668,24.187164242250553,,,,No,General,Favoured,General,Favoured
3416,HXK3,A,ALA,249,-153.67111957283137,153.6650389182782,178.01851070782948,109.78433657683922,24.31,,,,,,No,General,Favoured,General,Favoured
3417,HXK3,A,CYS,250,-133.4453831987776,164.66535082366588,178.32741119628975,108.26244286287826,18.66,64.40716823005916,,,,,No,General,Favoured,General,Favoured
3418,HXK3,A,TYR,251,-156.3042836033002,159.5976165624324,177.63851095033266,110.09578541846038,22.98,64.5890760319157,-55.87372757071525,,,,No,General,Favoured,General,Favoured
3419,HXK3,A,MET,252,-72.96565829584522,138.97376415582136,169.21633654852465,109.88360800919239,25.15,-62.77623950055425,-53.14662451632759,-67.3639301709991,,,No,General,Favoured,General,Favoured
3420,HXK3,A,GLU,253,-139.31889266153752,150.59261333282745,-174.56634087275657,108.37344857894351,24.88,-178.13981903351512,45.93368044119637,-59.337913288792485,,,No,General,Favoured,General,Favoured
3421,HXK3,A,GLU,254,-85.54106836098521,130.6104199026093,-175.52386995011219,111.49865220777099,27.35,-68.83213738712746,-174.2361772830857,-6.369291952297081,,,No,General,Favoured,General,Favoured
3422,HXK3,A,ALA,255,-53.60951557907436,-23.706285882380897,-174.93882247365295,112.94768067701021,25.12,,,,,,No,General,Favoured,General,Favoured
3423,HXK3,A,ARG,256,-68.73137875090762,-16.586824893411176,178.1013686101412,112.27425295254962,28.86,62.42342066276215,-174.02624691025386,165.89876581363404,95.27679018446953,0.45070755052627,No,General,Favoured,General,Favoured
3424,HXK3,A,HIS,257,-98.59914010056272,-3.4816086627968104,177.82848984289743,112.7376324262099,24.83,-66.27391291073424,143.6063701506025,,,,No,General,Favoured,General,Favoured
3425,HXK3,A,ALA,259,-78.97170348450835,-31.22374851399412,-177.34530973486287,111.40738753345025,25.36,,,,,,No,General,Favoured,General,Favoured
3426,HXK3,A,LEU,261,-119.93964398731168,131.88672024374299,172.9561646277653,108.11518460989225,33.1,-179.98995421272954,-179.99057587768013,,,,No,General,Favoured,General,Favoured
3427,HXK3,A,ASP,262,-65.26691247077284,138.98090036319167,179.11667479609187,109.95954240568075,32.21,-170.59008967205364,-179.99210318485942,,,,No,General,Favoured,General,Favoured
3428,HXK3,A,GLU,263,103.45983739791819,143.47423016655506,175.90301552868436,114.63880933635409,30.25,-179.98478598558657,179.95761788952456,179.95695255639595,,,No,General,Disallowed,General,Disallowed
3429,HXK3,A,ASP,264,-103.9254449790999,-1.951222095826985,-176.70079058207904,114.30184023443697,31.36,-58.15928821035678,-35.33391624438313,,,,No,General,Favoured,General,Favoured
3430,HXK3,A,ARG,265,-94.7834268820011,129.74724412203466,-170.2002649999198,111.99848397585026,32.5,-74.49968388415218,-170.60112558176425,179.99053828258226,179.9952908555423,-179.97602748499878,No,General,Favoured,General,Favoured
3431,HXK3,A,ARG,267,-127.53563304832176,163.56714349405166,-173.23337459827135,110.07112057829264,21.28,-54.906016269880624,154.02417162344466,97.1844325262814,-150.5302931371152,5.3528924847762225,No,General,Favoured,General,Favoured
3432,HXK3,A,CYS,269,-71.89993656237284,140.3708023773002,175.6100432662329,109.80397223231712,24.63,-175.16703267675163,,,,,No,General,Favoured,General,Favoured
3433,HXK3,A,SER,271,-87.88052301106731,112.41328945472327,170.62462151984897,106.23577559674057,22.69,179.985134933775,,,,,No,General,Favoured,General,Favoured
3434,HXK3,A,GLU,273,53.7029569372731,53.92311623661416,-167.1284313697834,110.24670857479565,27.33,-71.42101080140145,-60.39457318112835,-24.434676990313616,,,No,General,Favoured,General,Favoured
3435,HXK3,A,TRP,274,-75.26542780474492,-7.73334533328973,-170.60864003272619,112.73815736226142,24.41,68.28250253987359,20.19117962663574,,,,No,General,Favoured,General,Favoured
3436,HXK3,A,SER,276,-83.47831338498544,-1.8059915796110093,-178.18604734864377,113.61855127819611,27.24,179.99265840852374,,,,,No,General,Favoured,General,Favoured
3437,HXK3,A,PHE,277,-52.61912250860911,128.92686608180193,173.75576330283405,109.5418254818736,26.65,-178.6416958845581,33.04480672992328,,,,No,General,Favoured,General,Favoured
3438,HXK3,A,SER,278,83.3720848466975,2.9281118361160474,-179.18414379366874,115.74343909091765,29.66,179.97815489600745,,,,,No,General,Allowed,General,Allowed
3439,HXK3,A,ASP,279,-58.1365589223763,-31.299219801157363,173.17053791479563,112.07260090627403,32.83,-78.47363236314423,3.7298991072206156,,,,No,General,Favoured,General,Favoured
3440,HXK3,A,ASP,280,-90.4942737397689,6.43693292736274,-178.83181638778711,113.135945308019,28.4,63.046913903341434,-7.747962022416611,,,,No,General,Favoured,General,Favoured
3441,HXK3,A,ALA,282,-54.216148043177526,-29.768931210628764,-172.38030314039213,113.35273024271557,31.69,,,,,,No,General,Favoured,General,Favoured
3442,HXK3,A,LEU,283,-97.56400851689762,6.1181597666862695,-178.00453316639044,114.22676127113156,26.51,-73.97542949984263,178.52423627171208,,,,No,General,Favoured,General,Favoured
3443,HXK3,A,LEU,287,-82.69965124287046,139.4780105298935,-167.99705240133,110.92014868268159,38.02,-54.18882209154379,-179.99618593137413,,,,No,General,Favoured,General,Favoured
3444,HXK3,A,THR,288,-102.38552564757839,179.73199562803308,-171.70994289041448,111.14447733583224,37.63,61.773899534697776,,,,,No,General,Favoured,General,Favoured
3445,HXK3,A,THR,289,-65.94491486020432,-33.580711569965196,177.2831484538764,111.46670589368723,42.76,-179.97915367416766,,,,,No,General,Favoured,General,Favoured
3446,HXK3,A,PHE,290,-62.39092467768637,-44.16709539712754,174.2301004732693,110.71938674395642,38.92,-45.24658040019025,-74.0584958234408,,,,No,General,Favoured,General,Favoured
3447,HXK3,A,ASP,291,-57.291378499114664,-43.05392884429034,174.20803002049723,110.87211465761641,40.19,-74.73739173638113,-41.181027953318555,,,,No,General,Favoured,General,Favoured
3448,HXK3,A,HIS,292,-64.60277371571419,-42.389490201026476,-179.5205249525657,110.47561894540733,39.56,-168.4230891073714,89.97966738443415,,,,No,General,Favoured,General,Favoured
3449,HXK3,A,THR,293,-60.73268056854802,-49.05082299598078,-177.52164411289596,111.11222288225815,39.6,179.98104244781075,,,,,No,General,Favoured,General,Favoured
3450,HXK3,A,LEU,294,-54.602009357150244,-38.97088110529174,178.13349494596503,110.86752552810465,34.51,179.99710376618276,144.6174588413476,,,,No,General,Favoured,General,Favoured
3451,HXK3,A,ASP,295,-67.49647586969428,-38.477522232418124,-174.52808062651889,111.30136673765413,36.61,177.2808909731533,52.239217892559026,,,,No,General,Favoured,General,Favoured
3452,HXK3,A,HIS,296,-74.98649358344245,-27.23394009527919,-179.75451298600208,112.27610727929506,41.51,-55.24978348596341,89.98513371931483,,,,No,General,Favoured,General,Favoured
3453,HXK3,A,GLU,297,-89.62571560664273,24.24724593809259,176.2766522439848,115.5932819841242,36.64,-179.99539966195206,-179.97947484137234,179.97154443024118,,,No,General,Favoured,General,Favoured
3454,HXK3,A,SER,298,-113.68050666469199,156.3041954466207,-171.25948711449874,109.6916460557264,42.16,84.30148422629414,,,,,No,General,Favoured,General,Favoured
3455,HXK3,A,LEU,299,-59.65118165076391,-23.903230221107204,176.01299004900278,112.68579077085062,44.07,-65.88826121782053,164.52261235001606,,,,No,General,Favoured,General,Favoured
3456,HXK3,A,ALA,303,-120.81818386276498,156.20424293705597,-177.88278825579042,109.44898938301556,37.49,,,,,,No,General,Favoured,General,Favoured
3457,HXK3,A,GLN,304,53.566814917584,41.222676036692405,177.91787169249852,112.70354349040555,26.91,-59.71531681150899,-63.89609215497993,101.54120730948989,,,No,General,Favoured,General,Favoured
3458,HXK3,A,ARG,305,-68.98383883622333,-36.089358648944796,-168.77397619547108,113.05913005525544,28.26,-76.17210774420964,-179.9855609099383,-179.9953979845506,179.9997414847832,179.9965573437129,No,General,Favoured,General,Favoured
3459,HXK3,A,PHE,306,-69.03943442382342,-43.5666886868628,178.6221268710781,110.62548125542507,27.23,-177.72258553902887,64.13965556114937,,,,No,General,Favoured,General,Favoured
3460,HXK3,A,GLU,307,-50.84044508879846,-50.42728000692574,171.43714065842948,110.91576345305087,29.76,-162.8270168218268,169.17274808115388,24.9231897476323,,,No,General,Favoured,General,Favoured
3461,HXK3,A,LYS,308,-59.811625861817,-19.81775797589155,-177.94193224954589,112.30730911569887,28.56,-72.28775373279345,175.20472577045405,177.0309850830005,168.81582339734587,,No,General,Favoured,General,Favoured
3462,HXK3,A,MET,309,-81.2867183693232,-47.37547678408786,171.73266228507697,111.76368914062775,30.2,-75.5270468343249,-171.9738998297683,-87.2154579606959,,,No,General,Favoured,General,Favoured
3463,HXK3,A,LEU,313,-51.13099611117217,-52.42624074745286,179.76219808804493,111.96134397699976,39.8,-176.99035433732408,-179.98288007638365,,,,No,General,Favoured,General,Favoured
3464,HXK3,A,TYR,314,-98.24021933160155,1.7891129508396784,-173.6711082610112,113.36128085367504,40.33,-55.034675164979404,-78.71884530663311,,,,No,General,Favoured,General,Favoured
3465,HXK3,A,LEU,315,-69.75727357272164,-51.48255769342199,-169.71186621387537,111.18171027360826,36.24,175.3038764054488,-179.98631564213892,,,,No,General,Favoured,General,Favoured
3466,HXK3,A,GLU,317,-56.85721309047762,-40.51598317385183,177.3973804869758,111.16532409755341,39.87,178.63485805755937,60.61561322275165,-8.170181339094963,,,No,General,Favoured,General,Favoured
3467,HXK3,A,LEU,318,-66.11131279223818,-29.452856245373606,-178.00853697806266,110.98707803473488,37.37,170.1330242637572,67.24987500234099,,,,No,General,Favoured,General,Favoured
3468,HXK3,A,ARG,320,-57.64581918265752,-49.229543014673844,179.4542507322307,110.49511909898717,43.89,-177.78804047357082,-172.455580808882,72.99542283925862,84.71409376654526,-0.6063776401963187,No,General,Favoured,General,Favoured
3469,HXK3,A,LEU,321,-58.25866523832776,-33.289697294906425,-177.63458945952067,111.92216831161336,40.6,-60.99802142034092,175.11016594348683,,,,No,General,Favoured,General,Favoured
3470,HXK3,A,LEU,323,-64.43097646640777,-50.98858940775194,178.32915597736368,110.91366309944782,45.49,-70.9318947447834,179.17670237382637,,,,No,General,Favoured,General,Favoured
3471,HXK3,A,ALA,324,-48.91708754487623,-48.262563529530475,176.8507647790317,110.96134727665054,39.79,,,,,,No,General,Favoured,General,Favoured
3472,HXK3,A,HIS,325,-69.88212526266972,-48.629575271911676,-173.92953813799815,111.7436505921946,38.55,177.26768119345425,89.98094819014429,,,,No,General,Favoured,General,Favoured
3473,HXK3,A,LEU,326,-58.71566213106185,-38.81119921498679,178.26490776830585,111.56848335439476,48.38,-75.00915802883773,-179.998267327258,,,,No,General,Favoured,General,Favoured
3474,HXK3,A,ALA,327,-65.26317997741798,-50.38289646108035,177.3281405284921,110.72071752800666,47.36,,,,,,No,General,Favoured,General,Favoured
3475,HXK3,A,ARG,328,-54.297648561966014,-25.512485260094614,178.17431817687594,111.92186265347307,43.05,-77.36232152799786,-175.71032571133296,-179.99096572949836,179.99553799325926,179.97028414596076,No,General,Favoured,General,Favoured
3476,HXK3,A,CYS,329,-93.69679721055631,6.312635146567381,176.8103098060998,112.74107291015787,55.92,179.99413433352413,,,,,No,General,Favoured,General,Favoured
3477,HXK3,A,LEU,332,-151.60730429256483,150.02997009369847,178.26866929080552,109.31140155668234,52.05,-69.88753692160684,170.3450095746961,,,,No,General,Favoured,General,Favoured
3478,HXK3,A,PHE,333,63.71018520928484,22.99132985545702,175.7858963692558,112.39543214343108,53.17,-47.620232927782546,-30.112823221971926,,,,No,General,Favoured,General,Favoured
3479,HXK3,A,CYS,336,-74.39782227067718,155.00864635543817,-174.14325360073585,111.32978259296503,47.68,179.98710503479248,,,,,No,General,Favoured,General,Favoured
3480,HXK3,A,THR,337,-132.12386292761053,155.23552427995523,178.87315292584321,108.60915465374588,50.61,-179.9882521742636,,,,,No,General,Favoured,General,Favoured
3481,HXK3,A,ALA,340,-78.88144086116223,-29.254916227435178,-176.45240842588774,112.00377673480104,49.53,,,,,,No,General,Favoured,General,Favoured
3482,HXK3,A,LEU,341,-66.0657397299908,-30.38887530264515,177.68287656682924,111.72316048492833,42.61,-169.86390739642474,72.31601919823896,,,,No,General,Favoured,General,Favoured
3483,HXK3,A,LEU,342,-92.84846408243138,5.6475521250751415,-179.05515932820944,113.16495248580644,42.19,-43.8024527239502,174.52870035252522,,,,No,General,Favoured,General,Favoured
3484,HXK3,A,SER,343,-95.23580337026226,132.13255780507384,174.01969539999604,109.96392525784671,50.27,179.99448849020249,,,,,No,General,Favoured,General,Favoured
3485,HXK3,A,GLN,344,-62.86855979057491,144.64467079339576,-177.7679766962432,110.54565336586094,51.41,179.9905071425233,179.9868401648603,179.98591151760576,,,No,General,Favoured,General,Favoured
3486,HXK3,A,SER,346,-78.92788417385236,-21.717767199685447,-174.29867301193613,112.34937056243011,52.43,-179.98994983966466,,,,,No,General,Favoured,General,Favoured
3487,HXK3,A,LEU,348,-112.74153814179587,153.09496995300893,-163.4709880219916,110.1078798391962,52.28,-30.414938181220194,-179.98881561956551,,,,No,General,Favoured,General,Favoured
3488,HXK3,A,LEU,349,-53.97311288943785,-38.012477729220045,174.53378703087265,110.55915424521018,41.37,-179.99211971457427,-179.9777852846861,,,,No,General,Favoured,General,Favoured
3489,HXK3,A,GLU,350,-55.59956798481646,-37.042122973821286,177.91758638406634,110.55153753991952,51.21,-177.94242727382542,172.97614814099364,-179.9858407370071,,,No,General,Favoured,General,Favoured
3490,HXK3,A,HIS,351,-67.12999662575778,-32.10217061851033,-179.55134316323895,111.18750872555378,50.9,-58.222474382426526,90.00939081966172,,,,No,General,Favoured,General,Favoured
3491,HXK3,A,ALA,353,-56.04987100851595,-41.580696568619906,179.69279291710026,111.59183934960114,50.0,,,,,,No,General,Favoured,General,Favoured
3492,HXK3,A,GLU,354,-59.177264057887776,-48.74743696306516,173.91543408286086,110.93243914427028,53.37,-75.12771296151381,-179.99476284149364,179.98768021562327,,,No,General,Favoured,General,Favoured
3493,HXK3,A,MET,355,-68.90820443527643,-35.441176440108705,-167.0886999054729,110.8801435473643,50.26,179.9986173460231,179.9945545807613,-179.99881540256774,,,No,General,Favoured,General,Favoured
3494,HXK3,A,GLU,356,-82.5573383952522,-19.825265630043468,176.08994913452506,113.11936976324235,57.44,-45.33711044493149,-166.7379066209159,22.988365083992843,,,No,General,Favoured,General,Favoured
3495,HXK3,A,SER,359,-62.9053060433099,-35.722419854159014,175.51281992436742,110.90588869354148,84.29,179.9839246130711,,,,,No,General,Favoured,General,Favoured
3496,HXK3,A,THR,360,-102.90276648907934,104.51694939513303,166.5150592937275,107.10095086332667,83.53,-179.983566694818,,,,,No,General,Favoured,General,Favoured
3497,HXK3,A,ALA,362,-72.21745397461015,-38.81332753427724,173.54808857928168,109.90066279558246,70.5,,,,,,No,General,Favoured,General,Favoured
3498,HXK3,A,ALA,363,-62.34978625627849,-47.88368734730517,170.6826816662419,111.11583461136584,69.75,,,,,,No,General,Favoured,General,Favoured
3499,HXK3,A,ARG,364,-66.88357937836398,-23.756792622501443,178.3429359579279,112.29947860014788,63.97,-168.68372719232784,70.72653985518491,179.97362837997514,179.96047662532732,-179.96137019260206,No,General,Favoured,General,Favoured
3500,HXK3,A,HIS,366,-49.070992948670295,-41.412609026018956,173.44312092324463,110.8901661405045,60.19,166.8372065968804,89.99337774361177,,,,No,General,Favoured,General,Favoured
3501,HXK3,A,ALA,367,-75.84779391120158,-38.55184942300982,-175.07608453478502,112.13349921671876,56.92,,,,,,No,General,Favoured,General,Favoured
3502,HXK3,A,LEU,369,-64.16529488472895,-40.33251920947051,177.8456616080903,111.49754769275228,56.22,-69.37242383927381,173.80118178504117,,,,No,General,Favoured,General,Favoured
3503,HXK3,A,GLN,370,-63.161905501869,-40.66897625108683,178.7094699374626,110.92181390199706,50.7,-70.53449497117285,179.99947256852636,179.99378856881702,,,No,General,Favoured,General,Favoured
3504,HXK3,A,ASP,371,-65.69456022986728,-27.27076545483875,179.31914610515062,111.12684312300492,47.11,154.1364976285376,179.97821240261814,,,,No,General,Favoured,General,Favoured
3505,HXK3,A,LEU,372,-72.6966064022569,-4.6999563863050975,172.1873602589866,112.65557125327179,54.47,-60.67477027105498,160.93746061376388,,,,No,General,Favoured,General,Favoured
3506,HXK3,A,LEU,374,-105.88424514340105,175.2836472831724,178.95720019103948,110.91531548307752,56.68,-66.83191183018627,169.90531892395933,,,,No,General,Favoured,General,Favoured
3507,HXK3,A,ALA,378,-63.048289488642205,-47.01639668633735,178.53873976659412,110.28245782537398,60.99,,,,,,No,General,Favoured,General,Favoured
3508,HXK3,A,SER,379,-54.32713305333777,-49.481775097094825,177.8981451593265,110.97173033317874,55.82,-179.9870528591599,,,,,No,General,Favoured,General,Favoured
3509,HXK3,A,ASP,380,-53.61837691437932,-37.34111402363918,179.40184565275396,111.61481989633984,54.97,-72.9377237620444,-14.994816639055236,,,,No,General,Favoured,General,Favoured
3510,HXK3,A,GLU,382,-60.28452606317849,-47.152823829152744,174.91625128119335,110.19388716067112,52.39,-179.99030472600495,179.99775533633078,179.9918053548274,,,No,General,Favoured,General,Favoured
3511,HXK3,A,LEU,383,-63.9504392771503,-41.672281417950074,-178.80552788819872,111.3588821127486,46.55,-179.98581553681578,-179.99408632193217,,,,No,General,Favoured,General,Favoured
3512,HXK3,A,GLN,385,-51.695657533156854,-39.18310134944397,178.27200640559428,111.62657546065135,44.46,160.6099182471776,179.9953277664312,179.97576205358533,,,No,General,Favoured,General,Favoured
3513,HXK3,A,HIS,386,-78.44064516125732,-41.15103951249255,-172.81889846937872,111.25821049698733,41.87,165.82706834856205,89.9845622932638,,,,No,General,Favoured,General,Favoured
3514,HXK3,A,CYS,388,-64.20767992338774,-39.80979391496237,175.70024157186887,111.73374584038447,38.31,-71.41092097806322,,,,,No,General,Favoured,General,Favoured
3515,HXK3,A,ALA,389,-69.42767014960985,-42.99868035718156,-179.50927398919944,111.47253266689178,41.45,,,,,,No,General,Favoured,General,Favoured
3516,HXK3,A,ALA,390,-59.78019344487954,-44.76514491700828,-177.5435680884631,110.11095784855047,33.7,,,,,,No,General,Favoured,General,Favoured
3517,HXK3,A,CYS,392,-69.66778163562064,-32.331346666070125,-178.82285379472938,111.47382015750746,33.63,-179.98661492059148,,,,,No,General,Favoured,General,Favoured
3518,HXK3,A,THR,393,-71.7607096913213,-32.47513708055106,176.33901983245454,111.07693353346649,33.34,-66.58517634941006,,,,,No,General,Favoured,General,Favoured
3519,HXK3,A,ARG,394,-65.8893861648606,-40.140180238777965,175.48931141553126,110.35395873429228,28.03,-165.06937443579125,-173.66544576247654,63.07989085962787,169.25134376420135,-2.023196695167114,No,General,Favoured,General,Favoured
3520,HXK3,A,ALA,395,-59.644239970738006,-43.63784851452107,177.53875804355118,111.01571751578027,30.78,,,,,,No,General,Favoured,General,Favoured
3521,HXK3,A,ALA,396,-67.61931727797976,-35.670575680237526,-178.9474693583477,111.67071658855578,32.14,,,,,,No,General,Favoured,General,Favoured
3522,HXK3,A,GLN,397,-72.75980092955643,-36.449790009587915,-178.92668034333477,111.65838939176813,28.25,179.9871643552698,179.9741809504039,179.9573377420505,,,No,General,Favoured,General,Favoured
3523,HXK3,A,LEU,398,-67.44537992155416,-37.312205427067845,179.70159320290853,111.1894535964753,28.71,-67.14344428249623,167.99806908062678,,,,No,General,Favoured,General,Favoured
3524,HXK3,A,CYS,399,-59.58007933810515,-45.9015056462933,171.4725931500537,111.43622641648372,31.49,-74.36219720569882,,,,,No,General,Favoured,General,Favoured
3525,HXK3,A,ALA,400,-52.88639568026629,-48.80990450752487,179.42124394830228,110.49356854600539,27.96,,,,,,No,General,Favoured,General,Favoured
3526,HXK3,A,ALA,401,-57.64201348335499,-46.3064368518278,-174.94879910967052,110.92791054411707,21.85,,,,,,No,General,Favoured,General,Favoured
3527,HXK3,A,ALA,402,-77.94390856374014,-35.44165074603958,-176.80436175044989,111.73029124388397,27.26,,,,,,No,General,Favoured,General,Favoured
3528,HXK3,A,LEU,403,-58.64287532010625,-37.01817237961792,170.03595693205227,110.9772142205932,25.37,-81.90833083446257,176.5334283851014,,,,No,General,Favoured,General,Favoured
3529,HXK3,A,ALA,404,-57.15907641202713,-45.3124485104512,178.69681206197222,110.77977085587352,27.74,,,,,,No,General,Favoured,General,Favoured
3530,HXK3,A,ALA,405,-65.18387323167934,-39.067619893468276,-177.74516850931224,111.48091180134534,28.62,,,,,,No,General,Favoured,General,Favoured
3531,HXK3,A,LEU,407,-60.71521245699049,-40.397335819322905,178.9404466191747,111.0483747030051,30.26,-74.74628896945968,172.5378552555433,,,,No,General,Favoured,General,Favoured
3532,HXK3,A,SER,408,-64.51741893778616,-37.55109085599252,179.77465129343202,111.19307276632338,28.0,-179.9886569588202,,,,,No,General,Favoured,General,Favoured
3533,HXK3,A,CYS,409,-72.51519937793599,-42.11329026838761,-178.04146356711593,111.57101555924535,28.84,179.9960174014829,,,,,No,General,Favoured,General,Favoured
3534,HXK3,A,LEU,410,-57.54518991443959,-36.59072733665651,174.62197278433865,109.97428067984772,27.51,179.99817447299486,148.26386398499093,,,,No,General,Favoured,General,Favoured
3535,HXK3,A,GLN,411,-66.90268872152802,-47.78793199957586,179.71650407570965,111.33037887700935,34.41,-168.25373772443064,-178.91373150406878,-179.9970844503388,,,No,General,Favoured,General,Favoured
3536,HXK3,A,HIS,412,-64.37824524167834,-32.808554659616256,175.31955946406163,112.01307620223409,27.0,-31.629310638986215,90.02267124030709,,,,No,General,Favoured,General,Favoured
3537,HXK3,A,SER,413,-61.11414700460373,-49.01346146487466,176.47073885360876,110.80820196363463,35.57,-179.98808212411714,,,,,No,General,Favoured,General,Favoured
3538,HXK3,A,ARG,414,-70.65698291826774,-32.3368220010849,-178.06813403521343,111.4699328451391,35.44,-68.59473987026098,-176.72933274058906,179.99125135773215,179.99180967654974,-179.97145926060892,No,General,Favoured,General,Favoured
3539,HXK3,A,GLU,415,78.41312928537928,19.49028495325301,171.5208651768088,116.40417524912827,42.43,-179.9926511720421,179.97113934906267,179.9933087182856,,,No,General,Allowed,General,Allowed
3540,HXK3,A,GLN,416,-103.57333711120022,174.96615025391745,168.87045890457958,108.10740520096,62.38,-156.99549409011877,-86.37454516730205,-20.64980360297074,,,No,General,Favoured,General,Favoured
3541,HXK3,A,GLN,417,-80.76157159176451,-35.06704314389056,-177.91674269844742,112.6150808616814,66.05,-179.99256058441347,-179.9759550082292,-179.97403837763792,,,No,General,Favoured,General,Favoured
3542,HXK3,A,THR,418,-117.35883491948866,142.4987357605446,-173.64890844872932,109.35613116352678,59.22,-179.9899859076469,,,,,No,General,Favoured,General,Favoured
3543,HXK3,A,LEU,419,-131.6418932010576,118.22000706265514,-172.83661114495777,110.64037199524343,45.03,179.19263771268464,73.90657301008049,,,,No,General,Favoured,General,Favoured
3544,HXK3,A,GLN,420,-89.27843271059518,121.07966762350277,166.91119021320554,107.24328441784195,44.87,-50.04705135959736,-67.38872521021493,179.99248122701135,,,No,General,Favoured,General,Favoured
3545,HXK3,A,ALA,422,-118.20089945540947,136.70445287634726,-178.7235479761759,110.46422063142163,34.36,,,,,,No,General,Favoured,General,Favoured
3546,HXK3,A,ALA,424,-73.48578389821849,130.49893773233947,168.78053000656516,110.35785887147142,27.18,,,,,,No,General,Favoured,General,Favoured
3547,HXK3,A,THR,425,-133.23345022724675,138.09512139003104,-164.88878329073415,110.44585127410512,28.84,179.99171342226862,,,,,No,General,Favoured,General,Favoured
3548,HXK3,A,ARG,428,-72.07709929733008,-31.351035735413685,-169.29521482134453,112.45629792370087,32.58,179.9993232345906,-179.98772366055957,179.99278243613796,179.9506103410792,-179.98672196499388,No,General,Favoured,General,Favoured
3549,HXK3,A,CYS,430,-70.24425512357682,-31.114002339360855,-172.61289409505775,111.18228353233134,34.52,179.9976401160859,,,,,No,General,Favoured,General,Favoured
3550,HXK3,A,GLU,431,-77.23066749822073,-51.40477377266257,179.84451425674635,112.46704050198728,40.93,-74.84139921622993,-177.1294519156235,179.98617397426588,,,No,General,Favoured,General,Favoured
3551,HXK3,A,ARG,432,-99.39612463610287,-5.600662664877383,-171.21413368775978,114.58478325148913,42.66,-63.23348793412191,-18.78024221932528,179.98156377847351,179.9875507582518,-179.98129626364383,No,General,Favoured,General,Favoured
3552,HXK3,A,ARG,435,-101.43778247541074,-2.65703388827149,-171.16513075657207,115.52662518323214,44.97,-55.51711779175967,179.99252085043702,179.9764755955115,179.9783439578022,-179.97619348158779,No,General,Favoured,General,Favoured
3553,HXK3,A,PHE,436,-80.5476241605267,-39.571614495730664,-159.55881924566663,111.26851133570446,38.35,147.9329925147565,-28.49034414371362,,,,No,General,Favoured,General,Favoured
3554,HXK3,A,CYS,437,-53.47709916526976,-45.948327951940485,174.06001648740613,111.19263855790192,36.24,-179.9830204085719,,,,,No,General,Favoured,General,Favoured
3555,HXK3,A,SER,438,-57.3693910440298,-47.467765407594705,177.3099561042921,110.33524497684516,34.14,179.9811579174252,,,,,No,General,Favoured,General,Favoured
3556,HXK3,A,LEU,440,-62.04219834052401,-55.31608839188437,176.0842074205677,110.53481003319227,31.21,174.34167224941285,62.81835970880436,,,,No,General,Favoured,General,Favoured
3557,HXK3,A,GLN,441,-51.59810806756985,-46.06692138909838,-177.8928945391221,110.77175923569139,29.33,-58.556505480581706,179.99670228998008,-179.97956089757682,,,No,General,Favoured,General,Favoured
3558,HXK3,A,THR,443,-76.06246068315612,-40.734525716581885,-176.98809726642008,111.99294180318823,30.76,-54.53793546980385,,,,,No,General,Favoured,General,Favoured
3559,HXK3,A,MET,445,-67.7297675954706,-33.23271152638756,-173.5472937136119,111.60453901019324,33.48,-63.184658413239724,-179.99729992270017,-179.98585884239887,,,No,General,Favoured,General,Favoured
3560,HXK3,A,LEU,446,-61.07805951812011,-47.169137139163134,168.8998704624731,111.89186775812385,30.46,-126.9521454623053,179.98478064972997,,,,No,General,Favoured,General,Favoured
3561,HXK3,A,LEU,447,-71.86670963902985,-21.548850599644283,-173.13681298194916,112.17108388158081,31.5,-57.04249506961649,175.94619472340915,,,,No,General,Favoured,General,Favoured
3562,HXK3,A,GLU,450,-76.45669304545466,10.782651663008329,-178.9883290474741,116.61652914234452,44.96,-179.96328544572057,179.96845025554296,179.9743416086423,,,No,General,Favoured,General,Favoured
3563,HXK3,A,CYS,451,-134.82271243657107,133.94610490722422,-171.04256680743805,111.16555431537512,44.32,-69.70027088977342,,,,,No,General,Favoured,General,Favoured
3564,HXK3,A,ASP,452,-95.3327805064502,112.27586994301124,163.5007156267772,105.52025668013539,38.37,-58.54157837211488,-31.335408097241874,,,,No,General,Favoured,General,Favoured
3565,HXK3,A,SER,454,-81.91090237270316,149.8548039458088,170.29364745009607,110.66175752122824,36.5,179.9971347560834,,,,,No,General,Favoured,General,Favoured
3566,HXK3,A,LEU,455,-113.6795477311912,134.62364992172988,166.03375973690774,110.09113473780818,29.71,-73.54456810709864,70.50137532602564,,,,No,General,Favoured,General,Favoured
3567,HXK3,A,SER,458,-83.82307670125357,125.27416158445479,174.05767990386437,109.93677872394392,38.03,169.82172009877792,,,,,No,General,Favoured,General,Favoured
3568,HXK3,A,ASP,460,-61.65032829526025,-11.355726631121216,-166.83960073584208,113.52571032999346,93.55,-76.41669282866611,-17.657801122928234,,,,No,General,Favoured,General,Favoured
3569,HXK3,A,ARG,464,-65.50891604088085,-32.74939883595008,178.8064457406765,111.94884995986924,41.98,-28.017973653231003,151.3535312437537,179.99070225235252,179.9589962848815,179.99934995380744,No,General,Favoured,General,Favoured
3570,HXK3,A,ALA,467,-57.43233735972341,-43.587248708561525,175.19669787724,111.25625715112733,26.14,,,,,,No,General,Favoured,General,Favoured
3571,HXK3,A,MET,468,-64.9340737256385,-29.778997648191122,-178.09884123532484,111.35368999035826,25.92,-168.11576830351225,65.87295101136479,67.48981141607149,,,No,General,Favoured,General,Favoured
3572,HXK3,A,THR,470,-62.81386946361608,-29.433053797123495,177.2700912164934,111.2135338646117,27.7,59.66617540985462,,,,,No,General,Favoured,General,Favoured
3573,HXK3,A,ALA,471,-70.21236541574041,-41.02017726610429,178.33768074705276,110.69574073833768,23.46,,,,,,No,General,Favoured,General,Favoured
3574,HXK3,A,ALA,473,-64.26998586063763,-39.76295760881606,177.48695432690752,110.65837096686735,22.48,,,,,,No,General,Favoured,General,Favoured
3575,HXK3,A,ALA,474,-65.07982582232546,-36.36481281450015,175.42392474472433,111.16231040147665,33.56,,,,,,No,General,Favoured,General,Favoured
3576,HXK3,A,ARG,475,-66.74156135900664,-44.52461215135386,-177.55178229798278,111.03321612244166,25.66,174.62632548738415,176.35249322840536,68.7630686980211,73.74766719018001,-3.7273210636563086,No,General,Favoured,General,Favoured
3577,HXK3,A,LEU,476,-56.548289049310085,-43.691365222229585,177.26279109290797,110.73370150545722,24.97,-62.10151316429011,-178.0208133827286,,,,No,General,Favoured,General,Favoured
3578,HXK3,A,ALA,477,-62.83272207695672,-43.03850032747501,179.14555571099723,111.15760951819254,30.85,,,,,,No,General,Favoured,General,Favoured
3579,HXK3,A,ALA,478,-67.14253580529612,-38.133204570642874,-176.73440670350953,111.18043482741076,32.48,,,,,,No,General,Favoured,General,Favoured
3580,HXK3,A,HIS,479,-75.40291238420541,-30.420981803206544,-178.05436253940204,111.67649650018954,33.52,-64.49634448270366,89.99261427402537,,,,No,General,Favoured,General,Favoured
3581,HXK3,A,ARG,480,-60.63319792866427,-55.372187189921696,174.1860572456681,111.4739369455939,32.49,-178.35820985256694,-179.99007765053744,-179.97598076877674,-179.97582151512782,179.99216697305158,No,General,Favoured,General,Favoured
3582,HXK3,A,ARG,481,-72.78476190360416,-18.904209203554682,-179.26523053237347,111.01162796831709,39.17,71.23973544334233,-174.3117527654893,70.80203457731977,90.18117277527665,-0.36898713422259377,No,General,Favoured,General,Favoured
3583,HXK3,A,LEU,482,-65.2453840876834,-52.53814000584867,173.53928195071745,110.72056883844023,27.75,179.99865250551915,179.98835257120066,,,,No,General,Favoured,General,Favoured
3584,HXK3,A,LEU,483,-76.64925140548338,-23.63976477551753,-176.96148739827208,111.10071955617022,32.42,69.45218784092752,-179.98416580677394,,,,No,General,Favoured,General,Favoured
3585,HXK3,A,GLU,484,-69.2258206236174,-27.13173458634787,171.19900698018088,111.5034852525453,35.89,-159.48590806938583,57.338771155184006,-121.41520330183259,,,No,General,Favoured,General,Favoured
3586,HXK3,A,GLU,485,-67.75546018908614,-30.755685861540332,176.95134688760328,111.19882622175068,39.96,179.99894785084874,-179.99550805061733,-179.9761835133352,,,No,General,Favoured,General,Favoured
3587,HXK3,A,THR,486,-77.11271360721305,-41.53534359739797,176.35880676229024,110.77022612073411,36.68,-65.158944313806,,,,,No,General,Favoured,General,Favoured
3588,HXK3,A,LEU,487,-66.21449324498298,-27.0674801181725,-178.28284800960972,111.59119756437379,33.22,-70.37962478899475,177.33692843892078,,,,No,General,Favoured,General,Favoured
3589,HXK3,A,PHE,490,-98.77821486942028,5.0956361157719305,178.14789164580566,114.14529888965836,34.89,-75.4142044729557,77.8955760696864,,,,No,General,Favoured,General,Favoured
3590,HXK3,A,ARG,491,-111.73215406970563,112.93601989341188,178.19473602328756,108.84839168890132,44.4,-60.39002845896202,169.86960802903008,179.98950949026997,179.98471184365076,-179.9807805646005,No,General,Favoured,General,Favoured
3591,HXK3,A,LEU,492,-102.42804172281953,134.99050527826245,-170.01431446852806,110.86771262889187,46.11,-61.61281485429933,-178.04941681033097,,,,No,General,Favoured,General,Favoured
3592,HXK3,A,ASN,493,-73.33223121552727,155.50060972189073,177.21176091609323,111.19450337653808,58.28,179.99314669876327,-179.99459186644407,,,,No,General,Favoured,General,Favoured
3593,HXK3,A,HIS,494,-57.20681535127455,-30.588809512720623,176.9237806675865,111.4674912359177,51.47,168.07566447320892,-9.947668648855078,,,,No,General,Favoured,General,Favoured
3594,HXK3,A,ASP,495,-71.47630090479434,-27.297774578744583,172.66189954683938,112.01336727726222,56.28,-72.68407347432218,-9.958735811492643,,,,No,General,Favoured,General,Favoured
3595,HXK3,A,GLN,496,-76.90422499380674,-34.91482844446305,-177.87480228216137,112.46833735448666,52.07,-83.6811511168444,171.27236668275626,-43.75029894094527,,,No,General,Favoured,General,Favoured
3596,HXK3,A,LEU,497,-69.87939126049615,-42.91240348286195,178.36062457493512,110.95242626547365,50.26,-58.15436538631631,173.32536178221937,,,,No,General,Favoured,General,Favoured
3597,HXK3,A,ALA,498,-50.115217093960865,-44.13066421241967,171.40151506061352,111.2234723254131,49.57,,,,,,No,General,Favoured,General,Favoured
3598,HXK3,A,ALA,499,-62.452616729013535,-40.04521128413829,175.64859419258033,111.39273793287212,51.92,,,,,,No,General,Favoured,General,Favoured
3599,HXK3,A,GLN,501,-50.37307535909874,-53.46844059993679,171.83226010040536,110.98421385777017,50.55,179.72657257595742,-178.08944929241142,-179.98606955282605,,,No,General,Favoured,General,Favoured
3600,HXK3,A,ALA,502,-50.491047927745875,-47.21265544751874,179.88988107298775,111.68192491548548,57.83,,,,,,No,General,Favoured,General,Favoured
3601,HXK3,A,GLN,503,-71.94522679848876,-22.98606394362622,-174.99824585124298,112.08713587244273,58.08,-35.67961478110525,-152.6995554921078,179.99338980110534,,,No,General,Favoured,General,Favoured
3602,HXK3,A,MET,504,-67.78995781108362,-38.41004024014827,168.83039769099852,110.05169643813427,57.69,-173.3244413924042,66.46927746142204,83.19308184413593,,,No,General,Favoured,General,Favoured
3603,HXK3,A,ARG,505,-53.441684894886315,-60.818642879913526,173.90968169752523,111.07189096061823,61.9,173.83875977992187,-151.0501787236968,179.9880710904171,179.99503160702142,-179.9845917308763,No,General,Favoured,General,Favoured
3604,HXK3,A,LYS,506,-60.50496409689785,-37.54774138375864,-174.38494927412387,110.84927839933935,57.14,179.99765139472967,179.9815455536902,179.99445303676896,-179.94695163131982,,No,General,Favoured,General,Favoured
3605,HXK3,A,ALA,507,-72.27933156711518,-25.672479823380467,-177.8902468420943,111.56569865198462,61.62,,,,,,No,General,Favoured,General,Favoured
3606,HXK3,A,MET,508,-69.94728737888153,-53.81395394666986,172.82570644290527,111.0059645984409,60.76,-66.20622663967002,164.22437002602985,72.94655268498855,,,No,General,Favoured,General,Favoured
3607,HXK3,A,ALA,509,-55.12953982002856,-38.37534233245188,176.27153351589433,110.28295568798893,66.64,,,,,,No,General,Favoured,General,Favoured
3608,HXK3,A,LYS,510,-67.51646052750206,-35.721110437579846,-177.3712406922454,111.69946991524819,63.79,167.30021286833394,168.99248373646248,-179.9996080436244,-179.9894006642624,,No,General,Favoured,General,Favoured
3609,HXK3,A,LEU,512,-79.29517659353893,-41.378454188940914,-175.19539068925488,112.24256571756335,69.5,-71.319700042698,165.64566329052798,,,,No,General,Favoured,General,Favoured
3610,HXK3,A,ARG,513,-65.90285029633772,152.0719264195055,-178.8914221077077,110.95089103826645,76.25,-179.9867416528009,-179.98009546961043,179.99786802177283,179.9931255741612,179.9928600946358,No,General,Favoured,General,Favoured
3611,HXK3,A,GLU,515,-75.45447141334836,-53.187910978142234,-177.32466771509436,112.23281446896041,76.41,54.08471891681446,76.74837461727599,23.622450841208806,,,No,General,Favoured,General,Favoured
3612,HXK3,A,SER,518,-69.77165476762285,-34.49038190525647,173.97891817449545,113.98652875775043,66.06,179.98953411570992,,,,,No,General,Favoured,General,Favoured
3613,HXK3,A,LEU,519,-93.79126360971141,107.34031655080263,177.62599769533162,107.05231685249043,58.47,179.98428880118934,179.97162817873098,,,,No,General,Favoured,General,Favoured
3614,HXK3,A,ARG,520,-83.12803469373564,-15.649358549336908,-158.988558001764,113.68236266099088,52.62,-68.92532390808428,-64.11572853087465,179.98494340932808,-179.99944820357132,-179.97435940957675,No,General,Favoured,General,Favoured
3615,HXK3,A,MET,521,56.33016816976586,49.12967486959604,170.41519868865447,112.29302974846539,55.02,-64.22695348139321,-60.56006652532319,173.7783973482896,,,No,General,Favoured,General,Favoured
3616,HXK3,A,THR,524,-90.23432953065998,-15.141937867301985,176.63109855608002,113.98632611860522,53.79,65.44158482697118,,,,,No,General,Favoured,General,Favoured
3617,HXK3,A,PHE,525,54.950609778386585,28.24599519728619,-167.77037178130135,111.59242683052196,63.43,-60.46294784011683,-86.14089013870318,,,,No,General,Favoured,General,Favoured
3618,HXK3,A,ARG,527,-102.48501950359362,-2.5157777760951294,-171.06311101735153,114.79197796359911,63.32,-179.98881002264667,-179.99919476824147,179.99535177291992,-179.97072316191534,-179.98893829520014,No,General,Favoured,General,Favoured
3619,HXK3,A,ALA,528,-141.25288936052954,157.02230586326507,-170.76219479058534,110.12196485597816,67.39,,,,,,No,General,Favoured,General,Favoured
3620,HXK3,A,ASP,531,-116.36161852930664,-175.01691699433127,157.4819594105604,107.18841292075007,67.06,-50.28175113968157,-16.540569472570297,,,,No,General,Favoured,General,Favoured
3621,HXK3,A,SER,533,-65.02852153461706,-45.040168333842736,-164.74990776679624,112.47576434853336,67.93,-179.99825287175426,,,,,No,General,Favoured,General,Favoured
3622,HXK3,A,GLU,534,-67.96302795660337,141.11703426120238,-148.5675599085759,112.17992028471726,69.0,-62.96838188355655,88.0894418788433,1.619811874224743,,,No,General,Favoured,General,Favoured
3623,HXK3,A,ARG,535,-148.7851302853288,143.95395822776095,-179.87162470934808,108.69320620796343,77.76,179.99646845956894,-179.99726743589173,-179.9992465055031,179.98194991171115,-179.9852422774499,No,General,Favoured,General,Favoured
3624,HXK3,A,ASP,537,-118.18284223368805,130.58809326715897,175.69437815153705,109.18468459170955,77.12,-71.16469423184289,-17.964836980727803,,,,No,General,Favoured,General,Favoured
3625,HXK3,A,PHE,538,-133.16535984344404,138.04711500069808,179.0957541571838,109.41582973655149,68.24,-51.97318748316159,73.2311654879529,,,,No,General,Favoured,General,Favoured
3626,HXK3,A,LEU,539,-90.16262286275743,140.11149516169954,170.94734105997375,109.35444826255456,68.47,-70.85992398335232,171.06856778704406,,,,No,General,Favoured,General,Favoured
3627,HXK3,A,ALA,540,-120.52280693655925,128.55885220433274,171.55223295842382,108.03869167490079,65.09,,,,,,No,General,Favoured,General,Favoured
3628,HXK3,A,LEU,541,-108.46907273325262,110.76870121779505,172.02066810883764,106.791897842444,63.2,165.10751860458132,76.85769365072608,,,,No,General,Favoured,General,Favoured
3629,HXK3,A,ASP,542,-109.35202089807618,106.15709739629405,-179.09472327480677,107.36286796758637,66.67,178.00132873463056,6.487303265974282,,,,No,General,Favoured,General,Favoured
3630,HXK3,A,LEU,543,-126.50941068102141,114.36012463766372,-179.3653920270473,109.6432635317825,66.73,175.7383392716335,132.7628338887266,,,,No,General,Favoured,General,Favoured
3631,HXK3,A,THR,546,-71.73600797832202,-16.030653167029413,-168.3867359506578,113.54068954991693,66.98,78.58149690332259,,,,,No,General,Favoured,General,Favoured
3632,HXK3,A,ASN,547,-114.02281225680485,108.31368623648936,-178.8841691557459,110.05836190593295,65.82,-68.06539204905008,-75.96572878475132,,,,No,General,Favoured,General,Favoured
3633,HXK3,A,PHE,548,-83.76255379078555,155.5687273184962,164.15455574695173,111.46646247716525,71.37,44.88200177620929,54.66494120615897,,,,No,General,Favoured,General,Favoured
3634,HXK3,A,ARG,549,-103.65031447992604,143.11840507728212,162.75323268757913,109.30478345757926,77.05,-52.168248905208934,-173.76360605220538,-59.33595414065497,124.72554013043536,1.6767415801806385,No,General,Favoured,General,Favoured
3635,HXK3,A,LEU,551,-127.26367515166439,147.76006928705888,-172.08473826173068,110.740705175717,68.75,-47.10492897315574,99.97925921900173,,,,No,General,Favoured,General,Favoured
3636,HXK3,A,LEU,552,-111.66494380136487,119.569731027904,170.92752885795812,109.60558197862794,80.09,171.7276107066281,59.168095622579834,,,,No,General,Favoured,General,Favoured
3637,HXK3,A,ARG,554,-112.49274473839164,130.48937073528978,173.7377300237621,108.83624461659541,78.42,173.1159909700636,111.71431522027699,62.86295620761906,-136.98091497742197,-4.5251667147755965,No,General,Favoured,General,Favoured
3638,HXK3,A,GLN,560,-117.79560317796694,156.15837740760992,164.15132757489314,110.08134582226702,86.33,78.41332006966873,-63.057912612787504,25.824114485908282,,,No,General,Favoured,General,Favoured
3639,HXK3,A,THR,562,-132.74835565718078,122.85910185862733,157.6820919118058,107.31243794498882,87.37,-179.99971971605927,,,,,No,General,Favoured,General,Favoured
3640,HXK3,A,SER,563,-116.36643315026006,175.48149690572677,172.53589093325616,109.93084211843862,78.14,-179.9804136169776,,,,,No,General,Favoured,General,Favoured
3641,HXK3,A,GLU,564,-150.7314183711811,142.01580540121017,162.24520935180962,106.02907060895234,79.12,-167.81322793182275,178.4405823307729,-179.98910166065042,,,No,General,Favoured,General,Favoured
3642,HXK3,A,TYR,566,-121.46373565651812,156.94018945490967,174.12857332997183,110.2039011035515,72.08,-59.75887907646575,70.44989415447414,,,,No,General,Favoured,General,Favoured
3643,HXK3,A,SER,567,-107.66537612150398,144.50454185168718,175.2562287421292,109.18705861062928,69.57,179.9879205882306,,,,,No,General,Favoured,General,Favoured
3644,HXK3,A,GLU,570,-62.347332596766776,-30.631479132554183,-170.71457859874255,111.75283723057031,52.69,50.92086326932207,173.87018627440474,13.051187210511124,,,No,General,Favoured,General,Favoured
3645,HXK3,A,THR,571,-59.13916235863331,-55.0743641303962,171.06130333341636,111.02984751985885,63.14,179.99878497555724,,,,,No,General,Favoured,General,Favoured
3646,HXK3,A,ALA,573,-77.89076045568126,-29.111748291622476,-176.94638390240732,113.16039905575202,75.92,,,,,,No,General,Favoured,General,Favoured
3647,HXK3,A,GLN,574,-88.77384143525401,-4.856019566392328,177.45328288966707,112.21204311341643,79.39,-166.85803170393206,-179.9852037720268,-179.98278695135036,,,No,General,Favoured,General,Favoured
3648,HXK3,A,SER,576,-77.72551368006107,158.780433957561,179.1463137542918,111.18351161950329,76.18,179.99136372915683,,,,,No,General,Favoured,General,Favoured
3649,HXK3,A,GLN,578,-74.00341323885837,-36.260358758992076,179.85831629314347,111.76849247647638,70.9,-61.18459253857018,-179.97433876347876,-179.98593341043247,,,No,General,Favoured,General,Favoured
3650,HXK3,A,GLN,579,-74.54148101899796,-14.035008262899154,170.83535468923662,112.74869306150353,71.56,-46.57024775428962,165.07346110935518,-45.98580275056999,,,No,General,Favoured,General,Favoured
3651,HXK3,A,LEU,580,-72.00319775450279,-45.88070384908686,175.54090928917938,111.45738572552358,64.17,167.37170362152756,59.31263788370205,,,,No,General,Favoured,General,Favoured
3652,HXK3,A,PHE,581,-82.77416208903152,-16.26756157843801,-177.38613554530488,113.53814567728227,66.97,-68.87547895909529,69.94717927940309,,,,No,General,Favoured,General,Favoured
3653,HXK3,A,ASP,582,-69.23664402778925,-45.14199486559665,168.95416978271862,110.84361851848786,65.41,-58.0208327865083,3.8126705077993264,,,,No,General,Favoured,General,Favoured
3654,HXK3,A,HIS,583,-55.058588970248636,-43.13754073454721,174.81208984509558,110.2337921679774,61.53,-178.90297781627712,65.11387398013981,,,,No,General,Favoured,General,Favoured
3655,HXK3,A,ASP,586,-72.39130900237873,-40.726995142574644,178.36060853130527,110.47185413469066,71.83,172.38332927930895,-179.98567694108766,,,,No,General,Favoured,General,Favoured
3656,HXK3,A,CYS,587,-53.328663471391714,-30.729818573028556,177.30985712174922,110.72168852732824,70.52,-53.202834040232055,,,,,No,General,Favoured,General,Favoured
3657,HXK3,A,ASP,590,-59.304965638937055,-49.95797323088604,179.10636960291276,110.95043713794395,77.25,173.94070025102417,70.87775897267571,,,,No,General,Favoured,General,Favoured
3658,HXK3,A,PHE,591,-72.78085557877787,-44.95453523807695,-170.9629777723933,110.80960081743918,83.74,158.01871823992252,-93.85689304399612,,,,No,General,Favoured,General,Favoured
3659,HXK3,A,GLN,592,-46.21930959445171,-47.14975473875626,171.17647913819815,110.90278879481797,80.72,-140.79566780675924,179.99849689290141,179.9850191482688,,,No,General,Favoured,General,Favoured
3660,HXK3,A,GLN,593,-62.7210280471913,-43.06274667223521,173.16533204383364,111.25642479117444,85.25,174.9306410289988,-79.45032757291403,-3.8760223039625434,,,No,General,Favoured,General,Favoured
3661,HXK3,A,LYS,594,-67.06947357084674,-27.25962351478917,-177.21849170077917,111.0757876790953,86.79,153.58986453945082,-179.99832406335267,-179.96789634005987,-179.9672802326091,,No,General,Favoured,General,Favoured
3662,HXK3,A,GLN,595,-65.31759729153838,-12.436155985775144,164.75029423235387,112.8125213198665,95.03,-75.24251016193732,179.99901523426047,-179.98612863708053,,,No,General,Favoured,General,Favoured
3663,HXK3,A,LEU,597,-94.72254478457283,7.0465081458201215,-174.9229272822804,113.91308567650975,90.07,-76.0941778133726,-179.99799035827039,,,,No,General,Favoured,General,Favoured
3664,HXK3,A,SER,598,-54.33458927047611,125.30202221464556,-172.5407989294118,110.1945274868646,82.97,-179.97606608659098,,,,,No,General,Favoured,General,Favoured
3665,HXK3,A,GLN,600,-99.95273434231098,136.30423318815684,-179.31674676440858,109.4892358753185,85.71,-179.97018338609095,-179.97181105390666,179.9906407225934,,,No,General,Favoured,General,Favoured
3666,HXK3,A,SER,601,-89.12057282656018,144.40875763451592,171.46339369606426,110.59030578305985,77.79,178.88748675806514,,,,,No,General,Favoured,General,Favoured
3667,HXK3,A,LEU,604,-139.02928684458254,127.70755911633519,-170.9455574637627,111.99241716864871,59.94,172.95883547562218,130.98858867906029,,,,No,General,Favoured,General,Favoured
3668,HXK3,A,PHE,606,-138.117439149304,117.65381632628934,-164.14932191275372,110.29196509038965,58.45,178.0773786839514,35.0145239536138,,,,No,General,Favoured,General,Favoured
3669,HXK3,A,THR,607,-104.37366457001988,108.81488270075685,174.41404910717134,107.5112487674046,62.52,-62.840135291136114,,,,,No,General,Favoured,General,Favoured
3670,HXK3,A,PHE,608,-118.77391647652168,108.09772011562414,-179.84144463044262,106.47923491307684,60.94,-175.38561018381404,81.36085572922991,,,,No,General,Favoured,General,Favoured
3671,HXK3,A,SER,609,-106.10161000705524,104.84020112435199,-168.94900954236127,107.11756046071106,66.71,-61.81037199419789,,,,,No,General,Favoured,General,Favoured
3672,HXK3,A,CYS,612,-145.00140292917763,137.04182090973802,-176.7909306797504,112.58175237203496,77.52,-85.09745963205216,,,,,No,General,Favoured,General,Favoured
3673,HXK3,A,ARG,613,-90.19859646398729,114.33153577797461,158.09881200700164,107.61865789460671,79.45,171.64399477336403,69.8753317519204,-179.98005531919515,-179.9639014138593,179.96921590847487,No,General,Favoured,General,Favoured
3674,HXK3,A,GLN,614,-106.86291990993949,113.21222637003467,178.97211197061873,109.25631915061325,68.75,-162.6825443817143,-173.99015893365515,-142.6135021734305,,,No,General,Favoured,General,Favoured
3675,HXK3,A,LEU,615,-94.36169100933895,-12.317090948559443,-178.106352204184,113.39709951718967,68.63,-59.53728471816854,179.9959483151817,,,,No,General,Favoured,General,Favoured
3676,HXK3,A,LEU,617,-53.740389524437674,-43.47641245402543,178.89466502314178,111.80186838741542,55.25,176.74538035868943,60.97910294809668,,,,No,General,Favoured,General,Favoured
3677,HXK3,A,ASP,618,-98.54610058994915,6.24960096546261,-179.08787735925654,114.21160090222087,59.32,59.04773603250909,-10.001163999700335,,,,No,General,Favoured,General,Favoured
3678,HXK3,A,GLN,619,-127.54118061700872,129.83760535722274,-177.13434265621004,110.79902714680905,65.92,179.30201655402388,-166.87816350814097,2.7027213033430373,,,No,General,Favoured,General,Favoured
3679,HXK3,A,LEU,622,-65.2720543444891,125.81195595010769,170.92900967061382,110.11491180893157,75.58,168.47880755475305,64.65847006343621,,,,No,General,Favoured,General,Favoured
3680,HXK3,A,LEU,623,-92.92819249856244,-71.82031271450892,-178.99728366982504,110.0104263915466,77.07,-61.1756655151404,179.09105352625983,,,,No,General,Allowed,General,Allowed
3681,HXK3,A,ASN,624,-114.95200863990992,138.27869726364906,173.31593979864735,109.30974658446353,89.03,-55.67252035777279,179.99516316890353,,,,No,General,Favoured,General,Favoured
3682,HXK3,A,TRP,625,-63.93869076640525,156.04376580821696,163.91003100806287,109.59246248846551,77.9,-84.30935308818533,123.12726401323917,,,,No,General,Favoured,General,Favoured
3683,HXK3,A,THR,626,-140.15633643634808,-175.4824025318972,177.5136843581724,106.29177310537172,79.01,-47.356676536777655,,,,,No,General,Favoured,General,Favoured
3684,HXK3,A,LYS,627,65.44930354994568,-1.0221259149541575,160.94409382160737,112.61214842810192,76.83,-48.48424093002682,-68.36570214605858,178.44465438482797,62.17141892630617,,No,General,Allowed,General,Allowed
3685,HXK3,A,PHE,629,-95.84907543988511,116.83756437459412,179.83324135844936,110.89628250135041,79.55,-64.72241665850062,-155.57333891751594,,,,No,General,Favoured,General,Favoured
3686,HXK3,A,LYS,630,-96.5215559864621,4.212578665601271,179.1392342319412,113.54955375855185,81.34,-179.997266522945,-179.9933912847896,-179.98560459342173,179.99148421097482,,No,General,Favoured,General,Favoured
3687,HXK3,A,ALA,631,-57.13828322852876,125.55220202395083,-171.55976786533944,112.3593800795445,76.11,,,,,,No,General,Favoured,General,Favoured
3688,HXK3,A,SER,632,-75.07861722437774,162.16551736322504,-179.85857755384035,111.32918502135077,76.67,67.77778639265905,,,,,No,General,Favoured,General,Favoured
3689,HXK3,A,ASP,633,70.58156766983389,25.314701182338855,172.3926923534156,114.13567727807487,73.46,-179.9910291352442,-179.99619591935445,,,,No,General,Favoured,General,Favoured
3690,HXK3,A,CYS,634,-117.06284360020875,-61.832311006646364,-176.8751651983246,111.80750783521104,78.01,-66.5577687868844,,,,,No,General,Favoured,General,Favoured
3691,HXK3,A,GLU,635,-51.80957294610076,130.3143136509612,-178.62352381847327,110.82370580325457,75.78,-40.09096778581936,-169.3113547344303,137.6665973462166,,,No,General,Favoured,General,Favoured
3692,HXK3,A,GLN,637,-115.39109336124042,155.57220880849673,-178.05991699815954,110.04706039684659,77.52,-63.108068454445856,-58.06505505216403,-39.034575712818906,,,No,General,Favoured,General,Favoured
3693,HXK3,A,ASP,638,-74.64227591730658,121.25479803562588,177.03077181339364,108.8451849207263,74.03,178.16553806532772,4.007307176956821,,,,No,General,Favoured,General,Favoured
3694,HXK3,A,SER,641,-64.26400321800821,-39.44078049724167,175.0590211666454,110.0387494271248,70.61,179.99544834069948,,,,,No,General,Favoured,General,Favoured
3695,HXK3,A,LEU,642,-52.02329091227473,-49.270428521824705,168.60998160047575,111.1049924635202,68.03,-59.4230266338202,170.80829658912992,,,,No,General,Favoured,General,Favoured
3696,HXK3,A,LEU,643,-72.85733283904555,-40.144395936937634,178.7008278317074,111.58223814773466,63.59,176.05681271353023,58.8691378757674,,,,No,General,Favoured,General,Favoured
3697,HXK3,A,ARG,644,-71.33317520227521,-42.988507233018495,-174.40776869891974,111.4520566676485,70.72,-72.1779761233989,-174.460293563326,-179.9931033956299,179.9952624721329,179.98945099130148,No,General,Favoured,General,Favoured
3698,HXK3,A,GLU,645,-65.5744423893244,-24.597626365226347,176.9702753608158,111.62218603262369,67.47,-46.45413911576755,-168.21137406943876,121.2730678480739,,,No,General,Favoured,General,Favoured
3699,HXK3,A,ALA,646,-77.97558612909862,-20.931983869991324,173.23161474188555,112.21194737170568,73.7,,,,,,No,General,Favoured,General,Favoured
3700,HXK3,A,THR,648,-60.98751815774777,-25.869636512961574,179.30136135449374,112.73291228877056,80.39,179.99936698870786,,,,,No,General,Favoured,General,Favoured
3701,HXK3,A,ARG,649,-94.05918311103453,-3.987087138158488,-162.7680858630118,114.88163631126586,78.07,-54.11303110442441,-171.68135105318362,-124.72455331162463,107.8655995998393,-1.3874899792312456,No,General,Favoured,General,Favoured
3702,HXK3,A,ARG,650,-94.20122058684821,4.485339244521863,-169.6927339280209,113.16161659526995,85.84,153.53636627162444,67.35923582039177,75.11731098485936,-153.11216993143987,-3.8101517988225777,No,General,Favoured,General,Favoured
3703,HXK3,A,GLN,651,73.87303034024711,-31.75367251784278,167.06374376940886,113.05886825125985,97.31,-91.10965857210438,106.69186924529515,160.4793322791631,,,No,General,Allowed,General,Allowed
3704,HXK3,A,ALA,652,-94.22224460296414,-30.257365328613265,172.39039807596387,113.17970899241575,94.91,,,,,,No,General,Favoured,General,Favoured
3705,HXK3,A,GLU,654,50.20258062220642,74.29990518534879,170.96156239516736,112.01250173661863,87.58,179.9937802172344,-179.9975831124327,-179.98487688922563,,,No,General,Allowed,General,Allowed
3706,HXK3,A,LEU,655,-114.64627128806299,157.97685829044235,172.02972340312706,109.26897457527524,80.06,89.01513289926429,179.9911841387299,,,,No,General,Favoured,General,Favoured
3707,HXK3,A,ASN,656,-102.27192561599348,125.13650673264092,-172.00460020443612,110.52067110865657,68.54,-173.58389913062936,11.431235316722633,,,,No,General,Favoured,General,Favoured
3708,HXK3,A,ALA,659,-151.2121141512771,150.09912903889463,-161.15018610497188,112.60655264553704,57.45,,,,,,No,General,Favoured,General,Favoured
3709,HXK3,A,ASN,662,-94.36214543778715,145.50291966583006,169.4152071701784,108.72515919338814,47.33,172.35741188786844,-55.8863241274418,,,,No,General,Favoured,General,Favoured
3710,HXK3,A,ASP,663,-64.27669999113719,-29.072914249544095,-166.17060312652393,113.22448362854188,48.51,55.514897910861954,3.747083533158104,,,,No,General,Favoured,General,Favoured
3711,HXK3,A,THR,664,-67.08357054026412,-43.7196942432641,175.58542966217067,111.05153821240938,48.85,50.95633648883957,,,,,No,General,Favoured,General,Favoured
3712,HXK3,A,THR,667,-63.1212747658389,-47.394902150235325,177.39277485616157,110.81290129901917,47.18,-67.06129935034495,,,,,No,General,Favoured,General,Favoured
3713,HXK3,A,MET,668,-56.462950191448215,-51.863847940742126,177.27510174469134,110.73193974405756,46.95,174.371011677961,-166.73502522934658,78.92249053633728,,,No,General,Favoured,General,Favoured
3714,HXK3,A,MET,669,-58.00475479059908,-38.15737012485707,-178.58233102742244,111.47376965214544,53.81,-169.24693725886806,65.37292366423813,61.28955088463763,,,No,General,Favoured,General,Favoured
3715,HXK3,A,SER,670,-62.59431226199133,-41.45704556182421,-171.93945507945975,112.33213570008009,50.02,179.99858835832075,,,,,No,General,Favoured,General,Favoured
3716,HXK3,A,CYS,671,-90.33530605754869,-3.3039365874380904,177.3643068080827,111.94407000125639,58.85,85.16887399992399,,,,,No,General,Favoured,General,Favoured
3717,HXK3,A,TYR,673,-73.20490690194929,-28.79386662119753,175.3346038770725,112.55803405800849,51.27,-72.26336075537768,46.77146323626837,,,,No,General,Favoured,General,Favoured
3718,HXK3,A,GLU,674,-78.8704762472297,-48.40143508647934,169.99090919902912,111.95694260033797,56.77,179.9971568756712,179.98870705198973,-179.99093093664447,,,No,General,Favoured,General,Favoured
3719,HXK3,A,ARG,677,-83.02416459611909,1.9008347158197472,-178.3782741777027,113.10516111570278,77.97,-44.170381779885034,179.99305280172408,179.98852884412526,179.97675193536153,-179.99819387621707,No,General,Favoured,General,Favoured
3720,HXK3,A,CYS,678,-87.7484606386332,109.17294353253985,-172.52923841799193,109.643994414698,63.39,160.7079979125936,,,,,No,General,Favoured,General,Favoured
3721,HXK3,A,GLU,679,-101.18613796102225,0.4660266570371198,175.9939972600035,114.93831392094135,60.31,-65.52695616364997,-119.7197465059889,129.47407284112407,,,No,General,Favoured,General,Favoured
3722,HXK3,A,LEU,682,-146.394739197823,137.73439533799413,177.0363430407866,110.18374200777158,47.35,169.44722171944497,65.56648968863202,,,,No,General,Favoured,General,Favoured
3723,HXK3,A,THR,686,-57.85287906781316,-12.323780807521436,169.94504515959935,111.33801014186501,37.55,88.18529740854835,,,,,No,General,Favoured,General,Favoured
3724,HXK3,A,THR,688,-144.54413459078813,141.5692217954065,-179.66571451628863,109.83789270226616,34.84,179.99479597558167,,,,,No,General,Favoured,General,Favoured
3725,HXK3,A,ASN,689,-158.15918584182086,164.66153370906244,-179.0776249465823,108.11236620223602,46.92,-165.51196779331548,12.142348443515345,,,,No,General,Favoured,General,Favoured
3726,HXK3,A,ALA,690,-151.3194320900062,157.69879413065155,-178.28874120929245,109.63621389942257,47.57,,,,,,No,General,Favoured,General,Favoured
3727,HXK3,A,CYS,691,-150.7978139084562,143.89463852917507,177.1272016444506,109.71137185557654,51.17,62.72257619941929,,,,,No,General,Favoured,General,Favoured
3728,HXK3,A,TYR,692,-129.88760150915115,166.06926376741697,169.93082758591828,109.81911394973257,57.28,49.675403993762615,-73.99511011252632,,,,No,General,Favoured,General,Favoured
3729,HXK3,A,MET,693,-79.75136332513459,127.06390535568441,167.46843002042036,109.4577146581276,65.35,-65.34354827410091,-58.13062272289457,-62.90050186452589,,,No,General,Favoured,General,Favoured
3730,HXK3,A,GLU,694,-116.62503437201508,153.15954934350304,-177.8161046417418,111.61399343559283,68.3,-169.26567374621496,55.43510816376428,136.0662698790488,,,No,General,Favoured,General,Favoured
3731,HXK3,A,GLU,695,-69.43755657583581,128.50187451174378,172.34014686509983,109.88006794614549,73.2,-46.713684967917686,-51.303497928971574,-39.82965772446856,,,No,General,Favoured,General,Favoured
3732,HXK3,A,LEU,696,-66.37855414568781,-17.470429452082612,-175.45032674913602,112.48846038153833,70.68,-63.422761253422244,-179.99988962395125,,,,No,General,Favoured,General,Favoured
3733,HXK3,A,ARG,697,-59.204293062459946,-38.105746258787256,169.8260517156391,110.55764887366342,67.88,-17.617637061448452,179.99177260144126,-66.00054693248292,-104.541520626167,-0.8246619766726353,No,General,Favoured,General,Favoured
3734,HXK3,A,ASN,698,-84.65140406909256,-15.127330007715907,-175.993321289798,113.73253843467319,69.39,-61.481166035672224,128.80687816046452,,,,No,General,Favoured,General,Favoured
3735,HXK3,A,ALA,700,-96.2918899286078,-2.682383274028444,-173.27663562757596,112.63405657335366,75.07,,,,,,No,General,Favoured,General,Favoured
3736,HXK3,A,ASP,705,-105.73986995557742,1.1062720829723054,-172.43270146147267,115.88613845455336,69.68,-48.75377231929578,-179.98524879743553,,,,No,General,Favoured,General,Favoured
3737,HXK3,A,SER,706,-101.41999976768896,122.4402889633816,-169.45143512477574,110.82200921393078,81.15,179.99364141548767,,,,,No,General,Favoured,General,Favoured
3738,HXK3,A,ARG,708,-125.43888623571107,154.49346837249337,-178.5157201292301,110.93221717130477,76.28,-58.52568459524968,171.75324452052016,-44.1685476933159,-177.3983009671734,0.9080952321006368,No,General,Favoured,General,Favoured
3739,HXK3,A,MET,709,-140.78862162919665,134.6097810444552,177.49993020873666,110.84498630493553,64.18,-176.840431471553,179.37313379743782,-77.82379789879857,,,No,General,Favoured,General,Favoured
3740,HXK3,A,CYS,710,-65.12204143912143,134.73223810464043,175.79544849740634,111.04273585869876,58.2,-177.89537889089206,,,,,No,General,Favoured,General,Favoured
3741,HXK3,A,ASN,712,-91.15246532586733,110.58952476233988,172.5144187101132,105.97055592873375,52.3,163.7012134592794,39.08093527339908,,,,No,General,Favoured,General,Favoured
3742,HXK3,A,MET,713,-68.50788097920106,-37.66446835293382,-169.52503166169464,111.67545476265262,51.14,-65.29415484363258,175.82490573201517,71.40411582020944,,,No,General,Favoured,General,Favoured
3743,HXK3,A,GLU,714,46.66090983041283,61.55574443128957,-158.0700990234574,109.38503868938449,49.83,-73.65335844315689,-63.48586415398874,-32.22655879351028,,,No,General,Favoured,General,Favoured
3744,HXK3,A,TRP,715,-82.43969259762623,-11.47008141232824,-174.21329605027103,113.30960221852597,42.95,84.70973346727949,-15.668276408935043,,,,No,General,Favoured,General,Favoured
3745,HXK3,A,ALA,717,-80.92993902791028,-7.566958547454575,177.41134990401787,112.84582591389629,50.9,,,,,,No,General,Favoured,General,Favoured
3746,HXK3,A,PHE,718,-56.4421352921018,135.51007084611277,173.84692429473148,109.19667488076645,43.58,175.21736366434618,58.18738640018281,,,,No,General,Favoured,General,Favoured
3747,HXK3,A,ASP,720,-76.27568089907837,-5.973388162477567,176.59428424941316,114.47333469501912,61.67,-58.13513572535381,115.95173112751982,,,,No,General,Favoured,General,Favoured
3748,HXK3,A,ASP,721,-89.2210606001007,-4.629939509574475,170.199011960511,111.83672475488224,68.21,60.06165932765124,-12.223743928758072,,,,No,General,Favoured,General,Favoured
3749,HXK3,A,SER,723,-69.76992561180876,-18.814295779759224,-168.86073893330652,113.01547876456866,62.82,-179.99495540337585,,,,,No,General,Favoured,General,Favoured
3750,HXK3,A,LEU,724,-97.47496063736294,1.5870357643226383,174.22416084149404,113.32941513532934,58.14,-72.64117750107357,178.36181222734038,,,,No,General,Favoured,General,Favoured
3751,HXK3,A,ALA,725,-55.27308453547917,-24.428542290184694,-169.80393187848296,114.00099870774814,55.55,,,,,,No,General,Favoured,General,Favoured
3752,HXK3,A,MET,726,-84.50060891748402,-8.848146570304822,178.3920889173258,113.20970053243096,56.52,52.44630561450781,179.99707655346853,-179.99430922786428,,,No,General,Favoured,General,Favoured
3753,HXK3,A,LEU,727,-98.0693521250145,-4.578637775345038,170.11063135006606,113.8129214739804,50.67,-62.99343175484303,-87.11145346280259,,,,No,General,Favoured,General,Favoured
3754,HXK3,A,SER,728,-90.42236307804419,118.63412201545825,-173.20931412415968,109.99191761599529,43.96,-179.9949469366035,,,,,No,General,Favoured,General,Favoured
3755,HXK3,A,THR,729,-77.19367807726347,176.32171433498885,-179.17799014932564,110.27801904246536,37.91,62.402911274207575,,,,,No,General,Favoured,General,Favoured
3756,HXK3,A,ARG,730,-61.367826228264796,-24.0048665604952,172.0604914173212,111.27175946357171,41.55,56.10180298530626,-170.56577665965818,179.99116735273083,179.95057402332176,179.97816197012253,No,General,Favoured,General,Favoured
3757,HXK3,A,PHE,731,-77.26032985428462,-43.250817727994026,-179.4304781264624,110.62796129174005,40.62,-45.74018233835556,-75.00681633282804,,,,No,General,Favoured,General,Favoured
3758,HXK3,A,ASP,732,-55.7041690409197,-48.34076815402715,171.03767653856656,110.71908377802538,39.66,-65.36713070344206,-38.51551887229133,,,,No,General,Favoured,General,Favoured
3759,HXK3,A,ALA,733,-58.30406056114708,-33.9380808951609,179.30436280677495,111.20248920476851,43.81,,,,,,No,General,Favoured,General,Favoured
3760,HXK3,A,SER,734,-76.8198638873097,-36.51694710704871,-177.01747865245838,111.41124392825253,42.15,-179.98579106249585,,,,,No,General,Favoured,General,Favoured
3761,HXK3,A,ASP,736,-59.06872678573229,-50.99242659507776,-177.10397865916,111.04924467566894,46.07,-168.66102066380375,13.794751975940569,,,,No,General,Favoured,General,Favoured
3762,HXK3,A,GLN,737,-63.967142658651575,-26.4057477908735,-173.0962341468422,112.87947024566847,52.77,-68.18880884784187,-179.94872773072493,-3.880023335703961,,,No,General,Favoured,General,Favoured
3763,HXK3,A,ALA,738,-98.74402135440516,1.8392039720862525,-174.18361640287404,114.81315479757906,46.51,,,,,,No,General,Favoured,General,Favoured
3764,HXK3,A,SER,739,-85.27917458453958,-179.88694052167003,-179.1559584982813,110.89313305768151,45.51,59.28757477672299,,,,,No,General,Favoured,General,Favoured
3765,HXK3,A,LYS,744,-112.04146941488531,144.4508296798188,-176.0851890469303,110.80146363883122,53.51,-74.27747222338137,-175.99436964469356,167.6042443428232,-65.4130939674381,,No,General,Favoured,General,Favoured
3766,HXK3,A,GLN,745,66.04864405151623,38.0604531553558,174.24712671583856,112.74835171092236,49.82,-60.565764997336714,-88.38076531384021,-55.664731216841226,,,No,General,Favoured,General,Favoured
3767,HXK3,A,ARG,746,-64.16722609718634,-38.35800693280443,-171.24682266573117,112.7737909752012,48.06,-76.39751736545527,-177.3314958387671,-178.8572069831358,174.23272258729503,0.2111896989231737,No,General,Favoured,General,Favoured
3768,HXK3,A,PHE,747,-69.12178707099447,-36.606579055985,179.9651744203299,110.6311280735729,43.79,-172.73078212541432,66.313122878561,,,,No,General,Favoured,General,Favoured
3769,HXK3,A,GLU,748,-59.61851238959738,-31.955233476752955,176.6691405874154,110.76972115422461,40.4,153.91366654098556,167.67231248157216,-35.38347317855449,,,No,General,Favoured,General,Favoured
3770,HXK3,A,LYS,749,-79.07654338213521,-16.54277140014599,-176.2680203844672,113.13708447051275,37.49,-65.60374963993225,172.94200602317292,-176.09040223531477,177.01042459791395,,No,General,Favoured,General,Favoured
3771,HXK3,A,MET,750,-84.40387384179994,-33.4983064108948,171.34551593136948,113.32840544165364,32.55,-54.499925329236866,-176.2557327136364,-164.78990187251546,,,No,General,Favoured,General,Favoured
3772,HXK3,A,SER,752,-166.02302065982548,-178.8694845296753,-170.231684045342,110.79684257303701,29.34,77.21513832306228,,,,,No,General,Favoured,General,Favoured
3773,HXK3,A,MET,754,-58.44152615650321,-16.2086856392053,165.53061514511225,111.11711499690203,38.24,86.68831491062873,170.67500428914502,-64.21367822248192,,,No,General,Favoured,General,Favoured
3774,HXK3,A,TYR,755,-65.54067426198968,-32.67796495156151,-171.65861806375014,111.17205134652963,39.65,-52.47186013625148,-61.09467342196569,,,,No,General,Favoured,General,Favoured
3775,HXK3,A,LEU,756,-59.296939410265686,-52.26025779945894,179.4381611963202,110.54015792642969,33.75,-60.34985402546821,-174.16703422199834,,,,No,General,Favoured,General,Favoured
3776,HXK3,A,GLU,758,-77.51525820294181,-39.92428226815496,173.41166862336274,110.63171821120181,30.01,-79.80894853924734,-67.15717736637038,-68.19230597299685,,,No,General,Favoured,General,Favoured
3777,HXK3,A,ARG,761,-59.93360851881095,-42.65538053834552,-176.17141226583874,111.36874188923831,27.04,-168.4235274055982,171.8501935586028,66.26749477731416,80.41741436348777,0.7067721732426026,No,General,Favoured,General,Favoured
3778,HXK3,A,HIS,762,-65.04846793384212,-38.630438121348135,179.97805256800177,111.5554333817108,28.79,-78.47093620936344,90.01012508609584,,,,No,General,Favoured,General,Favoured
3779,HXK3,A,LEU,764,-58.603417386593414,-42.90270365602576,-175.19794105951433,110.8410913085073,22.14,-62.65578354085813,-172.07183594240277,,,,No,General,Favoured,General,Favoured
3780,HXK3,A,LEU,765,-57.58175005829213,-43.8118510883363,175.46247632804005,110.60434739327846,30.66,179.9966854738478,145.67614202905847,,,,No,General,Favoured,General,Favoured
3781,HXK3,A,HIS,766,-62.343646210795924,-47.879310521950146,-178.72199882720437,110.93474743935124,29.58,179.2026148185,90.00217113599318,,,,No,General,Favoured,General,Favoured
3782,HXK3,A,LEU,767,-53.91937520626944,-45.782704501856735,175.48470511139095,110.82579278055566,26.18,-72.83214723035671,-5.249047613308353,,,,No,General,Favoured,General,Favoured
3783,HXK3,A,THR,768,-65.42099962195553,-36.14104256212766,-176.65996862321342,111.6751298814862,27.97,-57.097659862217846,,,,,No,General,Favoured,General,Favoured
3784,HXK3,A,SER,769,-62.042222827734356,-31.85420112891293,175.63371239632804,111.35124500803971,29.58,179.99230473035385,,,,,No,General,Favoured,General,Favoured
3785,HXK3,A,LEU,770,-90.10697057594734,6.076727988479472,-174.8775755698513,112.06547471997317,28.57,-64.76447694886589,-179.98005479059347,,,,No,General,Favoured,General,Favoured
3786,HXK3,A,LEU,773,-152.72904964994387,152.83372703399868,-176.3840420886982,108.64116211154857,27.55,-177.8351325784403,60.71570300369805,,,,No,General,Favoured,General,Favoured
3787,HXK3,A,PHE,774,54.479962257856506,28.207462655367003,170.62748294609133,112.91134098883745,32.44,-69.26166252916698,-41.31025038003961,,,,No,General,Favoured,General,Favoured
3788,HXK3,A,ARG,775,43.63889367227095,47.96719875234658,-176.06155838006458,112.3516011164112,38.05,52.511324141425234,175.73825279059508,-86.72189888497499,-96.3404891683523,-0.2642670243521686,No,General,Favoured,General,Favoured
3789,HXK3,A,GLN,777,-125.86261380841798,122.26744791967025,-173.35019279372912,109.64689896426965,39.61,-71.07034164213833,171.70440915255153,-179.99161942763658,,,No,General,Favoured,General,Favoured
3790,HXK3,A,GLN,778,-97.99291553686567,114.06215803556782,-170.6538549518019,110.1048515996506,35.78,-179.99457787078077,179.98860259700263,179.93636610747924,,,No,General,Favoured,General,Favoured
3791,HXK3,A,GLN,780,-56.78926252934646,-30.799979066885435,158.08572456067947,110.1169557482334,43.51,-120.09098760573129,71.12709550355812,-179.9779639446288,,,No,General,Favoured,General,Favoured
3792,HXK3,A,ARG,781,-70.1625087710522,-28.642738434024142,178.58527383470175,111.81268954144204,35.43,177.7079492859996,62.795324589257085,-176.40592467540466,164.10219734261221,-0.19237869508820163,No,General,Favoured,General,Favoured
3793,HXK3,A,LEU,782,-76.45628556770963,-19.564897849848634,173.48190733194468,111.91265403212157,37.51,-176.08830931656954,61.4079385569544,,,,No,General,Favoured,General,Favoured
3794,HXK3,A,GLN,783,-83.24247482157509,-3.9757647609797107,174.22547663948768,111.8906584179232,37.06,-74.01265005558732,-174.98057478664285,-179.98759039830594,,,No,General,Favoured,General,Favoured
3795,HXK3,A,THR,784,-74.84409497101511,120.8207285891566,178.83918903751544,109.11994833879332,35.99,-67.6714172638038,,,,,No,General,Favoured,General,Favoured
3796,HXK3,A,ARG,785,-76.08279268411268,136.85757384638305,-178.42226223465616,111.3606097330778,34.67,149.83773636302612,148.0239829910984,154.51257009202462,166.75638168994212,0.6887704283598572,No,General,Favoured,General,Favoured
3797,HXK3,A,ASP,786,104.97025730456802,-7.033710785623065,173.21425520788443,114.66161289683747,31.82,-179.99775579222535,-179.97431089796652,,,,No,General,Disallowed,General,Disallowed
3798,HXK3,A,PHE,788,-90.68207084914214,109.45905202299848,179.59517003728257,106.66931490481669,35.51,-76.40128589001341,-81.02498668650209,,,,No,General,Favoured,General,Favoured
3799,HXK3,A,LYS,789,-110.41801773273026,148.14010621745783,-170.04485271538846,108.04091837104593,37.56,-56.55460456273335,174.89663373033994,179.98374760187323,179.9649865628455,,No,General,Favoured,General,Favoured
3800,HXK3,A,THR,790,-51.31001919387999,-39.44920546865234,-170.06041784542447,111.99677295276369,38.11,-65.06401397856301,,,,,No,General,Favoured,General,Favoured
3801,HXK3,A,LYS,791,-60.86513663721875,-31.642767163717473,179.33490851669754,110.8956986344868,43.82,61.288572675726,179.9237952602971,175.23532016816867,176.92770963499854,,No,General,Favoured,General,Favoured
3802,HXK3,A,PHE,792,-78.19456292508637,-35.793330239142364,179.1785995004091,112.43533155234368,38.82,-72.35762744504987,-32.43412602319498,,,,No,General,Favoured,General,Favoured
3803,HXK3,A,LEU,793,-61.7546549118593,-27.224510348622537,171.9611383718285,111.87248448272223,36.93,-54.25713702419529,169.5852209455842,,,,No,General,Favoured,General,Favoured
3804,HXK3,A,SER,794,-81.2498257585771,-37.4820219262767,-178.14298156198873,112.07056410913262,41.49,-61.46243937934457,,,,,No,General,Favoured,General,Favoured
3805,HXK3,A,GLU,795,-74.45999984194601,-39.827469700632996,177.16235858235913,111.157623139011,41.86,-32.60593623680158,-172.96323470697214,-77.37394684158168,,,No,General,Favoured,General,Favoured
3806,HXK3,A,GLU,797,-75.17733440424601,-29.442344551135026,-173.01291576940935,112.46498177675512,40.9,-177.83409550137998,155.0039002484017,-5.356537072572427,,,No,General,Favoured,General,Favoured
3807,HXK3,A,SER,798,-86.38400475845617,0.8929229553972126,-179.32172853951812,113.45275843689798,39.98,57.76631203293508,,,,,No,General,Favoured,General,Favoured
3808,HXK3,A,ASP,799,-87.21158928110998,143.1939167274043,-179.76765981722596,110.90225818276744,46.89,-169.88543418544842,11.119933715918805,,,,No,General,Favoured,General,Favoured
3809,HXK3,A,SER,800,-130.6304378977225,-171.97069518418243,-175.27879661831062,111.69021052025553,42.27,-179.98419781324142,,,,,No,General,Favoured,General,Favoured
3810,HXK3,A,LEU,801,56.12807091444996,-117.19788993715075,168.65719527107674,109.04997211641557,44.36,-67.43944630032775,169.51676183518234,,,,No,General,Allowed,General,Allowed
3811,HXK3,A,ALA,802,-80.94063394927947,-5.061560379262253,-170.4652393280254,113.1831779099543,37.5,,,,,,No,General,Favoured,General,Favoured
3812,HXK3,A,LEU,803,59.82432151707499,30.99015256660108,176.95148645491545,112.11383412360567,36.46,-56.72148212712247,-178.19670120810196,,,,No,General,Favoured,General,Favoured
3813,HXK3,A,ARG,804,-60.413792969768046,-36.58367720651199,177.91146321111978,111.57012299317667,39.51,-75.60369796874305,179.9935944086495,179.9711805929657,179.9807781901821,-179.96647656508682,No,General,Favoured,General,Favoured
3814,HXK3,A,GLN,805,-70.98841919728713,-31.65982699718093,-178.8393554782618,111.47614833720296,39.5,-154.10417406683948,60.81760293587824,-125.8790812246407,,,No,General,Favoured,General,Favoured
3815,HXK3,A,ARG,807,-61.22858651105958,-39.85149909186156,177.09957890707892,110.93474189201287,33.72,-57.86316505356248,172.04265663255762,71.22670900312117,-168.9980923982658,0.1916304339798388,No,General,Favoured,General,Favoured
3816,HXK3,A,ALA,808,-59.25847986445645,-46.78105487499368,179.4060113864181,111.08548579009525,35.82,,,,,,No,General,Favoured,General,Favoured
3817,HXK3,A,LEU,810,-65.61935707674674,-33.38042228861484,179.9625956643363,111.61809725898962,38.36,-93.83107916812757,53.5355223699885,,,,No,General,Favoured,General,Favoured
3818,HXK3,A,GLU,811,-67.85769173084282,-47.63038673646796,171.95559267754388,110.42784649954143,41.78,-59.452023541955135,173.08169490670204,-15.843119616083392,,,No,General,Favoured,General,Favoured
3819,HXK3,A,ASP,812,-48.284669724141,-46.09068275298919,174.66089661269405,111.48442820704533,40.71,-173.79608125129892,179.9831917286717,,,,No,General,Favoured,General,Favoured
3820,HXK3,A,LEU,813,-80.91000833647048,0.7723648646063824,-177.82367701090897,113.03267352341898,39.4,-55.25925504388103,-178.10250406402156,,,,No,General,Favoured,General,Favoured
3821,HXK3,A,LEU,817,-102.44104585076882,11.085044173667006,-173.36539097607275,116.48949715850969,33.66,-179.99817140098125,179.99069502693726,,,,No,General,Favoured,General,Favoured
3822,HXK3,A,THR,818,-54.79411865360473,148.6333151864055,-169.798360747889,111.40415826686468,32.98,79.30036382742135,,,,,No,General,Favoured,General,Favoured
3823,HXK3,A,SER,819,-49.63046845019183,-50.1141723958891,179.85055327558683,110.84941736208245,30.92,179.98522607775516,,,,,No,General,Favoured,General,Favoured
3824,HXK3,A,ASP,820,-55.562648843425855,-41.02666366598627,-179.5277828628635,110.8596073655141,29.45,-62.85488928525922,-13.4907450875146,,,,No,General,Favoured,General,Favoured
3825,HXK3,A,ASP,821,-65.19416091210479,-37.992518553705075,179.84429025927872,111.79352099801692,27.88,-71.4334445501294,-27.22329960609317,,,,No,General,Favoured,General,Favoured
3826,HXK3,A,ALA,822,-57.88484966624977,-48.50359997026653,-179.51995302146537,111.87566789590333,26.17,,,,,,No,General,Favoured,General,Favoured
3827,HXK3,A,LEU,823,-52.75511065228391,-52.491985323942025,-179.19061083958448,109.73120585900006,28.33,-179.99529039496898,154.7605294075536,,,,No,General,Favoured,General,Favoured
3828,HXK3,A,MET,824,-60.212153683570506,-49.5572839269017,-176.58256805360074,110.25692095929722,24.46,179.99955394083437,-179.98901954310233,-179.98198876185302,,,No,General,Favoured,General,Favoured
3829,HXK3,A,LEU,826,-58.0337425564396,-36.802014221893614,175.41334559365998,111.62297871815508,29.44,-176.88871846748197,-179.99524377216616,,,,No,General,Favoured,General,Favoured
3830,HXK3,A,GLU,827,-63.96267953190342,-52.22313699717725,177.3026785655056,110.84955623883175,29.81,175.87881108108382,68.5788199789637,3.7870059432674927,,,No,General,Favoured,General,Favoured
3831,HXK3,A,CYS,829,-63.235731613855734,-46.529931469365735,178.67668009326871,110.81273882250316,28.58,-73.33977310960105,,,,,No,General,Favoured,General,Favoured
3832,HXK3,A,GLN,830,-59.73523625870127,-44.8829437836383,-178.47113609836632,111.49302561915626,38.29,179.98957455160425,-179.99012360376813,-179.98614207309734,,,No,General,Favoured,General,Favoured
3833,HXK3,A,ALA,831,-58.09662107272052,-51.55546440955478,176.41252511929002,110.99119839458092,30.68,,,,,,No,General,Favoured,General,Favoured
3834,HXK3,A,SER,833,-67.52322249499304,-26.857640220092716,-178.10791650552017,111.47234737922776,30.62,-179.9962999682823,,,,,No,General,Favoured,General,Favoured
3835,HXK3,A,GLN,834,-73.10187718984315,-46.58145015826711,177.13430407516287,111.06309492473348,37.18,162.10367714788254,165.59178905150833,179.97703785739063,,,No,General,Favoured,General,Favoured
3836,HXK3,A,ARG,835,-53.97808040308878,-43.90669116503599,176.45348693988677,110.9576854317547,30.38,-169.41062899161057,-172.6912204990326,70.49295506565429,171.72752977709018,-0.534909579388671,No,General,Favoured,General,Favoured
3837,HXK3,A,ALA,836,-57.90728364179724,-42.316482273574096,178.80919398428784,111.18816718917797,35.01,,,,,,No,General,Favoured,General,Favoured
3838,HXK3,A,ALA,837,-72.40827820807527,-40.312718837456515,-179.95974401359547,111.0757988593016,41.21,,,,,,No,General,Favoured,General,Favoured
3839,HXK3,A,GLN,838,-66.23328253639433,-42.9442134447048,178.67569055775178,111.34886290308512,41.99,-70.7338099756384,176.08280273141122,-34.596928756469126,,,No,General,Favoured,General,Favoured
3840,HXK3,A,LEU,839,-60.16603084159229,-42.626901669929076,176.3626339237034,110.92155867975136,40.2,-67.15928585039963,173.50198338893856,,,,No,General,Favoured,General,Favoured
3841,HXK3,A,CYS,840,-62.64928704323902,-33.35286342771123,175.82183188562212,110.60335926349269,43.73,-172.2213276987929,,,,,No,General,Favoured,General,Favoured
3842,HXK3,A,ALA,842,-55.24009266642143,-43.160523724765135,178.81054645227417,111.6560737511904,48.24,,,,,,No,General,Favoured,General,Favoured
3843,HXK3,A,ALA,845,-76.97128009546361,-41.82004983432262,174.58802432943065,111.3488768904366,49.58,,,,,,No,General,Favoured,General,Favoured
3844,HXK3,A,ALA,846,-50.52183973044743,-53.00770897030125,170.72165531012377,110.96568368260401,51.45,,,,,,No,General,Favoured,General,Favoured
3845,HXK3,A,GLU,849,-80.50551025915337,-42.24759387120041,172.07233998179692,111.55202604845199,63.51,-84.85712174539158,-179.98577278983882,-179.99001760306373,,,No,General,Favoured,General,Favoured
3846,HXK3,A,LYS,850,-60.026537410305245,-27.141550650855006,177.42717293357865,111.39472513497418,67.02,-179.21269394838194,64.65968541750479,-179.998916564843,-179.97397117079436,,No,General,Favoured,General,Favoured
3847,HXK3,A,ARG,852,-79.65667269247604,-42.16079029522847,-173.3128075378522,113.3408780595993,71.83,-160.38906135791643,-161.595430286083,78.37583603308043,-149.42642559774907,2.1556435038140633,No,General,Favoured,General,Favoured
3848,HXK3,A,GLU,853,-62.962115636126235,-27.922714311081286,177.80870848013166,111.39013636883983,76.92,-62.121599585784985,-177.47522210151251,-4.956667860329294,,,No,General,Favoured,General,Favoured
3849,HXK3,A,ASN,854,-55.052642254776366,-44.00401004363627,172.95612522734723,111.68133451247714,80.57,-71.29831882596979,-20.77492646950871,,,,No,General,Favoured,General,Favoured
3850,HXK3,A,ARG,855,-96.15658829877727,-3.580312218158733,-174.88092463132332,113.65568664043946,82.26,-49.97019883392898,179.5343848757186,-171.04559113785794,175.87358479199696,0.3292704730639015,No,General,Favoured,General,Favoured
3851,HXK3,A,LEU,857,-91.64710980347373,177.46181024973234,-173.44968080223845,111.21135017945598,82.65,-83.96999227836369,34.93542008993335,,,,No,General,Favoured,General,Favoured
3852,HXK3,A,GLU,858,-121.1450484461731,-72.94516064894948,177.01917017367865,110.0173736861637,82.58,172.59869976690246,179.98926840497393,-179.9986367949097,,,No,General,Allowed,General,Allowed
3853,HXK3,A,GLU,859,-101.0572894876212,118.15295082104552,-173.80056119481165,109.43165175092925,87.36,-179.9992840503731,-179.99852582119735,-179.97865264114196,,,No,General,Favoured,General,Favoured
3854,HXK3,A,LEU,860,-125.7937771019892,132.84604216172832,-176.1363197853591,113.41237202198745,79.88,-35.23892571968756,-172.93680979268476,,,,No,General,Favoured,General,Favoured
3855,HXK3,A,ALA,861,-94.12383807180817,109.72260896718159,168.58380631325952,107.15596580045172,71.45,,,,,,No,General,Favoured,General,Favoured
3856,HXK3,A,SER,863,-130.1189558296032,140.9063079789171,-179.79462433236296,108.83240727771539,60.73,179.9778447230535,,,,,No,General,Favoured,General,Favoured
3857,HXK3,A,ASP,867,-129.46651666332335,-179.98965208730695,175.58378551513022,107.24695013824747,50.72,-162.83144551243925,2.6861389250426386,,,,No,General,Favoured,General,Favoured
3858,HXK3,A,THR,869,-79.52383469188851,-37.91517962863203,-162.756486694234,112.05539803558028,39.09,45.11660038613495,,,,,No,General,Favoured,General,Favoured
3859,HXK3,A,LEU,870,-54.669492490979195,-50.74959827780412,175.1397612800087,110.6322726753988,43.86,-178.53431294483133,57.37076556230791,,,,No,General,Favoured,General,Favoured
3860,HXK3,A,TYR,871,-70.11966396526581,-41.468872808504685,-171.64755024854156,111.42772644473222,47.5,-176.08045819893184,157.61295288632184,,,,No,General,Favoured,General,Favoured
3861,HXK3,A,LYS,872,-63.0061493004736,-49.7912584127397,175.4306796788858,111.61464815185045,47.24,-83.47681206751163,-174.76322660361475,-72.95076479203553,-67.8232576423377,,No,General,Favoured,General,Favoured
3862,HXK3,A,LEU,873,-90.84407919914548,-8.263380855982081,-170.17636260315166,113.99138079466478,44.86,-59.34030817339532,-168.07477809977655,,,,No,General,Favoured,General,Favoured
3863,HXK3,A,ARG,876,-102.95435362734365,-4.653614073421555,-174.19776161638214,115.69023889659584,44.33,-60.13867563781818,179.99255966755464,-179.99437920686844,-179.96728484942432,179.99535979614157,No,General,Favoured,General,Favoured
3864,HXK3,A,PHE,877,-68.71282734149305,-47.66892875279507,-163.8829865026573,111.06632725071607,43.1,-173.88734597332154,-78.66197028151232,,,,No,General,Favoured,General,Favoured
3865,HXK3,A,SER,878,-48.93866678639737,-64.88801043265158,175.04266203820265,111.51377546446234,42.31,-179.985033262508,,,,,No,General,Allowed,General,Allowed
3866,HXK3,A,SER,879,-54.85453028785937,-44.86915621150254,-174.06020707867125,111.8318138406519,49.15,-179.98994690483954,,,,,No,General,Favoured,General,Favoured
3867,HXK3,A,LEU,880,-60.51970361499888,-42.3731537180233,-179.22231274584178,110.30528079817101,40.73,-179.99402319306552,-179.97477544513296,,,,No,General,Favoured,General,Favoured
3868,HXK3,A,ALA,882,-53.653992599157014,-51.51213104274034,173.05366646911773,110.8104638999564,44.78,,,,,,No,General,Favoured,General,Favoured
3869,HXK3,A,ALA,883,-55.62768004445449,-43.59548006292837,174.57056337286576,111.24915833246082,47.52,,,,,,No,General,Favoured,General,Favoured
3870,HXK3,A,THR,884,-63.53065332247244,-39.66376044053824,-177.9544404880574,111.18671115905518,43.87,-56.037413204596,,,,,No,General,Favoured,General,Favoured
3871,HXK3,A,ARG,886,-61.096588719414825,-32.6346737195016,175.81828860214688,111.11784838098745,52.25,-104.43504715711252,-179.29273918238283,179.9830832229764,179.976912140166,-179.9559423144963,No,General,Favoured,General,Favoured
3872,HXK3,A,GLU,887,-78.65132083773398,-41.9214387063877,-172.4431916672259,111.65399529982479,56.3,-159.06526647254884,179.98005501357125,179.9966004926475,,,No,General,Favoured,General,Favoured
3873,HXK3,A,LEU,888,-95.89420512336905,-2.1734373206988007,-175.62744734707584,114.62003390569137,53.12,-40.388606641314645,173.23060659490065,,,,No,General,Favoured,General,Favoured
3874,HXK3,A,ARG,891,-71.96770954993258,-23.25049391651486,-178.6206478634848,112.526212476092,73.5,-60.00580720050216,170.92903133020062,179.99716742177077,-179.99844879718236,-179.99810116866828,No,General,Favoured,General,Favoured
3875,HXK3,A,CYS,892,-92.82400172651363,142.93162372262393,-178.7787282245119,110.10964923999227,64.73,-56.10842654691187,,,,,No,General,Favoured,General,Favoured
3876,HXK3,A,THR,895,-95.91508767752053,144.60679459844985,166.68179274485058,109.56155881631214,50.35,179.98191834554802,,,,,No,General,Favoured,General,Favoured
3877,HXK3,A,PHE,896,-115.44147483660409,114.13096834981818,172.81695462254848,108.64845686442469,53.35,-69.61922495295593,75.91378658229704,,,,No,General,Favoured,General,Favoured
3878,HXK3,A,LEU,897,-104.91694240585174,127.94221079428495,173.7628177946098,109.67848839867709,62.48,171.23386885028617,59.67996071002518,,,,No,General,Favoured,General,Favoured
3879,HXK3,A,GLN,898,-66.93768178501529,145.8686725533871,176.74731082423475,109.04278990984595,52.33,171.73188319906075,167.59120364136595,-31.906675005148767,,,No,General,Favoured,General,Favoured
3880,HXK3,A,SER,899,-122.91467979375362,-64.38316565558033,-173.76049695366157,113.10493657420187,64.21,-67.95877485106438,,,,,No,General,Allowed,General,Allowed
3881,HXK3,A,GLU,900,51.04330561976804,-145.17237701479473,177.58434065005648,111.12697502911873,79.49,65.65714907084786,-179.74472825851305,-11.64292558880674,,,No,General,Allowed,General,Allowed
3882,HXK3,A,ASP,901,62.349277673950475,-3.2220543049945434,179.35850675615555,111.74414730907165,89.93,-79.536173801086,-18.738758283150815,,,,No,General,Allowed,General,Allowed
3883,HXK3,A,SER,903,60.64319965999837,-114.14891738708499,21.775504549875805,105.42227583859105,64.88,-48.004499098370594,,,,,No,General,Allowed,General,Allowed
3884,HXK3,A,LYS,905,-77.9693374242845,-36.97305781833649,175.7455129551385,112.3943808071332,61.67,150.03206385210987,179.45548373204616,98.02493569396789,-177.77906441331822,,No,General,Favoured,General,Favoured
3885,HXK3,A,ALA,907,-61.92681772583945,-37.48064037977206,176.213030465902,111.02341444349462,57.21,,,,,,No,General,Favoured,General,Favoured
3886,HXK3,A,ALA,908,-81.28956143491871,-26.54845243410201,176.8663410811814,111.43702673977803,53.81,,,,,,No,General,Favoured,General,Favoured
3887,HXK3,A,LEU,909,-77.96143035064611,-25.90407488724807,179.76789441142756,112.48488151312895,53.11,-66.61055910945005,-174.2171474413615,,,,No,General,Favoured,General,Favoured
3888,HXK3,A,THR,911,-72.30244205810648,-40.03881475104645,176.98820878225922,111.14936587672227,61.24,-59.85576816311701,,,,,No,General,Favoured,General,Favoured
3889,HXK3,A,ALA,912,-56.81727899478532,-40.75942914657448,176.1920743317764,110.99983904375875,65.64,,,,,,No,General,Favoured,General,Favoured
3890,HXK3,A,ALA,914,-82.82864383021354,-41.58030477683578,170.29638730173593,110.84830525198502,62.09,,,,,,No,General,Favoured,General,Favoured
3891,HXK3,A,CYS,915,-64.00599452745746,-4.701738840596904,173.12198223171987,112.06994313681541,72.5,-68.75649460155205,,,,,No,General,Favoured,General,Favoured
3892,HXK3,A,ARG,916,-40.05165367678925,-64.8204142330905,163.66187045399005,112.41104036856333,81.51,159.58461579104355,92.8380509038422,-47.47649443371694,157.3482053677378,-3.809495672289236,No,General,Allowed,General,Allowed
3893,HXK3,A,LEU,917,-85.58498688741967,-179.98588675206847,-174.47205863470757,109.97309933207741,94.93,-179.98765658854182,146.17719507269385,,,,No,General,Favoured,General,Favoured
3894,HXK3,A,ALA,918,179.98266139313577,179.9521556913592,-179.96710710249175,114.4348594141726,0.0,,,,,,No,General,Disallowed,General,Disallowed
3895,HXK3,A,GLN,919,-179.96785754755956,-179.96826301930136,179.9707633576865,106.60811759832887,0.0,-179.98614533935336,179.97629425236428,179.99105261188333,,,No,General,Allowed,General,Allowed
3896,HXK3,A,LEU,920,179.96311125109702,-179.98853485097476,179.97425619913085,106.04626190210016,0.0,179.95717730481036,179.99584115909457,,,,No,General,Allowed,General,Allowed
3897,HXK3,A,THR,921,-179.988670996908,179.98031801053267,-179.93941078911462,106.03613509020215,0.0,-179.99905975400748,,,,,No,General,Allowed,General,Allowed
3898,HXK3,A,ARG,922,-179.99444814848303,-179.99237870833605,179.99025700662398,109.83269024244876,0.0,-179.9858928437709,-179.9861567594317,179.9675984415204,179.9580730813778,-179.9831183708262,No,General,Allowed,General,Allowed
3899,5HEX,A,GLY,50,-69.13872634573491,-30.29933422559522,-178.70726946715502,113.52683645387225,20.32,,,,,,No,Gly,Favoured,Gly,Favoured
3900,5HEX,A,GLY,52,-75.08487029844916,150.88292839633252,-175.57203637442845,113.1644548611225,27.65,,,,,,No,Gly,Favoured,Gly,Favoured
3901,5HEX,A,GLY,74,97.1090925613124,-18.43220769577684,177.3238509743256,115.87209667821956,30.6,,,,,,No,Gly,Favoured,Gly,Allowed
3902,5HEX,A,GLY,78,148.33198042861324,-172.45562728722598,173.55685162008484,110.04042718315598,25.97,,,,,,No,Gly,Favoured,Gly,Disallowed
3903,5HEX,A,GLY,86,-103.7151233100817,-14.431765652892077,171.07588396633994,112.84032305247221,90.11,,,,,,No,Gly,Favoured,Gly,Favoured
3904,5HEX,A,GLY,87,94.54989467569163,144.02363845827918,-172.06028395789892,112.64479464160877,90.76,,,,,,No,Gly,Favoured,Gly,Disallowed
3905,5HEX,A,GLY,101,99.22581464599638,-15.375204786141138,-177.3565861850503,113.96039312487412,29.09,,,,,,No,Gly,Favoured,Gly,Allowed
3906,5HEX,A,GLY,123,-58.034403386406105,-55.42598242530564,-177.47934441762584,115.54903708001555,60.38,,,,,,No,Gly,Favoured,Gly,Favoured
3907,5HEX,A,GLY,151,-94.30084800902162,149.3077095002175,171.69372661129685,112.83262020419548,30.36,,,,,,No,Gly,Favoured,Gly,Favoured
3908,5HEX,A,GLY,197,76.23137840790805,-3.387209987724837,-168.42815172398983,115.31052736798074,27.63,,,,,,No,Gly,Favoured,Gly,Favoured
3909,5HEX,A,GLY,212,-61.061750681932175,-37.02375568702555,176.48529128619737,111.94287783518536,31.43,,,,,,No,Gly,Favoured,Gly,Favoured
3910,5HEX,A,GLY,218,-69.55020779375874,-10.567522449464018,178.6774294508601,114.42112397926864,30.67,,,,,,No,Gly,Favoured,Gly,Favoured
3911,5HEX,A,GLY,227,-87.00889168956138,141.66395776534623,162.1040583784938,112.5552860895164,25.05,,,,,,No,Gly,Favoured,Gly,Favoured
3912,5HEX,A,GLY,231,-115.77886182814217,-153.86805596264477,-178.3290397785146,115.16032265937854,35.85,,,,,,No,Gly,Favoured,Gly,Allowed
3913,5HEX,A,GLY,233,-107.32487824110878,175.3854261346094,166.3941694585725,110.86644214228231,30.54,,,,,,No,Gly,Favoured,Gly,Favoured
3914,5HEX,A,GLY,250,103.45983739791819,143.47423016655506,175.90301552868436,114.63880933635409,30.25,,,,,,No,Gly,Favoured,Gly,Disallowed
3915,5HEX,A,GLY,253,84.76691442224696,-159.0362738299273,169.4297568478297,112.53065386746287,28.89,,,,,,No,Gly,Favoured,Gly,Disallowed
3916,5HEX,A,GLY,262,-51.38151518520053,-30.304797827404343,174.47517584022663,112.22134642727795,25.48,,,,,,No,Gly,Favoured,Gly,Favoured
3917,5HEX,A,GLY,265,83.3720848466975,2.9281118361160474,-179.18414379366874,115.74343909091765,29.66,,,,,,No,Gly,Favoured,Gly,Allowed
3918,5HEX,A,GLY,268,105.01272115163128,-10.262328795055582,176.87900923867755,115.33443340688014,31.65,,,,,,No,Gly,Favoured,Gly,Disallowed
3919,5HEX,A,GLY,284,-89.62571560664273,24.24724593809259,176.2766522439848,115.5932819841242,36.64,,,,,,No,Gly,Favoured,Gly,Favoured
3920,5HEX,A,GLY,289,83.83067687716435,3.337868117558684,178.23507913445724,115.54485005850722,39.48,,,,,,No,Gly,Favoured,Gly,Allowed
3921,5HEX,A,GLY,299,-78.71840497172295,-28.911507907383314,-174.20098306650402,114.16586912362813,36.44,,,,,,No,Gly,Favoured,Gly,Favoured
3922,5HEX,A,GLY,303,-62.35173999700313,-40.186068470551405,175.98989013794406,112.45240975445883,42.76,,,,,,No,Gly,Favoured,Gly,Favoured
3923,5HEX,A,GLY,321,52.474774422038436,27.540929242462624,-175.52504296880798,113.475677683442,48.43,,,,,,No,Gly,Favoured,Gly,Favoured
3924,5HEX,A,GLY,322,87.17109635630554,-11.213566540310323,-178.55816569610332,115.48646917709566,45.52,,,,,,No,Gly,Favoured,Gly,Allowed
3925,5HEX,A,GLY,332,74.72123013194079,2.0230753025900468,176.68769979625804,115.88600380596453,49.2,,,,,,No,Gly,Favoured,Gly,Favoured
3926,5HEX,A,GLY,344,-76.68132202423398,-47.96835681274134,-175.23287773480854,117.44078416889869,59.32,,,,,,No,Gly,Favoured,Gly,Favoured
3927,5HEX,A,GLY,348,-104.0245456507319,-14.210998170335266,179.7322520417058,109.64304487084436,69.44,,,,,,No,Gly,Favoured,Gly,Favoured
3928,5HEX,A,GLY,360,91.85787457968618,20.493199675408142,179.051854128287,114.78496842356101,49.75,,,,,,No,Gly,Favoured,Gly,Disallowed
3929,5HEX,A,GLY,402,78.41312928537928,19.49028495325301,171.5208651768088,116.40417524912827,42.43,,,,,,No,Gly,Favoured,Gly,Allowed
3930,5HEX,A,GLY,411,-73.48578389821849,130.49893773233947,168.78053000656516,110.35785887147142,27.18,,,,,,No,Gly,Favoured,Gly,Favoured
3931,5HEX,A,GLY,414,109.87616458707008,153.69674048987162,171.98376081082932,113.16821501114372,36.57,,,,,,No,Gly,Favoured,Gly,Disallowed
3932,5HEX,A,GLY,437,-76.45669304545466,10.782651663008329,-178.9883290474741,116.61652914234452,44.96,,,,,,No,Gly,Favoured,Gly,Favoured
3933,5HEX,A,GLY,448,87.1374775049362,-147.8293568916897,167.51487010545358,115.88243432277554,69.74,,,,,,No,Gly,Favoured,Gly,Disallowed
3934,5HEX,A,GLY,450,-68.23698199235797,-53.94846049590954,176.7464096114015,112.5243983877579,53.96,,,,,,No,Gly,Favoured,Gly,Favoured
3935,5HEX,A,GLY,452,-55.502273527727375,-56.59154726127338,-177.90951192140244,111.91969264708572,35.37,,,,,,No,Gly,Favoured,Gly,Favoured
3936,5HEX,A,GLY,498,-74.80751648045486,-24.241277350881294,-179.69797842000133,114.16393391946997,63.82,,,,,,No,Gly,Favoured,Gly,Favoured
3937,5HEX,A,GLY,522,-72.27762736305071,1.6386694243368547,160.80949859141003,114.21049328955394,69.19,,,,,,No,Gly,Favoured,Gly,Favoured
3938,5HEX,A,GLY,526,146.7870471101098,-167.50979073177407,172.08320705298195,112.61868294924201,78.13,,,,,,No,Gly,Favoured,Gly,Disallowed
3939,5HEX,A,GLY,534,-152.97636439313092,153.0260325213325,152.8099612217769,104.45812558777891,70.17,,,,,,No,Gly,Favoured,Gly,Favoured
3940,5HEX,A,GLY,535,66.7744333236343,177.16920983692395,-170.20472966553635,110.84472408350408,73.65,,,,,,No,Gly,Favoured,Gly,Allowed
3941,5HEX,A,GLY,548,75.56636258758454,171.36986004033488,176.0510084087527,112.70471015385,82.51,,,,,,No,Gly,Favoured,Gly,Allowed
3942,5HEX,A,GLY,551,62.01447513546927,-164.36526090689108,-173.35892902211356,109.34311515424442,81.66,,,,,,No,Gly,Favoured,Gly,Allowed
3943,5HEX,A,GLY,552,152.09172293831847,-155.35978173314047,-175.3035837709214,110.6871016983237,80.31,,,,,,No,Gly,Favoured,Gly,Disallowed
3944,5HEX,A,GLY,569,-90.60205369203477,-152.5618812840204,179.61609764350524,113.70429236868578,71.36,,,,,,No,Gly,Favoured,Gly,Allowed
3945,5HEX,A,GLY,571,-70.35127959377309,-23.84808648954528,174.64862502304672,114.38972392432403,69.02,,,,,,No,Gly,Favoured,Gly,Favoured
3946,5HEX,A,GLY,590,85.17955568204101,1.6771531461555382,-168.50850909044578,113.63006991823234,87.44,,,,,,No,Gly,Favoured,Gly,Allowed
3947,5HEX,A,GLY,593,106.29653673662088,-3.1407616741957605,-177.5711623104266,115.96005778977978,82.9,,,,,,No,Gly,Favoured,Gly,Disallowed
3948,5HEX,A,GLY,599,-93.59113116272651,155.87250963754886,167.73323760657797,112.44370858617722,55.57,,,,,,No,Gly,Favoured,Gly,Favoured
3949,5HEX,A,GLY,622,105.02603886154894,16.33360696936763,-178.27073537773896,118.15310809478883,71.91,,,,,,No,Gly,Favoured,Gly,Disallowed
3950,5HEX,A,GLY,627,70.58156766983389,25.314701182338855,172.3926923534156,114.13567727807487,73.46,,,,,,No,Gly,Favoured,Gly,Favoured
3951,5HEX,A,GLY,630,86.17740340104707,4.891038032810057,-173.5049244062839,114.90863679827712,69.41,,,,,,No,Gly,Favoured,Gly,Allowed
3952,5HEX,A,GLY,660,-60.86201797403551,-36.81821158067624,176.26568190343608,112.53286066594164,47.75,,,,,,No,Gly,Favoured,Gly,Favoured
3953,5HEX,A,GLY,666,-59.87482955707772,-28.492199738420727,164.3986837563944,112.85699004594251,56.97,,,,,,No,Gly,Favoured,Gly,Favoured
3954,5HEX,A,GLY,675,-98.21314779830061,152.0024808783854,161.9459150283667,116.9366871636569,54.55,,,,,,No,Gly,Favoured,Gly,Favoured
3955,5HEX,A,GLY,679,-169.57824718936783,-157.5612537108031,-153.38768602702467,110.20099660754907,36.84,,,,,,No,Gly,Favoured,Gly,Allowed
3956,5HEX,A,GLY,681,-148.62985319386755,-177.78743029492824,170.78999185810187,106.25748629223726,35.46,,,,,,No,Gly,Favoured,Gly,Favoured
3957,5HEX,A,GLY,698,95.2293610963679,141.19779414409228,173.30692452136668,114.86511572593983,81.59,,,,,,No,Gly,Favoured,Gly,Disallowed
3958,5HEX,A,GLY,701,103.63035397865102,-169.76445414790726,-177.6314426554945,113.04665211923005,73.27,,,,,,No,Gly,Favoured,Gly,Disallowed
3959,5HEX,A,GLY,710,-54.865453328578624,-22.88792319526401,167.19280555404146,112.82257810648733,43.25,,,,,,No,Gly,Favoured,Gly,Favoured
3960,5HEX,A,GLY,713,89.22871757414372,-8.0466458482291,-177.93533009365524,116.34933204350266,52.15,,,,,,No,Gly,Favoured,Gly,Allowed
3961,5HEX,A,GLY,716,106.37024805182408,-2.0264951233154416,-177.16203666737997,114.97678870187309,62.71,,,,,,No,Gly,Favoured,Gly,Disallowed
3962,5HEX,A,GLY,737,74.15320216635911,-7.985520826340412,-177.29214671859566,114.91370892366372,50.37,,,,,,No,Gly,Favoured,Gly,Favoured
3963,5HEX,A,GLY,747,81.75173453830446,-169.931382215287,165.99209831798083,114.18638652122743,39.06,,,,,,No,Gly,Favoured,Gly,Disallowed
3964,5HEX,A,GLY,751,-64.76613476198976,-21.95255280345883,178.24220140093163,113.59724470180825,27.55,,,,,,No,Gly,Favoured,Gly,Favoured
3965,5HEX,A,GLY,765,76.73879641849778,8.86861723344277,-178.46235219789554,114.49698658928978,25.29,,,,,,No,Gly,Favoured,Gly,Favoured
3966,5HEX,A,GLY,770,65.74563855054349,15.611691205484185,164.87560029155492,116.60228052723961,32.83,,,,,,No,Gly,Favoured,Gly,Favoured
3967,5HEX,A,GLY,780,104.97025730456802,-7.033710785623065,173.21425520788443,114.66161289683747,31.82,,,,,,No,Gly,Favoured,Gly,Disallowed
3968,5HEX,A,GLY,808,82.63904755805329,30.96427831619228,177.07067124991542,115.55740370856236,39.97,,,,,,No,Gly,Favoured,Gly,Allowed
3969,5HEX,A,GLY,835,-68.82345512991425,-46.228017847403656,178.64025263528202,112.18088442856013,45.85,,,,,,No,Gly,Favoured,Gly,Favoured
3970,5HEX,A,GLY,837,-74.53841854614147,-40.781809583488545,-177.99635473615734,112.57545570241103,51.28,,,,,,No,Gly,Favoured,Gly,Favoured
3971,5HEX,A,GLY,850,68.9360726706204,26.345952991558402,-178.56862221456737,114.648133480315,85.5,,,,,,No,Gly,Favoured,Gly,Favoured
3972,5HEX,A,GLY,859,-75.42885908848214,130.5504949069354,164.64513983413502,110.49568552603876,50.65,,,,,,No,Gly,Favoured,Gly,Favoured
3973,5HEX,A,GLY,862,107.33223696600054,150.87091225244802,169.86043984494663,112.93000099808346,40.16,,,,,,No,Gly,Favoured,Gly,Disallowed
3974,5HEX,A,GLY,896,104.00925037633904,144.6194366671574,-159.08569372936657,110.05100053895762,72.86,,,,,,No,Gly,Favoured,Gly,Disallowed
3975,5HEX,A,GLY,898,-51.583991961534245,-26.661568338969555,-179.74608237260378,115.78780687744865,64.09,,,,,,No,Gly,Favoured,Gly,Favoured
3976,5HEX,A,GLY,900,-56.285626462768775,-19.28101798150788,172.76447233630864,113.11869165633112,50.49,,,,,,No,Gly,Favoured,Gly,Favoured
3977,5HEX,B,GLY,50,-75.066606000813,-33.52174511891017,177.72830679455643,114.34306696250623,22.9,,,,,,No,Gly,Favoured,Gly,Favoured
3978,5HEX,B,GLY,52,-75.40439053789284,133.0796796078798,-173.29324741533077,111.54206389574242,31.55,,,,,,No,Gly,Favoured,Gly,Favoured
3979,5HEX,B,GLY,74,104.52690057953576,-20.2419171802728,-179.92792318227384,114.92648604815565,26.5,,,,,,No,Gly,Favoured,Gly,Disallowed
3980,5HEX,B,GLY,78,102.68163692184105,-159.8664524062329,-177.2421818368001,114.51975265352121,29.88,,,,,,No,Gly,Favoured,Gly,Disallowed
3981,5HEX,B,GLY,86,-172.46472891264267,149.95960828896847,157.77124762627628,109.82715683806963,62.77,,,,,,No,Gly,Favoured,Gly,Favoured
3982,5HEX,B,GLY,87,68.94021718281535,-152.4015562168919,-178.33641150268124,112.28390524004206,68.75,,,,,,No,Gly,Favoured,Gly,Allowed
3983,5HEX,B,GLY,101,111.62476539208053,-14.058273253095628,-177.2883686271578,115.32137288111558,68.59,,,,,,No,Gly,Favoured,Gly,Disallowed
3984,5HEX,B,GLY,121,-77.97845479649537,-153.84032639016286,-171.64473734995747,113.75872193653503,39.03,,,,,,No,Gly,Favoured,Gly,Allowed
3985,5HEX,B,GLY,123,-58.20773371476302,-34.261822107109644,176.49406876616126,113.12479918188507,40.86,,,,,,No,Gly,Favoured,Gly,Favoured
3986,5HEX,B,GLY,151,-95.50915835501803,152.83702547848918,173.51833343149096,112.82968654413428,20.33,,,,,,No,Gly,Favoured,Gly,Favoured
3987,5HEX,B,GLY,179,-88.00442647141136,-0.21750759196812441,-171.14428687447625,116.89999270413746,68.74,,,,,,No,Gly,Favoured,Gly,Favoured
3988,5HEX,B,GLY,182,77.65356494879524,-2.91779773794269,-166.43885328043513,114.1850757164178,44.59,,,,,,No,Gly,Favoured,Gly,Favoured
3989,5HEX,B,GLY,197,66.84293775640882,6.504706028412814,-169.30375409170964,114.55377044037883,33.7,,,,,,No,Gly,Favoured,Gly,Favoured
3990,5HEX,B,GLY,212,-63.8129603145007,-40.60610661106871,176.20207101452021,111.65153493822223,23.58,,,,,,No,Gly,Favoured,Gly,Favoured
3991,5HEX,B,GLY,218,-59.080694826573605,-25.10273596580187,177.28321925507603,113.43284592573463,33.8,,,,,,No,Gly,Favoured,Gly,Favoured
3992,5HEX,B,GLY,227,-95.15351228832463,140.25872103247835,163.46473103441258,112.46064413007252,21.8,,,,,,No,Gly,Favoured,Gly,Favoured
3993,5HEX,B,GLY,231,-118.55205480824687,-149.8612344654685,-178.393733180343,111.29534147620714,28.21,,,,,,No,Gly,Favoured,Gly,Allowed
3994,5HEX,B,GLY,233,-104.13689012738656,170.4535825883538,163.93044647519156,111.5565104014187,24.13,,,,,,No,Gly,Favoured,Gly,Favoured
3995,5HEX,B,GLY,250,104.2086533320215,139.7828612179511,-179.41280968543506,112.16717335939865,29.97,,,,,,No,Gly,Favoured,Gly,Disallowed
3996,5HEX,B,GLY,253,76.64257238519531,-159.5943975075121,171.12509355001364,114.34477844305786,30.57,,,,,,No,Gly,Favoured,Gly,Allowed
3997,5HEX,B,GLY,262,-63.09787282903882,-30.563724595356522,173.89890701558156,113.58104314102268,25.81,,,,,,No,Gly,Favoured,Gly,Favoured
3998,5HEX,B,GLY,265,94.64790316558047,-16.339790441101446,178.35725424025478,116.13448932283883,27.88,,,,,,No,Gly,Favoured,Gly,Allowed
3999,5HEX,B,GLY,268,93.78718728565623,15.284820931253913,172.83874988538724,114.89298620383272,26.3,,,,,,No,Gly,Favoured,Gly,Disallowed
4000,5HEX,B,GLY,284,-91.26808419785215,19.905952162062366,174.36737632161717,116.07752787838943,26.55,,,,,,No,Gly,Favoured,Gly,Favoured
4001,5HEX,B,GLY,289,93.11490124597175,-0.7736799481022613,175.31797963848416,115.32758464133177,30.02,,,,,,No,Gly,Favoured,Gly,Allowed
4002,5HEX,B,GLY,299,-89.35998191666712,-1.0931200629833862,-176.13710806427363,115.95155929084828,29.76,,,,,,No,Gly,Favoured,Gly,Favoured
4003,5HEX,B,GLY,303,-67.01833730677014,-36.39121808682106,176.5980815646644,112.8087864515043,33.38,,,,,,No,Gly,Favoured,Gly,Favoured
4004,5HEX,B,GLY,321,49.54748378649246,30.371900489341638,-171.42461311915528,112.92955679060239,37.3,,,,,,No,Gly,Favoured,Gly,Favoured
4005,5HEX,B,GLY,322,79.84509070575658,-2.330713316388507,179.14563000236566,115.84977400639912,43.47,,,,,,No,Gly,Favoured,Gly,Favoured
4006,5HEX,B,GLY,332,84.69136674386873,-17.226380663625108,173.24466709820584,116.73110185404383,39.96,,,,,,No,Gly,Favoured,Gly,Allowed
4007,5HEX,B,GLY,344,-64.56684632581171,-8.930258413467813,171.94737991282094,114.60123258149217,48.18,,,,,,No,Gly,Favoured,Gly,Favoured
4008,5HEX,B,GLY,348,-69.96032941785158,1.4371792278116338,-162.5027159735996,115.48591314280898,67.01,,,,,,No,Gly,Favoured,Gly,Favoured
4009,5HEX,B,GLY,360,78.92840576991371,30.515157972332673,177.38116059776584,114.61128464416556,46.63,,,,,,No,Gly,Favoured,Gly,Allowed
4010,5HEX,B,GLY,402,88.85246804583298,-24.639106841896435,169.91355503445635,116.55443619930644,49.37,,,,,,No,Gly,Favoured,Gly,Allowed
4011,5HEX,B,GLY,411,-75.67824854006673,128.04648056323447,168.34446994716208,111.75993507040656,26.14,,,,,,No,Gly,Favoured,Gly,Favoured
4012,5HEX,B,GLY,414,113.30062830230187,152.61805149589546,173.94458782712414,113.59957536396593,25.59,,,,,,No,Gly,Favoured,Gly,Disallowed
4013,5HEX,B,GLY,437,-79.71106134086048,4.547338320438478,178.68697347693902,116.25728577599,57.03,,,,,,No,Gly,Favoured,Gly,Favoured
4014,5HEX,B,GLY,448,93.96699464763846,-168.86821097966785,155.98742874089524,116.85196893720047,62.25,,,,,,No,Gly,Favoured,Gly,Disallowed
4015,5HEX,B,GLY,450,-57.33490415033567,-41.05096981992909,-172.55743105797487,112.8079006989413,39.2,,,,,,No,Gly,Favoured,Gly,Favoured
4016,5HEX,B,GLY,452,-61.42793296693952,-47.43656570609855,179.2856935166726,113.11613875097262,31.47,,,,,,No,Gly,Favoured,Gly,Favoured
4017,5HEX,B,GLY,498,-78.01142429123065,-26.69928545682,-178.5244827324711,113.3395710145441,35.27,,,,,,No,Gly,Favoured,Gly,Favoured
4018,5HEX,B,GLY,522,86.0067698920229,-8.524517205693849,176.77400062863933,116.42780484932553,68.96,,,,,,No,Gly,Favoured,Gly,Allowed
4019,5HEX,B,GLY,526,150.38205270734352,176.2656359982399,171.05389927530686,110.73410576252249,62.32,,,,,,No,Gly,Favoured,Gly,Disallowed
4020,5HEX,B,GLY,534,97.68858878744597,18.73305095371268,-166.84716281376654,114.41543795985187,63.89,,,,,,No,Gly,Favoured,Gly,Disallowed
4021,5HEX,B,GLY,535,-151.99951390591596,155.61806108342859,177.15330670851714,109.64851607533343,71.41,,,,,,No,Gly,Favoured,Gly,Favoured
4022,5HEX,B,GLY,548,-166.24212447921298,-161.69186219083338,9.44238863427653,117.92742896866551,95.15,,,,,,No,Gly,Favoured,Gly,Allowed
4023,5HEX,B,GLY,551,-58.41849974167507,163.29758521373427,-150.87709499640292,113.50996516130661,93.56,,,,,,No,Gly,Favoured,Gly,Favoured
4024,5HEX,B,GLY,552,-154.66654959234674,-170.38063855243882,-169.47912481642584,116.58195731382312,82.68,,,,,,No,Gly,Favoured,Gly,Favoured
4025,5HEX,B,GLY,569,-85.80962730615849,-154.1994699949833,-177.8680020302796,114.12842614213896,71.96,,,,,,No,Gly,Favoured,Gly,Allowed
4026,5HEX,B,GLY,571,-49.83560466187592,-51.39123901298203,176.62531762501996,112.46680312792563,66.79,,,,,,No,Gly,Favoured,Gly,Favoured
4027,5HEX,B,GLY,590,64.19386317613478,5.167320871947448,-168.86302512172142,113.81916051637637,74.59,,,,,,No,Gly,Favoured,Gly,Favoured
4028,5HEX,B,GLY,593,91.68087158600724,-22.69030573262506,-175.7461699865865,115.15158789911203,65.5,,,,,,No,Gly,Favoured,Gly,Allowed
4029,5HEX,B,GLY,599,-149.52917352837989,157.76022158982775,167.99099390860778,107.18808747772768,43.67,,,,,,No,Gly,Favoured,Gly,Favoured
4030,5HEX,B,GLY,622,-133.6743978921167,-21.496591019020087,155.3508384009117,117.10113519303735,63.44,,,,,,No,Gly,Allowed,Gly,Favoured
4031,5HEX,B,GLY,627,75.21079956241725,22.513590432494293,-178.15708216719005,114.58980353649592,63.11,,,,,,No,Gly,Favoured,Gly,Favoured
4032,5HEX,B,GLY,630,77.95370925248709,4.727407013317985,-175.98391847416025,115.22432840234617,61.46,,,,,,No,Gly,Favoured,Gly,Favoured
4033,5HEX,B,GLY,660,-62.904714359724174,-36.145225298093166,172.09533848529531,112.06511242722327,36.56,,,,,,No,Gly,Favoured,Gly,Favoured
4034,5HEX,B,GLY,666,-58.96922525034068,-32.051988583691845,-173.0452684529266,114.31046228807502,51.81,,,,,,No,Gly,Favoured,Gly,Favoured
4035,5HEX,B,GLY,675,-142.5459144770508,152.64902593369737,168.26883634413275,110.07461139650758,33.84,,,,,,No,Gly,Favoured,Gly,Favoured
4036,5HEX,B,GLY,679,-177.91455249463178,-148.41929858517082,-154.8175056717688,108.63045978913709,30.17,,,,,,No,Gly,Favoured,Gly,Disallowed
4037,5HEX,B,GLY,681,-153.35605628110022,171.73465356631093,174.37239703703136,107.63014022771193,26.0,,,,,,No,Gly,Favoured,Gly,Favoured
4038,5HEX,B,GLY,698,102.3991750986554,140.01063586788345,173.3033902484319,113.0768640377874,38.19,,,,,,No,Gly,Favoured,Gly,Disallowed
4039,5HEX,B,GLY,701,91.65995134144933,-170.20056715735066,179.64578409920495,113.17465183217698,46.46,,,,,,No,Gly,Favoured,Gly,Disallowed
4040,5HEX,B,GLY,710,-55.39095362450175,-25.09032039688523,172.25616340075365,113.69277419681099,28.47,,,,,,No,Gly,Favoured,Gly,Favoured
4041,5HEX,B,GLY,713,97.70438510475567,-13.911175797223565,-174.7350827081168,114.84192440574868,26.35,,,,,,No,Gly,Favoured,Gly,Allowed
4042,5HEX,B,GLY,716,88.34222556659297,1.7735069377795258,179.8901919168662,114.5407315858892,34.73,,,,,,No,Gly,Favoured,Gly,Allowed
4043,5HEX,B,GLY,737,80.92120581112523,9.257442489157713,174.93735386048726,115.82385531610979,29.4,,,,,,No,Gly,Favoured,Gly,Allowed
4044,5HEX,B,GLY,747,78.83940994926351,-165.06747461046353,162.01842234904177,115.82290866526148,29.76,,,,,,No,Gly,Favoured,Gly,Disallowed
4045,5HEX,B,GLY,751,-56.56204712629636,-33.67827019609132,176.5885766223621,113.2523584582868,17.82,,,,,,No,Gly,Favoured,Gly,Favoured
4046,5HEX,B,GLY,765,86.9744197236535,3.4272365160687803,179.27321793831877,116.54528952393015,20.95,,,,,,No,Gly,Favoured,Gly,Allowed
4047,5HEX,B,GLY,770,76.4782607882689,0.4169930317577149,168.43799158369686,116.4643589029641,28.33,,,,,,No,Gly,Favoured,Gly,Favoured
4048,5HEX,B,GLY,780,86.83494372039507,-6.9237510953227845,166.14827711384578,116.57546074114055,17.23,,,,,,No,Gly,Favoured,Gly,Allowed
4049,5HEX,B,GLY,808,74.81168172901123,37.14280538922763,-175.4229952130934,116.11402873988344,24.27,,,,,,No,Gly,Favoured,Gly,Allowed
4050,5HEX,B,GLY,835,-65.0608789828573,-41.86382103299961,-179.4429451235254,112.8558134982215,33.09,,,,,,No,Gly,Favoured,Gly,Favoured
4051,5HEX,B,GLY,837,-70.87679889734882,-47.96822817627097,-176.93826502608064,112.02876902852795,35.5,,,,,,No,Gly,Favoured,Gly,Favoured
4052,5HEX,B,GLY,850,63.57914445001504,14.256028442260721,178.05148560414148,115.76800936697339,50.11,,,,,,No,Gly,Favoured,Gly,Favoured
4053,5HEX,B,GLY,859,-76.86998629870587,123.06821626554476,167.0484777364662,114.07771574099426,36.01,,,,,,No,Gly,Favoured,Gly,Favoured
4054,5HEX,B,GLY,862,114.46579994718095,152.583284548931,169.6498807920349,113.23913727860443,31.31,,,,,,No,Gly,Favoured,Gly,Disallowed
4055,5HEX,B,GLY,896,-56.5767338656702,-45.567661083647224,171.4657460980083,112.7284149995287,42.68,,,,,,No,Gly,Favoured,Gly,Favoured
4056,5HEX,B,GLY,898,-101.1704797824446,-127.49018766123031,-174.24525341831145,112.5050735789243,50.89,,,,,,No,Gly,Favoured,Gly,Allowed
4057,5HEX,B,GLY,900,-51.817362740132616,-48.05198438813583,172.19235585408296,112.85879282428708,49.38,,,,,,No,Gly,Favoured,Gly,Favoured
4058,HXK3,A,GLY,5,-71.88924799382526,150.74122152101125,-177.13749432678307,108.59118516394257,66.97,,,,,,No,Gly,Favoured,Gly,Favoured
4059,HXK3,A,GLY,8,78.71592530233922,175.9231623934712,179.69291049997724,106.73230602161355,86.41,,,,,,No,Gly,Favoured,Gly,Allowed
4060,HXK3,A,GLY,12,-146.12340454295756,157.68326478380595,179.28534763417647,106.65999658848881,149.38,,,,,,No,Gly,Favoured,Gly,Favoured
4061,HXK3,A,GLY,22,177.41226885416228,175.10586558771715,-179.74311253794704,108.46253026461069,140.08,,,,,,No,Gly,Favoured,Gly,Allowed
4062,HXK3,A,GLY,25,-64.55771330528174,142.09614296678896,-179.16355371367763,107.16655583560696,59.4,,,,,,No,Gly,Favoured,Gly,Favoured
4063,HXK3,A,GLY,56,-63.890227852502306,-41.23903406756165,-179.29273197422333,110.03695678659979,20.29,,,,,,No,Gly,Favoured,Gly,Favoured
4064,HXK3,A,GLY,64,-67.373943342136,-50.29699458635624,-175.8806676949424,113.09344565012177,36.21,,,,,,No,Gly,Favoured,Gly,Favoured
4065,HXK3,A,GLY,80,-72.70012658376187,-34.02613206968008,-175.08510888157943,115.77401524266578,59.91,,,,,,No,Gly,Favoured,Gly,Favoured
4066,HXK3,A,GLY,85,107.0468383477419,-20.741417470461773,-179.0578786964631,111.20688716382735,47.3,,,,,,No,Gly,Favoured,Gly,Disallowed
4067,HXK3,A,GLY,89,145.9662410144344,-176.42306380934124,177.36440323790868,109.06262241511381,26.85,,,,,,No,Gly,Favoured,Gly,Disallowed
4068,HXK3,A,GLY,97,4.186724203439062,59.021559888077974,163.74613502264427,115.22349889815715,213.18,,,,,,No,Gly,Disallowed,Gly,Disallowed
4069,HXK3,A,GLY,100,173.80336154226515,172.33715072501283,-177.70538890531833,109.72237839065251,96.64,,,,,,No,Gly,Favoured,Gly,Allowed
4070,HXK3,A,GLY,112,-104.15512769161741,84.43324376513237,179.40336185646507,107.84865529651552,50.51,,,,,,No,Gly,Allowed,Gly,Favoured
4071,HXK3,A,GLY,115,-74.5926998200614,-37.17182609142818,177.64580562101548,111.63054469966214,68.22,,,,,,No,Gly,Favoured,Gly,Favoured
4072,HXK3,A,GLY,134,-123.99030349304556,120.24957207937399,-179.66387332817234,107.18573735765496,91.42,,,,,,No,Gly,Favoured,Gly,Favoured
4073,HXK3,A,GLY,136,-63.975839649646844,-54.989016488990394,-175.85839245655305,113.94221266945574,77.9,,,,,,No,Gly,Favoured,Gly,Favoured
4074,HXK3,A,GLY,160,-109.76838212495669,115.79849272190464,178.3658053508996,106.01229064609242,36.45,,,,,,No,Gly,Favoured,Gly,Favoured
4075,HXK3,A,GLY,164,-107.97619855722536,149.9329986316435,179.1465064802522,109.10294862838947,41.57,,,,,,No,Gly,Favoured,Gly,Favoured
4076,HXK3,A,GLY,175,-150.51524405183486,177.45178213730364,-176.16205029349123,108.6249721291118,31.1,,,,,,No,Gly,Favoured,Gly,Favoured
4077,HXK3,A,GLY,187,-159.8555789539308,159.02257929732627,-179.80764790723714,107.41172564451132,114.05,,,,,,No,Gly,Favoured,Gly,Favoured
4078,HXK3,A,GLY,192,81.75767708312269,4.20924489173406,178.2473124004463,107.99922935651071,19.42,,,,,,No,Gly,Favoured,Gly,Favoured
4079,HXK3,A,GLY,195,-61.28027392921204,-42.6116618912756,179.1625681525663,106.00760950932788,69.13,,,,,,No,Gly,Favoured,Gly,Favoured
4080,HXK3,A,GLY,210,85.57499295790277,-5.800704482371306,-179.81617528108765,109.94482896794584,25.2,,,,,,No,Gly,Favoured,Gly,Allowed
4081,HXK3,A,GLY,225,-61.99797706988426,-38.53737788305704,-179.7400038627107,108.68630597321896,27.55,,,,,,No,Gly,Favoured,Gly,Favoured
4082,HXK3,A,GLY,229,-63.99421585710078,-44.602230015901384,-178.27351161858107,110.85942964159067,37.42,,,,,,No,Gly,Favoured,Gly,Favoured
4083,HXK3,A,GLY,233,-73.48209762394679,-45.27589639755251,174.35138692695435,109.70916261162493,41.74,,,,,,No,Gly,Favoured,Gly,Favoured
4084,HXK3,A,GLY,240,-102.79345836551839,138.99749455867587,175.19137814838243,106.57295090609396,44.84,,,,,,No,Gly,Favoured,Gly,Favoured
4085,HXK3,A,GLY,246,-104.74417234060364,174.31135078917941,173.87809733688903,107.5599457878766,37.6,,,,,,No,Gly,Favoured,Gly,Favoured
4086,HXK3,A,GLY,266,85.3785892323355,-161.74334204651618,173.44688152805352,111.88757220394871,35.75,,,,,,No,Gly,Favoured,Gly,Disallowed
4087,HXK3,A,GLY,275,-54.813086527791576,-33.48879160772906,-177.91530269860573,109.14879409582592,44.14,,,,,,No,Gly,Favoured,Gly,Favoured
4088,HXK3,A,GLY,281,117.14346744785412,1.3557177514995067,179.77923182347956,110.65201698151311,45.17,,,,,,No,Gly,Favoured,Gly,Disallowed
4089,HXK3,A,GLY,284,-51.66995214845912,-33.11799026031449,-170.6113809947614,112.71485940618618,59.2,,,,,,No,Gly,Favoured,Gly,Favoured
4090,HXK3,A,GLY,302,82.31197400888207,5.7078468273259,175.1892470383063,111.38137182755389,24.87,,,,,,No,Gly,Favoured,Gly,Allowed
4091,HXK3,A,GLY,311,-86.7806108560493,170.87568197345664,-165.1950679872445,114.88308677321803,51.12,,,,,,No,Gly,Favoured,Gly,Favoured
4092,HXK3,A,GLY,312,-69.1090664688009,-35.38458382373797,-178.07830837198074,113.51535925833485,40.93,,,,,,No,Gly,Favoured,Gly,Favoured
4093,HXK3,A,GLY,316,-64.77666545365727,-39.080497139915956,-177.7430192463315,109.87759377461822,27.38,,,,,,No,Gly,Favoured,Gly,Favoured
4094,HXK3,A,GLY,330,99.7196430559273,6.983443268981735,-178.50401038527284,108.53421567792716,30.48,,,,,,No,Gly,Favoured,Gly,Disallowed
4095,HXK3,A,GLY,334,67.26553152169375,165.23077351441503,-167.1524046013312,104.30354132456533,134.98,,,,,,No,Gly,Favoured,Gly,Allowed
4096,HXK3,A,GLY,335,-60.76206334752798,-13.981781375947964,-178.39128862172467,112.27247530689405,134.15,,,,,,No,Gly,Favoured,Gly,Favoured
4097,HXK3,A,GLY,345,82.16530566140166,0.6022952898157424,175.45848855037912,110.78657825620382,28.13,,,,,,No,Gly,Favoured,Gly,Allowed
4098,HXK3,A,GLY,361,113.17315308962516,-42.9446393381914,178.5416591980096,106.21735200782818,237.61,,,,,,No,Gly,Favoured,Gly,Disallowed
4099,HXK3,A,GLY,373,100.99619852944264,21.76810603593609,179.41549458010982,109.70197463277864,32.87,,,,,,No,Gly,Favoured,Gly,Disallowed
4100,HXK3,A,GLY,377,-99.02869024835302,-179.44155031574414,173.80673487718317,105.6620983724418,27.33,,,,,,No,Gly,Favoured,Gly,Favoured
4101,HXK3,A,GLY,426,-152.47078136074487,178.15409116572891,178.71791840782564,107.6911613645846,22.42,,,,,,No,Gly,Favoured,Gly,Favoured
4102,HXK3,A,GLY,427,112.27084655343869,148.13327628298327,176.8087373803157,111.19304542615275,31.34,,,,,,No,Gly,Favoured,Gly,Disallowed
4103,HXK3,A,GLY,442,-64.79833482808571,-43.6074070591316,-176.35841368402197,110.96980129951261,25.42,,,,,,No,Gly,Favoured,Gly,Favoured
4104,HXK3,A,GLY,461,95.33360245280728,-160.1041178830205,174.90172277653735,112.69598927723773,47.24,,,,,,No,Gly,Favoured,Gly,Disallowed
4105,HXK3,A,GLY,462,-70.97566982922342,-24.805440624462367,-173.83782107259353,116.26423720903689,71.39,,,,,,No,Gly,Favoured,Gly,Favoured
4106,HXK3,A,GLY,463,-62.30395653125273,-50.48243806861574,-173.9620613667139,112.36231651639116,43.4,,,,,,No,Gly,Favoured,Gly,Favoured
4107,HXK3,A,GLY,465,-59.30980860524291,-49.98001941782665,-174.34563352521712,111.12329683702775,40.44,,,,,,No,Gly,Favoured,Gly,Favoured
4108,HXK3,A,GLY,511,-67.07761698647425,-35.17079152825476,-177.4280232109014,112.43432276922934,56.95,,,,,,No,Gly,Favoured,Gly,Favoured
4109,HXK3,A,GLY,514,-56.44237161870382,-34.21341960718921,-174.96869410382004,111.62283409999257,75.53,,,,,,No,Gly,Favoured,Gly,Favoured
4110,HXK3,A,GLY,532,-71.01219949026299,-21.165403214310853,173.48291362496002,108.08339431095789,51.6,,,,,,No,Gly,Favoured,Gly,Favoured
4111,HXK3,A,GLY,536,143.50097254893717,-173.4639053066216,177.3895180528825,109.86615795417748,31.78,,,,,,No,Gly,Favoured,Gly,Disallowed
4112,HXK3,A,GLY,544,-169.0928619689338,132.64294954538093,173.14561134804632,102.308871251272,45.24,,,,,,No,Gly,Favoured,Gly,Allowed
4113,HXK3,A,GLY,545,79.62152139912476,177.2412674263157,-178.21500498608412,107.03699639706215,27.83,,,,,,No,Gly,Favoured,Gly,Allowed
4114,HXK3,A,GLY,558,-158.87559682943188,-146.88419247637813,179.5560017571785,103.7947258974,44.62,,,,,,No,Gly,Favoured,Gly,Allowed
4115,HXK3,A,GLY,575,-85.32279894606185,-154.91440062800282,-170.63294520678934,112.37084332939757,35.2,,,,,,No,Gly,Favoured,Gly,Allowed
4116,HXK3,A,GLY,577,-67.56057990969587,-33.9036810937461,-179.69990058307363,111.49592640478357,36.77,,,,,,No,Gly,Favoured,Gly,Favoured
4117,HXK3,A,GLY,596,104.37199882202646,-3.1795643479416396,-177.81303298248642,106.38205833946834,30.93,,,,,,No,Gly,Favoured,Gly,Disallowed
4118,HXK3,A,GLY,599,102.61310162847084,-0.002682687674649078,179.17888042279168,112.12563552968916,31.62,,,,,,No,Gly,Favoured,Gly,Disallowed
4119,HXK3,A,GLY,605,-93.77458791889339,156.5381331104877,172.85936916544026,107.85301007797395,48.19,,,,,,No,Gly,Favoured,Gly,Favoured
4120,HXK3,A,GLY,616,-151.11286515226695,174.6119151988297,-175.6688536665863,108.94077560938295,29.17,,,,,,No,Gly,Favoured,Gly,Favoured
4121,HXK3,A,GLY,620,-154.45890006430017,142.11026680802195,178.78080097074945,108.50602009634554,30.98,,,,,,No,Gly,Favoured,Gly,Favoured
4122,HXK3,A,GLY,628,92.80516020265996,21.67396106477749,173.35373069344485,114.92962724274149,52.41,,,,,,No,Gly,Favoured,Gly,Disallowed
4123,HXK3,A,GLY,636,83.19218781862493,12.741988125571176,179.3592571567145,109.20264893779753,20.53,,,,,,No,Gly,Favoured,Gly,Allowed
4124,HXK3,A,GLY,666,-62.069646367480175,-39.4424699902083,179.76841462817822,109.41957583234374,28.39,,,,,,No,Gly,Favoured,Gly,Favoured
4125,HXK3,A,GLY,672,-60.45141534313562,-32.702919221722816,-179.32635787638506,108.44358602342525,40.3,,,,,,No,Gly,Favoured,Gly,Favoured
4126,HXK3,A,GLY,681,-114.91398900254025,148.95356834818887,177.89544789367855,109.47824800946057,50.26,,,,,,No,Gly,Favoured,Gly,Favoured
4127,HXK3,A,GLY,685,-164.78737751024593,-135.6711353755391,-172.2739106482699,108.61908181576173,42.83,,,,,,No,Gly,Allowed,Gly,Disallowed
4128,HXK3,A,GLY,687,-138.8523536459063,179.85163105734378,176.61363642733238,106.05606543551066,29.3,,,,,,No,Gly,Favoured,Gly,Favoured
4129,HXK3,A,GLY,701,-66.57136465592018,-28.192402115011582,-173.4798390362583,112.78346705927534,60.14,,,,,,No,Gly,Favoured,Gly,Favoured
4130,HXK3,A,GLY,704,103.37495638392413,117.88176548803403,177.267247239688,110.14391540819155,38.95,,,,,,No,Gly,Favoured,Gly,Disallowed
4131,HXK3,A,GLY,707,101.35130027564513,179.83340834453864,178.55329012108186,110.06719062806631,30.04,,,,,,No,Gly,Favoured,Gly,Disallowed
4132,HXK3,A,GLY,716,-56.22985145580143,-29.761679448021958,179.20648223607355,107.88949187361005,46.17,,,,,,No,Gly,Favoured,Gly,Favoured
4133,HXK3,A,GLY,719,95.70153439812884,-7.67843680587271,177.2057807907675,112.55229808524923,41.6,,,,,,No,Gly,Favoured,Gly,Allowed
4134,HXK3,A,GLY,722,115.27236119286012,2.6532636949350183,-179.33460361719716,110.36126792725527,38.56,,,,,,No,Gly,Favoured,Gly,Disallowed
4135,HXK3,A,GLY,743,79.38017377885389,-2.6653753195269343,176.62858258445576,109.25768718396132,30.15,,,,,,No,Gly,Favoured,Gly,Favoured
4136,HXK3,A,GLY,753,79.16105364983915,-164.38164219292244,172.3518160284183,112.57058496864248,37.01,,,,,,No,Gly,Favoured,Gly,Disallowed
4137,HXK3,A,GLY,757,-63.43971267967046,-32.235461263023964,-178.158980868156,109.83200233267142,43.89,,,,,,No,Gly,Favoured,Gly,Favoured
4138,HXK3,A,GLY,771,97.65211166212364,2.7964211581849776,-179.0783387779357,107.55300082661253,31.99,,,,,,No,Gly,Favoured,Gly,Disallowed
4139,HXK3,A,GLY,776,69.03871773973289,15.81494460288192,169.43927163214948,113.79863843395758,35.42,,,,,,No,Gly,Favoured,Gly,Favoured
4140,HXK3,A,GLY,814,93.52938488817422,28.744074064559353,179.25473129266283,109.88905339614794,33.44,,,,,,No,Gly,Favoured,Gly,Disallowed
4141,HXK3,A,GLY,841,-65.70962462950457,-42.850199552396504,-179.0506569227009,111.1207520354012,27.2,,,,,,No,Gly,Favoured,Gly,Favoured
4142,HXK3,A,GLY,843,-68.21082221296767,-41.92178910961939,-178.66553801111846,111.1859730339852,32.19,,,,,,No,Gly,Favoured,Gly,Favoured
4143,HXK3,A,GLY,856,86.84830529224716,20.782846025540536,-178.56616134103677,109.02340139003013,35.26,,,,,,No,Gly,Favoured,Gly,Allowed
4144,HXK3,A,GLY,865,-82.75464789855084,134.51482580612992,173.4410920936125,106.82761469746495,37.17,,,,,,No,Gly,Favoured,Gly,Favoured
4145,HXK3,A,GLY,868,111.86231530792348,140.9943640539337,175.23050581475536,111.32568549157914,42.49,,,,,,No,Gly,Favoured,Gly,Disallowed
4146,HXK3,A,GLY,902,102.39718488468085,150.6639975816378,-174.34023041868394,105.17165023950875,138.0,,,,,,No,Gly,Favoured,Gly,Disallowed
4147,HXK3,A,GLY,904,-58.759896752145565,-30.85984898898973,-177.6505745728109,110.89911960089772,59.7,,,,,,No,Gly,Favoured,Gly,Favoured
4148,HXK3,A,GLY,906,-59.16767691989392,-23.868217381482275,-178.59946792809254,108.71449041919414,49.67,,,,,,No,Gly,Favoured,Gly,Favoured
4149,HXK3,A,GLY,5,102.74782183656895,-23.27975470579808,-179.69688006454794,106.75029433294053,22.47,,,,,,No,Gly,Favoured,Gly,Disallowed
4150,HXK3,A,GLY,8,-165.737046318196,167.15725620672296,-179.3234648312311,109.0324927968631,127.06,,,,,,No,Gly,Favoured,Gly,Favoured
4151,HXK3,A,GLY,12,-79.48696815498775,143.34599116511043,176.23925329675623,104.95968384151674,95.32,,,,,,No,Gly,Favoured,Gly,Favoured
4152,HXK3,A,GLY,22,-135.90209658127972,147.50318072864033,-179.44695473934834,107.55265591860065,125.86,,,,,,No,Gly,Favoured,Gly,Favoured
4153,HXK3,A,GLY,25,-74.73187365619701,-176.34448394315987,-177.7792060522142,107.46309045410571,66.96,,,,,,No,Gly,Favoured,Gly,Favoured
4154,HXK3,A,GLY,56,-63.470878674525466,-41.73528889589326,-179.15929598836314,109.58731989705886,18.2,,,,,,No,Gly,Favoured,Gly,Favoured
4155,HXK3,A,GLY,64,-67.77112608455612,-49.76392757177474,-176.51135185719284,112.61845373911133,35.77,,,,,,No,Gly,Favoured,Gly,Favoured
4156,HXK3,A,GLY,80,-72.61336218512075,-34.34924981959343,-175.06967866852705,115.97227866831363,60.2,,,,,,No,Gly,Favoured,Gly,Favoured
4157,HXK3,A,GLY,85,106.22216627626221,-21.48145207113316,-177.92055468780245,110.84553760929005,51.85,,,,,,No,Gly,Favoured,Gly,Disallowed
4158,HXK3,A,GLY,89,146.61407803924627,-176.798803223171,177.9993129472976,108.79499420510618,28.41,,,,,,No,Gly,Favoured,Gly,Disallowed
4159,HXK3,A,GLY,97,95.67691195897469,-13.16679097291504,173.4410955090367,110.98544060952021,214.88,,,,,,No,Gly,Favoured,Gly,Allowed
4160,HXK3,A,GLY,100,72.81811676653825,144.3003652701383,-177.98332580436167,105.09669743292781,58.63,,,,,,No,Gly,Allowed,Gly,Allowed
4161,HXK3,A,GLY,112,-103.11513665268937,62.881073993937335,179.3432543424681,108.17494644469306,54.36,,,,,,No,Gly,Allowed,Gly,Allowed
4162,HXK3,A,GLY,115,117.54023483120572,-33.339830576924044,-178.23023349159058,106.9981989104295,281.85,,,,,,No,Gly,Favoured,Gly,Disallowed
4163,HXK3,A,GLY,134,-78.95666621600107,111.61840517813792,-177.63680655143474,108.25077867958767,67.32,,,,,,No,Gly,Favoured,Gly,Favoured
4164,HXK3,A,GLY,136,132.14968804464155,-66.04149732537172,-176.55557377409636,107.48570379760686,248.92,,,,,,No,Gly,Allowed,Gly,Disallowed
4165,HXK3,A,GLY,160,-111.45382694166858,113.58892032989178,176.9400928801764,105.74682805956793,36.73,,,,,,No,Gly,Favoured,Gly,Favoured
4166,HXK3,A,GLY,164,-108.04243361348466,149.51487189754465,179.29218316621538,108.9847718374914,34.22,,,,,,No,Gly,Favoured,Gly,Favoured
4167,HXK3,A,GLY,175,-149.35459419654606,178.57825569954736,-175.30987283360128,108.98453888865873,37.5,,,,,,No,Gly,Favoured,Gly,Favoured
4168,HXK3,A,GLY,187,-70.76192016126652,164.17388948249712,179.68026818176995,105.930713477739,95.37,,,,,,No,Gly,Favoured,Gly,Favoured
4169,HXK3,A,GLY,192,-122.22361358855072,131.5072171438066,177.1945418223844,106.56031802118949,98.61,,,,,,No,Gly,Favoured,Gly,Favoured
4170,HXK3,A,GLY,195,-58.53789488728569,-49.098866267934824,-174.7625942622065,110.13210554016747,74.44,,,,,,No,Gly,Favoured,Gly,Favoured
4171,HXK3,A,GLY,210,85.64201369282485,-4.108347246768251,179.30819505743395,110.12588237031369,26.39,,,,,,No,Gly,Favoured,Gly,Allowed
4172,HXK3,A,GLY,225,-62.10468073395408,-38.43633077540435,-179.72215399665265,108.81250964745935,28.76,,,,,,No,Gly,Favoured,Gly,Favoured
4173,HXK3,A,GLY,229,-64.52093518078085,-44.664649529040226,-178.3633786171299,111.0037173646383,38.16,,,,,,No,Gly,Favoured,Gly,Favoured
4174,HXK3,A,GLY,233,-73.68071039982894,-43.90093251034316,173.61798212441747,109.68915992538079,45.03,,,,,,No,Gly,Favoured,Gly,Favoured
4175,HXK3,A,GLY,240,-102.87899487487987,138.65510849788592,174.8352935895573,106.46263146587661,45.46,,,,,,No,Gly,Favoured,Gly,Favoured
4176,HXK3,A,GLY,246,-105.92252381240432,174.89796186299117,173.6517680758999,107.16075235570018,36.8,,,,,,No,Gly,Favoured,Gly,Favoured
4177,HXK3,A,GLY,266,83.685080042747,-162.70725673380312,173.21230769906546,111.91733354030977,35.87,,,,,,No,Gly,Favoured,Gly,Disallowed
4178,HXK3,A,GLY,275,-54.792179327211514,-33.53332257725152,-177.23162160674204,109.16624672796088,46.87,,,,,,No,Gly,Favoured,Gly,Favoured
4179,HXK3,A,GLY,281,116.98213966502965,0.30172608326781625,179.70049078647762,110.89966296552521,45.1,,,,,,No,Gly,Favoured,Gly,Disallowed
4180,HXK3,A,GLY,284,-50.92054654765618,-34.157470365900735,-168.66471386189082,112.86719013757138,59.68,,,,,,No,Gly,Favoured,Gly,Favoured
4181,HXK3,A,GLY,302,82.52144733214878,5.9045762850614505,175.52066488854538,111.20182961566782,24.9,,,,,,No,Gly,Favoured,Gly,Allowed
4182,HXK3,A,GLY,311,-84.70544488565054,170.13775678439643,-166.3723078978447,114.82917019492251,48.68,,,,,,No,Gly,Favoured,Gly,Favoured
4183,HXK3,A,GLY,312,-69.26135400563163,-35.187071208296786,-178.1145341276775,113.50092484241378,40.52,,,,,,No,Gly,Favoured,Gly,Favoured
4184,HXK3,A,GLY,316,-65.09898220462259,-38.36361110363084,-177.95875387025538,109.88027220586028,29.95,,,,,,No,Gly,Favoured,Gly,Favoured
4185,HXK3,A,GLY,330,99.78427529486295,7.034986443423015,-178.91737495627913,108.7739602527683,29.95,,,,,,No,Gly,Favoured,Gly,Disallowed
4186,HXK3,A,GLY,334,67.38146061413013,168.30740198123962,-167.91924721775328,104.07067296379732,131.57,,,,,,No,Gly,Favoured,Gly,Allowed
4187,HXK3,A,GLY,335,-61.99120258303578,-14.503245240149246,-179.20611491009163,112.47683501170619,134.74,,,,,,No,Gly,Favoured,Gly,Favoured
4188,HXK3,A,GLY,345,81.20209859482358,1.9617391930894577,175.8971375085752,110.88124375957894,26.52,,,,,,No,Gly,Favoured,Gly,Favoured
4189,HXK3,A,GLY,361,-76.01961652604012,-32.110203518805974,177.46267789129342,110.84001414969372,53.64,,,,,,No,Gly,Favoured,Gly,Favoured
4190,HXK3,A,GLY,373,104.59432353401345,15.638057532051343,178.74060232136767,109.91768008504253,38.14,,,,,,No,Gly,Favoured,Gly,Disallowed
4191,HXK3,A,GLY,377,-99.25296055959491,-179.5543339525294,173.45189738533162,105.3178999095537,27.8,,,,,,No,Gly,Favoured,Gly,Favoured
4192,HXK3,A,GLY,426,-153.34305924132286,178.47994177998245,179.16730625975848,107.57790445162046,22.28,,,,,,No,Gly,Favoured,Gly,Favoured
4193,HXK3,A,GLY,427,112.39556221360688,146.68396382369212,176.86150612738507,110.63681693949901,30.8,,,,,,No,Gly,Favoured,Gly,Disallowed
4194,HXK3,A,GLY,442,-64.7466404645907,-43.0064419204189,-177.04266016645985,110.89509232334397,21.45,,,,,,No,Gly,Favoured,Gly,Favoured
4195,HXK3,A,GLY,461,94.89660516968875,-159.4666202391492,174.45242870696285,112.83553921064585,45.49,,,,,,No,Gly,Favoured,Gly,Disallowed
4196,HXK3,A,GLY,462,-70.82123635448433,-24.22308918906965,-174.00653885043735,116.201565753698,71.95,,,,,,No,Gly,Favoured,Gly,Favoured
4197,HXK3,A,GLY,463,-63.04822734361102,-50.33832679158974,-174.03819406530334,112.45556777593751,44.47,,,,,,No,Gly,Favoured,Gly,Favoured
4198,HXK3,A,GLY,465,-59.217519144973984,-49.91439978615015,-173.7748300392761,111.0760506333849,40.33,,,,,,No,Gly,Favoured,Gly,Favoured
4199,HXK3,A,GLY,511,-64.78844555038998,-33.58354347660722,-173.49958268018256,112.69068139041816,56.87,,,,,,No,Gly,Favoured,Gly,Favoured
4200,HXK3,A,GLY,514,-56.94511982538639,-39.38080437410784,-170.4677828523156,116.87182876259219,87.59,,,,,,No,Gly,Favoured,Gly,Favoured
4201,HXK3,A,GLY,532,-71.33906646894677,-21.001145294023782,172.9133769136996,107.7703183127705,51.52,,,,,,No,Gly,Favoured,Gly,Favoured
4202,HXK3,A,GLY,536,143.04310066326943,-173.8341517063567,176.53489101845494,109.84787789407785,33.45,,,,,,No,Gly,Favoured,Gly,Disallowed
4203,HXK3,A,GLY,544,-169.6589181468919,133.6526016445299,174.1971063994303,102.51401504706081,42.85,,,,,,No,Gly,Favoured,Gly,Allowed
4204,HXK3,A,GLY,545,80.31002332466986,175.2617213159718,-177.95576485244277,106.82483764681176,29.2,,,,,,No,Gly,Favoured,Gly,Allowed
4205,HXK3,A,GLY,558,-157.45071216977016,-147.96811294400786,179.3973311403124,104.34524401762593,41.88,,,,,,No,Gly,Favoured,Gly,Allowed
4206,HXK3,A,GLY,575,-84.6727981712449,-156.01729675514875,-171.51695305878138,112.02959786104492,34.81,,,,,,No,Gly,Favoured,Gly,Allowed
4207,HXK3,A,GLY,577,-67.64976791550163,-33.51769236911854,-179.15835218072743,111.60519663229361,36.92,,,,,,No,Gly,Favoured,Gly,Favoured
4208,HXK3,A,GLY,596,104.40720267797128,-2.9771206099931793,-177.73700491783703,106.30175714324929,30.58,,,,,,No,Gly,Favoured,Gly,Disallowed
4209,HXK3,A,GLY,599,103.01133697018682,-0.460654618634492,178.79907041680286,112.2398709393985,31.88,,,,,,No,Gly,Favoured,Gly,Disallowed
4210,HXK3,A,GLY,605,-93.58678435647792,155.96190056761645,172.78742323879263,107.84802080006759,47.75,,,,,,No,Gly,Favoured,Gly,Favoured
4211,HXK3,A,GLY,616,-149.30975931195633,171.44546187285303,-175.0108210593906,108.86242095946055,34.41,,,,,,No,Gly,Favoured,Gly,Favoured
4212,HXK3,A,GLY,620,-153.05249066688376,146.26643118303772,179.65233837394115,108.33446543797764,33.46,,,,,,No,Gly,Favoured,Gly,Favoured
4213,HXK3,A,GLY,628,93.55427218629224,23.343885076623078,176.61205317991354,114.28436238036613,53.73,,,,,,No,Gly,Favoured,Gly,Disallowed
4214,HXK3,A,GLY,636,84.00442123958769,12.158225204249353,179.67595821188644,109.14373310057694,19.93,,,,,,No,Gly,Favoured,Gly,Allowed
4215,HXK3,A,GLY,666,-61.80883437642757,-38.42829587473956,179.83068141877527,109.39855609855618,27.77,,,,,,No,Gly,Favoured,Gly,Favoured
4216,HXK3,A,GLY,672,-60.442708611711794,-32.142077941663445,178.6147585514313,108.17223685469605,38.52,,,,,,No,Gly,Favoured,Gly,Favoured
4217,HXK3,A,GLY,681,-115.19389989689887,148.96831398406184,177.33996343331685,109.27834256000395,50.28,,,,,,No,Gly,Favoured,Gly,Favoured
4218,HXK3,A,GLY,685,-164.16887629561023,-135.16727395394537,-172.59131611370196,108.68035736817689,41.94,,,,,,No,Gly,Allowed,Gly,Disallowed
4219,HXK3,A,GLY,687,-138.28985187775962,-179.74810079097247,176.7897560810973,105.87228238718747,27.92,,,,,,No,Gly,Favoured,Gly,Favoured
4220,HXK3,A,GLY,701,-65.58605960546163,-27.728503316685828,-174.09573701949452,113.13245437313908,65.52,,,,,,No,Gly,Favoured,Gly,Favoured
4221,HXK3,A,GLY,704,-96.36407234436565,143.29121022338205,-171.36642912435872,111.97265869318953,125.29,,,,,,No,Gly,Favoured,Gly,Favoured
4222,HXK3,A,GLY,707,100.7314001455774,-177.84098064114474,179.80661204579883,108.76190941856343,30.38,,,,,,No,Gly,Favoured,Gly,Disallowed
4223,HXK3,A,GLY,716,-56.13332670039107,-30.035249706281625,179.05118279221756,107.94036609324002,47.01,,,,,,No,Gly,Favoured,Gly,Favoured
4224,HXK3,A,GLY,719,95.92265857939837,-8.3878006637555,177.1321614498212,112.55235279080296,40.85,,,,,,No,Gly,Favoured,Gly,Allowed
4225,HXK3,A,GLY,722,114.60811418545991,2.051444321300035,-179.69782057516034,110.13596406651327,37.73,,,,,,No,Gly,Favoured,Gly,Disallowed
4226,HXK3,A,GLY,743,82.74683831296619,-6.356752307070125,177.54445698858044,108.8892918730296,24.76,,,,,,No,Gly,Favoured,Gly,Allowed
4227,HXK3,A,GLY,753,78.89995125684538,-163.96818255714902,171.69479791183335,112.79976092612853,37.2,,,,,,No,Gly,Favoured,Gly,Disallowed
4228,HXK3,A,GLY,757,-63.33514025068044,-31.257602948874126,-178.93866331549924,109.51721438906291,48.35,,,,,,No,Gly,Favoured,Gly,Favoured
4229,HXK3,A,GLY,771,98.27320940435783,2.162637581604644,-179.45190372084116,107.78020772496355,32.96,,,,,,No,Gly,Favoured,Gly,Disallowed
4230,HXK3,A,GLY,776,71.22238350466003,15.367920054151893,170.36983555868227,113.50950186581704,36.39,,,,,,No,Gly,Favoured,Gly,Favoured
4231,HXK3,A,GLY,814,93.67289443214618,28.41795184381076,179.30649234748495,109.80412152932236,35.22,,,,,,No,Gly,Favoured,Gly,Disallowed
4232,HXK3,A,GLY,841,-65.74383199812203,-43.35961425388541,-178.85089852872647,111.03433959551208,27.87,,,,,,No,Gly,Favoured,Gly,Favoured
4233,HXK3,A,GLY,843,-68.12626216349149,-42.05714261993563,-179.1464383844308,111.18526469093428,32.7,,,,,,No,Gly,Favoured,Gly,Favoured
4234,HXK3,A,GLY,856,91.17956953297401,11.580749916771,179.681640171781,110.48919902269246,32.09,,,,,,No,Gly,Favoured,Gly,Allowed
4235,HXK3,A,GLY,865,-82.45004051676528,135.1997449026307,173.0635946099202,106.72565273843483,38.75,,,,,,No,Gly,Favoured,Gly,Favoured
4236,HXK3,A,GLY,868,111.63002814662158,140.70486116553397,175.15092441132728,110.92379097644994,40.57,,,,,,No,Gly,Favoured,Gly,Disallowed
4237,HXK3,A,GLY,902,102.05656653156721,151.04489945544327,-172.80740468641878,104.75262294745721,139.57,,,,,,No,Gly,Favoured,Gly,Disallowed
4238,HXK3,A,GLY,904,-58.64342465653943,-31.499529549417712,-178.35343023093014,110.9129840358369,59.35,,,,,,No,Gly,Favoured,Gly,Favoured
4239,HXK3,A,GLY,906,-58.850331505674724,-24.01857328299124,-179.6955104355054,108.51551083684186,49.61,,,,,,No,Gly,Favoured,Gly,Favoured
4240,HXK3,A,GLY,5,-62.51222726490423,-41.34004777373287,-178.93369584039954,107.85638140342843,85.92,,,,,,No,Gly,Favoured,Gly,Favoured
4241,HXK3,A,GLY,8,170.15220897862324,133.23329896195386,177.97829024978694,106.8756412926117,118.84,,,,,,No,Gly,Allowed,Gly,Disallowed
4242,HXK3,A,GLY,12,82.75567828566717,22.56271004748419,178.12091209361776,108.6527305496069,60.67,,,,,,No,Gly,Favoured,Gly,Allowed
4243,HXK3,A,GLY,22,166.21231628652518,162.77366517199178,178.82137892702386,107.36342041402582,122.73,,,,,,No,Gly,Favoured,Gly,Disallowed
4244,HXK3,A,GLY,25,171.64985788837026,152.6132432095296,178.6124448432175,107.55065810819801,83.57,,,,,,No,Gly,Favoured,Gly,Allowed
4245,HXK3,A,GLY,56,-63.76329391630344,-41.58691511731797,-179.654141007271,109.66385079747309,18.94,,,,,,No,Gly,Favoured,Gly,Favoured
4246,HXK3,A,GLY,64,-67.38884405084677,-50.088811262280416,-176.63954906995514,113.11103573296118,35.65,,,,,,No,Gly,Favoured,Gly,Favoured
4247,HXK3,A,GLY,80,-72.59076075638532,-34.24791962828732,-175.0182633436879,115.74380603174463,60.43,,,,,,No,Gly,Favoured,Gly,Favoured
4248,HXK3,A,GLY,85,108.73607724078073,-20.88108189596582,177.32467022410557,112.15109636706882,52.82,,,,,,No,Gly,Favoured,Gly,Disallowed
4249,HXK3,A,GLY,89,145.39003604599486,-176.5857933291056,176.82495383292348,109.3608092281249,28.47,,,,,,No,Gly,Favoured,Gly,Disallowed
4250,HXK3,A,GLY,97,96.0201105017289,-20.369023914317033,168.46687233552444,113.58886820932328,226.34,,,,,,No,Gly,Favoured,Gly,Allowed
4251,HXK3,A,GLY,100,70.60821727178458,151.3304970403958,-179.44172240786637,106.26216468525746,51.49,,,,,,No,Gly,Allowed,Gly,Allowed
4252,HXK3,A,GLY,112,-102.53220126735924,67.46343814284212,-179.35349446258996,108.95558177244992,51.67,,,,,,No,Gly,Allowed,Gly,Allowed
4253,HXK3,A,GLY,115,-74.42175524188306,-35.60172055689278,172.7732867409313,110.58877311591779,70.4,,,,,,No,Gly,Favoured,Gly,Favoured
4254,HXK3,A,GLY,134,-125.26277758766639,107.84268439672056,178.48031796607725,106.90840727068684,95.43,,,,,,No,Gly,Allowed,Gly,Favoured
4255,HXK3,A,GLY,136,-63.918096666442956,-55.319976225894486,-174.7999832561488,114.70782869367982,78.09,,,,,,No,Gly,Favoured,Gly,Favoured
4256,HXK3,A,GLY,160,-113.1720163683779,112.99588446631876,177.09251900922968,106.0243488924181,37.65,,,,,,No,Gly,Favoured,Gly,Favoured
4257,HXK3,A,GLY,164,-107.20542816439703,149.59920251543755,179.9284086505556,109.09073506368514,37.51,,,,,,No,Gly,Favoured,Gly,Favoured
4258,HXK3,A,GLY,175,-152.77808554016335,177.3704257590737,-175.61146759438014,108.49764637185396,32.95,,,,,,No,Gly,Favoured,Gly,Favoured
4259,HXK3,A,GLY,187,-158.0417392865072,162.95763469895303,179.4208395363575,106.19981566544618,139.58,,,,,,No,Gly,Favoured,Gly,Favoured
4260,HXK3,A,GLY,192,-117.84094866147012,129.73619031426466,-179.7246542278937,107.75904599271736,116.59,,,,,,No,Gly,Favoured,Gly,Favoured
4261,HXK3,A,GLY,195,59.624007097070034,66.95196659977401,176.66632783949814,108.35189098622676,235.4,,,,,,No,Gly,Favoured,Gly,Allowed
4262,HXK3,A,GLY,210,85.635678097628,-4.840623513364184,179.58330550356027,109.99772903547031,25.83,,,,,,No,Gly,Favoured,Gly,Allowed
4263,HXK3,A,GLY,225,-61.836085391964346,-38.765063801638505,-179.81781530688113,108.673516542426,28.36,,,,,,No,Gly,Favoured,Gly,Favoured
4264,HXK3,A,GLY,229,-63.83617465127014,-44.868547428263916,-177.93342357277567,110.87337141950664,38.63,,,,,,No,Gly,Favoured,Gly,Favoured
4265,HXK3,A,GLY,233,-73.60743692399939,-45.714875381101294,174.26299603422314,109.71834425281922,42.82,,,,,,No,Gly,Favoured,Gly,Favoured
4266,HXK3,A,GLY,240,-103.2805042750797,138.33409223960734,175.26095327753168,106.6437891154882,45.62,,,,,,No,Gly,Favoured,Gly,Favoured
4267,HXK3,A,GLY,246,-106.19899127817182,174.50753744831678,173.55313077488486,107.3304657271899,34.59,,,,,,No,Gly,Favoured,Gly,Favoured
4268,HXK3,A,GLY,266,84.2996625622924,-161.87912560991887,172.14349687109188,111.9795430847405,38.75,,,,,,No,Gly,Favoured,Gly,Disallowed
4269,HXK3,A,GLY,275,-54.184698512989556,-32.98183005736467,-178.7194078098536,108.89998765186277,46.86,,,,,,No,Gly,Favoured,Gly,Favoured
4270,HXK3,A,GLY,281,117.89396730592296,2.1584435296731455,-174.32440915362213,108.67212212268666,51.94,,,,,,No,Gly,Favoured,Gly,Disallowed
4271,HXK3,A,GLY,284,-51.464383653224466,-34.404241814939425,-168.5275775927134,113.3187719598525,60.05,,,,,,No,Gly,Favoured,Gly,Favoured
4272,HXK3,A,GLY,302,78.84653660214913,8.459045316971919,174.2192179645093,111.33340191215132,26.68,,,,,,No,Gly,Favoured,Gly,Favoured
4273,HXK3,A,GLY,311,-84.8992507380906,168.39854164946945,-166.9527693092142,114.9641834934335,51.97,,,,,,No,Gly,Favoured,Gly,Favoured
4274,HXK3,A,GLY,312,-67.15109773697732,-37.55024777145513,-177.33610696200614,113.01907133003444,41.26,,,,,,No,Gly,Favoured,Gly,Favoured
4275,HXK3,A,GLY,316,-64.43774143910852,-39.39845425520004,-176.95328559131679,109.75768089839056,28.03,,,,,,No,Gly,Favoured,Gly,Favoured
4276,HXK3,A,GLY,330,99.03071313958777,6.916273603395962,-179.04316899796032,108.79970297131096,28.18,,,,,,No,Gly,Favoured,Gly,Disallowed
4277,HXK3,A,GLY,334,66.75702921088703,11.688733465313078,176.38488718761766,109.19663479351274,23.34,,,,,,No,Gly,Favoured,Gly,Favoured
4278,HXK3,A,GLY,335,93.14765444842588,-6.731546647440984,177.2214978167087,110.57453213958223,27.1,,,,,,No,Gly,Favoured,Gly,Allowed
4279,HXK3,A,GLY,345,78.26018789772093,3.360516550785094,174.1801047015129,110.94937982160579,28.42,,,,,,No,Gly,Favoured,Gly,Favoured
4280,HXK3,A,GLY,361,109.47572967378052,-40.597542744366635,178.99364206813163,106.38771498040063,232.26,,,,,,No,Gly,Favoured,Gly,Disallowed
4281,HXK3,A,GLY,373,101.66657096048331,21.038115968019273,178.50422930291523,110.16885108141192,32.61,,,,,,No,Gly,Favoured,Gly,Disallowed
4282,HXK3,A,GLY,377,-99.16502131180306,-179.21347441081974,173.3785448550728,105.78366103396822,22.87,,,,,,No,Gly,Favoured,Gly,Favoured
4283,HXK3,A,GLY,426,-152.61828194189144,178.26994929169453,178.6907228052859,107.59880780504639,22.76,,,,,,No,Gly,Favoured,Gly,Favoured
4284,HXK3,A,GLY,427,112.42429726260652,147.7637931347466,176.9203206730711,111.10875681911443,32.49,,,,,,No,Gly,Favoured,Gly,Disallowed
4285,HXK3,A,GLY,442,-64.62788722597212,-43.68318103266015,-177.11688109487264,111.07005499968923,24.28,,,,,,No,Gly,Favoured,Gly,Favoured
4286,HXK3,A,GLY,461,95.886946812099,-159.73774012169775,175.15441824635553,112.71079754667876,47.34,,,,,,No,Gly,Favoured,Gly,Disallowed
4287,HXK3,A,GLY,462,-70.81503669826786,-24.344672596235178,-174.01113311176866,116.14091377300694,72.87,,,,,,No,Gly,Favoured,Gly,Favoured
4288,HXK3,A,GLY,463,-63.03383175274045,-50.25236282751206,-173.92584083347984,112.4528641762438,44.39,,,,,,No,Gly,Favoured,Gly,Favoured
4289,HXK3,A,GLY,465,-59.29287197117833,-50.02419953574346,-173.750192291883,111.16537833569762,42.93,,,,,,No,Gly,Favoured,Gly,Favoured
4290,HXK3,A,GLY,511,-66.2064263421437,-33.217780755125304,-176.3903423387418,112.56048971594639,57.01,,,,,,No,Gly,Favoured,Gly,Favoured
4291,HXK3,A,GLY,514,34.318258435150426,-108.27929960668345,168.41057068790076,116.42562579153885,190.07,,,,,,No,Gly,Disallowed,Gly,Disallowed
4292,HXK3,A,GLY,532,-70.96824273561849,-20.77545326414643,173.60221272584906,107.99842637401251,51.55,,,,,,No,Gly,Favoured,Gly,Favoured
4293,HXK3,A,GLY,536,143.86687834375874,-173.7442595467906,176.4910698633782,110.46174303436925,33.54,,,,,,No,Gly,Favoured,Gly,Disallowed
4294,HXK3,A,GLY,544,-167.33493511254434,134.11343472103985,173.73929709434668,102.40131005162122,42.05,,,,,,No,Gly,Favoured,Gly,Favoured
4295,HXK3,A,GLY,545,79.48566256355295,176.63010234657136,-178.22359742730026,107.06974476966491,29.03,,,,,,No,Gly,Favoured,Gly,Allowed
4296,HXK3,A,GLY,558,-157.87449426183758,-144.76481371052165,-179.95681780149846,103.7724782426825,43.73,,,,,,No,Gly,Favoured,Gly,Allowed
4297,HXK3,A,GLY,575,-84.78953359951387,-155.07896971805587,-171.7194876673584,112.02056822697396,34.8,,,,,,No,Gly,Favoured,Gly,Allowed
4298,HXK3,A,GLY,577,-67.60501273804856,-33.205524037744524,-179.8596103498489,111.37885811073733,38.09,,,,,,No,Gly,Favoured,Gly,Favoured
4299,HXK3,A,GLY,596,104.12775399482008,-3.352635849874468,-177.05812894358988,106.03568187228375,31.44,,,,,,No,Gly,Favoured,Gly,Disallowed
4300,HXK3,A,GLY,599,103.0080037585747,0.21585397225431074,179.5106063977896,112.00994074171572,31.66,,,,,,No,Gly,Favoured,Gly,Disallowed
4301,HXK3,A,GLY,605,-92.32420541792746,155.29958654460543,174.95041778377836,108.14622983653227,44.34,,,,,,No,Gly,Favoured,Gly,Favoured
4302,HXK3,A,GLY,616,-153.58293884063778,178.35872393770885,-174.79861920596784,109.7540381147561,44.48,,,,,,No,Gly,Favoured,Gly,Favoured
4303,HXK3,A,GLY,620,-156.58079668298146,143.32216971199406,178.05718087131334,107.9125974639197,44.28,,,,,,No,Gly,Favoured,Gly,Favoured
4304,HXK3,A,GLY,628,93.47012871420667,22.542858613642856,175.45733056962933,114.37417607162993,51.38,,,,,,No,Gly,Favoured,Gly,Disallowed
4305,HXK3,A,GLY,636,82.6101898807027,13.124158347415785,178.0890968239698,109.74586993193616,20.28,,,,,,No,Gly,Favoured,Gly,Allowed
4306,HXK3,A,GLY,666,-62.038279697972115,-38.421364823450766,179.72823816662367,109.30022830253841,26.56,,,,,,No,Gly,Favoured,Gly,Favoured
4307,HXK3,A,GLY,672,-60.78854683761425,-32.552151252087114,178.71052165063475,108.42210381493005,37.51,,,,,,No,Gly,Favoured,Gly,Favoured
4308,HXK3,A,GLY,681,-115.96561539033694,147.2890955334162,177.13661435598408,109.44204402420242,52.03,,,,,,No,Gly,Favoured,Gly,Favoured
4309,HXK3,A,GLY,685,-164.74434554222768,-135.53793583208488,-172.45484873459776,108.48514442565082,42.49,,,,,,No,Gly,Allowed,Gly,Disallowed
4310,HXK3,A,GLY,687,-138.50007189372494,179.28773978004944,176.6772846538264,106.15834046720747,29.37,,,,,,No,Gly,Favoured,Gly,Favoured
4311,HXK3,A,GLY,701,-65.40884338759066,-28.071646103667803,-174.05639997448688,113.14150005678613,66.08,,,,,,No,Gly,Favoured,Gly,Favoured
4312,HXK3,A,GLY,704,103.58888750870199,117.54958990106327,177.15993339004416,110.10594156263369,38.75,,,,,,No,Gly,Favoured,Gly,Disallowed
4313,HXK3,A,GLY,707,102.55601751150161,179.46446429291007,178.81564748370886,110.00360795002585,29.58,,,,,,No,Gly,Favoured,Gly,Disallowed
4314,HXK3,A,GLY,716,-56.10967986611551,-29.78078247046558,179.17901948482105,107.90939235084676,47.59,,,,,,No,Gly,Favoured,Gly,Favoured
4315,HXK3,A,GLY,719,95.2822726458804,-7.629147845440565,177.2522534950005,112.60811553119979,41.33,,,,,,No,Gly,Favoured,Gly,Allowed
4316,HXK3,A,GLY,722,115.41865797415966,2.7306737725548573,-179.3212518204082,110.43037503136905,39.63,,,,,,No,Gly,Favoured,Gly,Disallowed
4317,HXK3,A,GLY,743,81.30954603620252,-5.330689179690015,176.97066083916457,109.33923581111696,26.37,,,,,,No,Gly,Favoured,Gly,Favoured
4318,HXK3,A,GLY,753,79.12524670875789,-163.6557590662057,172.65661358777228,112.55911441743683,38.35,,,,,,No,Gly,Favoured,Gly,Disallowed
4319,HXK3,A,GLY,757,-63.547927292627364,-32.427359534779825,-178.23481731302397,109.53638696584065,45.34,,,,,,No,Gly,Favoured,Gly,Favoured
4320,HXK3,A,GLY,771,97.91226377654723,1.909916401325324,-178.54730704065156,107.66864404916336,32.85,,,,,,No,Gly,Favoured,Gly,Disallowed
4321,HXK3,A,GLY,776,67.15394352090864,17.168195349830338,170.08983663024165,113.40077153520679,36.41,,,,,,No,Gly,Favoured,Gly,Favoured
4322,HXK3,A,GLY,814,93.20482588300722,30.092232774877992,178.18158289638055,110.06267973551286,35.59,,,,,,No,Gly,Favoured,Gly,Disallowed
4323,HXK3,A,GLY,841,-65.50340740797986,-43.48220596529019,-178.50994387350042,111.03343834057885,27.23,,,,,,No,Gly,Favoured,Gly,Favoured
4324,HXK3,A,GLY,843,-68.06240919975274,-41.866587135605805,-178.7345494316444,111.16300069698677,32.03,,,,,,No,Gly,Favoured,Gly,Favoured
4325,HXK3,A,GLY,856,89.96904985449915,12.732191383892578,-179.34407378129288,109.92339374922996,29.85,,,,,,No,Gly,Favoured,Gly,Allowed
4326,HXK3,A,GLY,865,-82.59680102994756,134.38180070762235,173.3901058261588,106.82910771266742,37.46,,,,,,No,Gly,Favoured,Gly,Favoured
4327,HXK3,A,GLY,868,111.41836088818727,140.42738168011462,175.54438929750265,110.94254851760346,40.39,,,,,,No,Gly,Favoured,Gly,Disallowed
4328,HXK3,A,GLY,902,102.4975671746022,151.09846381946508,-173.72970280053727,105.05804037976671,138.49,,,,,,No,Gly,Favoured,Gly,Disallowed
4329,HXK3,A,GLY,904,-58.77026607870525,-31.064845388462523,-177.96385793207375,110.86313474691737,58.65,,,,,,No,Gly,Favoured,Gly,Favoured
4330,HXK3,A,GLY,906,-59.226799344263895,-24.147929587249006,-178.44141072524044,108.81992881166424,49.27,,,,,,No,Gly,Favoured,Gly,Favoured
4331,HXK3,A,GLY,5,179.98846123230874,-179.9477915553704,179.95986602024132,108.95074488859166,0.0,,,,,,No,Gly,Favoured,Gly,Allowed
4332,HXK3,A,GLY,8,179.97012625356308,179.98509206431493,-179.99481049521222,108.94413214324658,0.0,,,,,,No,Gly,Favoured,Gly,Disallowed
4333,HXK3,A,GLY,12,-179.96680237702765,-179.98847306266507,-179.97955712613125,108.94005586539336,0.0,,,,,,No,Gly,Favoured,Gly,Allowed
4334,HXK3,A,GLY,22,-179.9756968164608,179.9929891499395,-179.95137413936718,108.96885198610849,0.0,,,,,,No,Gly,Favoured,Gly,Allowed
4335,HXK3,A,GLY,25,179.9978809849207,-179.97670760766715,179.9761937338227,108.95205950825375,0.0,,,,,,No,Gly,Favoured,Gly,Allowed
4336,HXK3,A,GLY,56,-63.601993118688355,-41.33386076942908,175.3301328285389,111.53485871368807,30.72,,,,,,No,Gly,Favoured,Gly,Favoured
4337,HXK3,A,GLY,64,-72.42975775776627,-51.43258134288359,-168.95826636435405,111.56524224203417,29.72,,,,,,No,Gly,Favoured,Gly,Favoured
4338,HXK3,A,GLY,80,-93.76934855353609,-12.046203207261144,-169.23824535101156,114.70922614380554,25.42,,,,,,No,Gly,Favoured,Gly,Favoured
4339,HXK3,A,GLY,85,97.1090925613124,-18.43220769577684,177.3238509743256,115.87209667821956,30.6,,,,,,No,Gly,Favoured,Gly,Allowed
4340,HXK3,A,GLY,89,148.33198042861324,-172.45562728722598,173.55685162008484,110.04042718315598,25.97,,,,,,No,Gly,Favoured,Gly,Disallowed
4341,HXK3,A,GLY,97,-103.7151233100817,179.99490531290766,171.07588396633994,112.84032305247221,90.11,,,,,,No,Gly,Favoured,Gly,Favoured
4342,HXK3,A,GLY,112,-100.35950032645768,86.01389596708897,174.1167988701163,105.86094179982989,27.57,,,,,,No,Gly,Allowed,Gly,Favoured
4343,HXK3,A,GLY,115,-88.47302195362118,-14.71543383700347,-175.60024073100567,113.81071635430355,27.92,,,,,,No,Gly,Favoured,Gly,Favoured
4344,HXK3,A,GLY,136,-58.034403386406105,-55.42598242530564,-177.47934441762584,115.54903708001555,60.38,,,,,,No,Gly,Favoured,Gly,Favoured
4345,HXK3,A,GLY,160,-107.3702869550913,106.86254379211272,175.98742080186395,106.92384135369245,26.71,,,,,,No,Gly,Favoured,Gly,Favoured
4346,HXK3,A,GLY,164,-94.30084800902162,149.3077095002175,171.69372661129685,112.83262020419548,30.36,,,,,,No,Gly,Favoured,Gly,Favoured
4347,HXK3,A,GLY,175,-161.341118879789,163.70660648625105,179.35070036430216,108.35414775445993,28.16,,,,,,No,Gly,Favoured,Gly,Favoured
4348,HXK3,A,GLY,187,-179.96002112091804,-179.95033056303524,179.99932228673435,108.91751430759156,0.0,,,,,,No,Gly,Favoured,Gly,Allowed
4349,HXK3,A,GLY,192,179.94431544285393,179.95403796658735,179.9919575270897,108.96348001835887,0.0,,,,,,No,Gly,Favoured,Gly,Disallowed
4350,HXK3,A,GLY,210,76.23137840790805,-3.387209987724837,-168.42815172398983,115.31052736798074,27.63,,,,,,No,Gly,Favoured,Gly,Favoured
4351,HXK3,A,GLY,225,-61.061750681932175,-37.02375568702555,176.48529128619737,111.94287783518536,31.43,,,,,,No,Gly,Favoured,Gly,Favoured
4352,HXK3,A,GLY,229,-59.820653960892734,-49.99487232623809,177.59461584231153,110.7805002482029,32.57,,,,,,No,Gly,Favoured,Gly,Favoured
4353,HXK3,A,GLY,233,-82.95504921709318,-36.95690217965811,171.34912177016486,112.60168565437046,40.98,,,,,,No,Gly,Favoured,Gly,Favoured
4354,HXK3,A,GLY,240,-87.00889168956138,141.66395776534623,162.1040583784938,112.5552860895164,25.05,,,,,,No,Gly,Favoured,Gly,Favoured
4355,HXK3,A,GLY,246,-107.32487824110878,175.3854261346094,166.3941694585725,110.86644214228231,30.54,,,,,,No,Gly,Favoured,Gly,Favoured
4356,HXK3,A,GLY,266,84.76691442224696,-159.0362738299273,169.4297568478297,112.53065386746287,28.89,,,,,,No,Gly,Favoured,Gly,Disallowed
4357,HXK3,A,GLY,275,-51.38151518520053,-30.304797827404343,174.47517584022663,112.22134642727795,25.48,,,,,,No,Gly,Favoured,Gly,Favoured
4358,HXK3,A,GLY,281,105.01272115163128,-10.262328795055582,176.87900923867755,115.33443340688014,31.65,,,,,,No,Gly,Favoured,Gly,Disallowed
4359,HXK3,A,GLY,284,-70.86227773063939,-7.434822851073555,-167.43424419953706,115.7304382023486,35.58,,,,,,No,Gly,Favoured,Gly,Favoured
4360,HXK3,A,GLY,302,83.83067687716435,3.337868117558684,178.23507913445724,115.54485005850722,39.48,,,,,,No,Gly,Favoured,Gly,Allowed
4361,HXK3,A,GLY,311,-99.61340127479825,175.60865983059446,-164.13705969656624,110.7433391793928,30.76,,,,,,No,Gly,Favoured,Gly,Favoured
4362,HXK3,A,GLY,312,-78.71840497172295,-28.911507907383314,-174.20098306650402,114.16586912362813,36.44,,,,,,No,Gly,Favoured,Gly,Favoured
4363,HXK3,A,GLY,316,-62.35173999700313,-40.186068470551405,175.98989013794406,112.45240975445883,42.76,,,,,,No,Gly,Favoured,Gly,Favoured
4364,HXK3,A,GLY,330,67.44376080594672,24.904070854057725,177.5625345651268,113.75561760621605,57.59,,,,,,No,Gly,Favoured,Gly,Favoured
4365,HXK3,A,GLY,334,52.474774422038436,27.540929242462624,-175.52504296880798,113.475677683442,48.43,,,,,,No,Gly,Favoured,Gly,Favoured
4366,HXK3,A,GLY,335,87.17109635630554,-11.213566540310323,-178.55816569610332,115.48646917709566,45.52,,,,,,No,Gly,Favoured,Gly,Allowed
4367,HXK3,A,GLY,345,74.72123013194079,2.0230753025900468,176.68769979625804,115.88600380596453,49.2,,,,,,No,Gly,Favoured,Gly,Favoured
4368,HXK3,A,GLY,361,-104.0245456507319,-14.210998170335266,179.7322520417058,109.64304487084436,69.44,,,,,,No,Gly,Favoured,Gly,Favoured
4369,HXK3,A,GLY,373,91.85787457968618,20.493199675408142,179.051854128287,114.78496842356101,49.75,,,,,,No,Gly,Favoured,Gly,Disallowed
4370,HXK3,A,GLY,377,-96.51311238942394,177.42597528322156,170.53547224643154,108.30689652246785,52.96,,,,,,No,Gly,Favoured,Gly,Favoured
4371,HXK3,A,GLY,426,-146.91882171995167,177.45353922241173,176.48929452349807,108.59485718921466,29.61,,,,,,No,Gly,Favoured,Gly,Favoured
4372,HXK3,A,GLY,427,109.87616458707008,153.69674048987162,171.98376081082932,113.16821501114372,36.57,,,,,,No,Gly,Favoured,Gly,Disallowed
4373,HXK3,A,GLY,442,-68.48256298479642,-36.98878619367423,-175.86186375845037,111.76157048502961,34.66,,,,,,No,Gly,Favoured,Gly,Favoured
4374,HXK3,A,GLY,461,87.1374775049362,-147.8293568916897,167.51487010545358,115.88243432277554,69.74,,,,,,No,Gly,Favoured,Gly,Disallowed
4375,HXK3,A,GLY,462,-95.38557611589727,-3.182784877705892,-165.1864572718788,113.60215546140093,59.25,,,,,,No,Gly,Favoured,Gly,Favoured
4376,HXK3,A,GLY,463,-68.23698199235797,-53.94846049590954,176.7464096114015,112.5243983877579,53.96,,,,,,No,Gly,Favoured,Gly,Favoured
4377,HXK3,A,GLY,465,-55.502273527727375,-56.59154726127338,-177.90951192140244,111.91969264708572,35.37,,,,,,No,Gly,Favoured,Gly,Favoured
4378,HXK3,A,GLY,511,-74.80751648045486,-24.241277350881294,-179.69797842000133,114.16393391946997,63.82,,,,,,No,Gly,Favoured,Gly,Favoured
4379,HXK3,A,GLY,514,-76.40028988946875,-14.836952211238529,-175.31903363977847,112.84973761887171,77.03,,,,,,No,Gly,Favoured,Gly,Favoured
4380,HXK3,A,GLY,532,-72.27762736305071,1.6386694243368547,160.80949859141003,114.21049328955394,69.19,,,,,,No,Gly,Favoured,Gly,Favoured
4381,HXK3,A,GLY,536,146.7870471101098,-167.50979073177407,172.08320705298195,112.61868294924201,78.13,,,,,,No,Gly,Favoured,Gly,Disallowed
4382,HXK3,A,GLY,544,-152.97636439313092,153.0260325213325,152.8099612217769,104.45812558777891,70.17,,,,,,No,Gly,Favoured,Gly,Favoured
4383,HXK3,A,GLY,545,66.7744333236343,177.16920983692395,-170.20472966553635,110.84472408350408,73.65,,,,,,No,Gly,Favoured,Gly,Allowed
4384,HXK3,A,GLY,558,152.09172293831847,-155.35978173314047,-175.3035837709214,110.6871016983237,80.31,,,,,,No,Gly,Favoured,Gly,Disallowed
4385,HXK3,A,GLY,575,-90.60205369203477,-152.5618812840204,179.61609764350524,113.70429236868578,71.36,,,,,,No,Gly,Favoured,Gly,Allowed
4386,HXK3,A,GLY,577,-70.35127959377309,-23.84808648954528,174.64862502304672,114.38972392432403,69.02,,,,,,No,Gly,Favoured,Gly,Favoured
4387,HXK3,A,GLY,596,85.17955568204101,1.6771531461555382,-168.50850909044578,113.63006991823234,87.44,,,,,,No,Gly,Favoured,Gly,Allowed
4388,HXK3,A,GLY,599,106.29653673662088,-3.1407616741957605,-177.5711623104266,115.96005778977978,82.9,,,,,,No,Gly,Favoured,Gly,Disallowed
4389,HXK3,A,GLY,605,-93.59113116272651,155.87250963754886,167.73323760657797,112.44370858617722,55.57,,,,,,No,Gly,Favoured,Gly,Favoured
4390,HXK3,A,GLY,616,-161.5843263327371,161.65071840975605,-175.97726065067957,108.66569840236731,61.49,,,,,,No,Gly,Favoured,Gly,Favoured
4391,HXK3,A,GLY,620,-150.12515699319056,141.36649495198918,176.0590137687638,110.74677859550675,70.79,,,,,,No,Gly,Favoured,Gly,Favoured
4392,HXK3,A,GLY,628,105.02603886154894,16.33360696936763,-178.27073537773896,118.15310809478883,71.91,,,,,,No,Gly,Favoured,Gly,Disallowed
4393,HXK3,A,GLY,636,86.17740340104707,4.891038032810057,-173.5049244062839,114.90863679827712,69.41,,,,,,No,Gly,Favoured,Gly,Allowed
4394,HXK3,A,GLY,666,-60.86201797403551,-36.81821158067624,176.26568190343608,112.53286066594164,47.75,,,,,,No,Gly,Favoured,Gly,Favoured
4395,HXK3,A,GLY,672,-59.87482955707772,-28.492199738420727,164.3986837563944,112.85699004594251,56.97,,,,,,No,Gly,Favoured,Gly,Favoured
4396,HXK3,A,GLY,681,-98.21314779830061,152.0024808783854,161.9459150283667,116.9366871636569,54.55,,,,,,No,Gly,Favoured,Gly,Favoured
4397,HXK3,A,GLY,685,-169.57824718936783,-157.5612537108031,-153.38768602702467,110.20099660754907,36.84,,,,,,No,Gly,Favoured,Gly,Allowed
4398,HXK3,A,GLY,687,-148.62985319386755,-177.78743029492824,170.78999185810187,106.25748629223726,35.46,,,,,,No,Gly,Favoured,Gly,Favoured
4399,HXK3,A,GLY,701,-87.11620366606917,-1.9958357368632524,177.77239069631787,112.29100037188462,77.84,,,,,,No,Gly,Favoured,Gly,Favoured
4400,HXK3,A,GLY,704,95.2293610963679,141.19779414409228,173.30692452136668,114.86511572593983,81.59,,,,,,No,Gly,Favoured,Gly,Disallowed
4401,HXK3,A,GLY,707,103.63035397865102,-169.76445414790726,-177.6314426554945,113.04665211923005,73.27,,,,,,No,Gly,Favoured,Gly,Disallowed
4402,HXK3,A,GLY,716,-54.865453328578624,-22.88792319526401,167.19280555404146,112.82257810648733,43.25,,,,,,No,Gly,Favoured,Gly,Favoured
4403,HXK3,A,GLY,719,89.22871757414372,-8.0466458482291,-177.93533009365524,116.34933204350266,52.15,,,,,,No,Gly,Favoured,Gly,Allowed
4404,HXK3,A,GLY,722,106.37024805182408,-2.0264951233154416,-177.16203666737997,114.97678870187309,62.71,,,,,,No,Gly,Favoured,Gly,Disallowed
4405,HXK3,A,GLY,743,74.15320216635911,-7.985520826340412,-177.29214671859566,114.91370892366372,50.37,,,,,,No,Gly,Favoured,Gly,Favoured
4406,HXK3,A,GLY,753,81.75173453830446,-169.931382215287,165.99209831798083,114.18638652122743,39.06,,,,,,No,Gly,Favoured,Gly,Disallowed
4407,HXK3,A,GLY,757,-64.76613476198976,-21.95255280345883,178.24220140093163,113.59724470180825,27.55,,,,,,No,Gly,Favoured,Gly,Favoured
4408,HXK3,A,GLY,771,76.73879641849778,8.86861723344277,-178.46235219789554,114.49698658928978,25.29,,,,,,No,Gly,Favoured,Gly,Favoured
4409,HXK3,A,GLY,776,65.74563855054349,15.611691205484185,164.87560029155492,116.60228052723961,32.83,,,,,,No,Gly,Favoured,Gly,Favoured
4410,HXK3,A,GLY,814,82.63904755805329,30.96427831619228,177.07067124991542,115.55740370856236,39.97,,,,,,No,Gly,Favoured,Gly,Allowed
4411,HXK3,A,GLY,841,-68.82345512991425,-46.228017847403656,178.64025263528202,112.18088442856013,45.85,,,,,,No,Gly,Favoured,Gly,Favoured
4412,HXK3,A,GLY,843,-74.53841854614147,-40.781809583488545,-177.99635473615734,112.57545570241103,51.28,,,,,,No,Gly,Favoured,Gly,Favoured
4413,HXK3,A,GLY,856,68.9360726706204,26.345952991558402,-178.56862221456737,114.648133480315,85.5,,,,,,No,Gly,Favoured,Gly,Favoured
4414,HXK3,A,GLY,865,-75.42885908848214,130.5504949069354,164.64513983413502,110.49568552603876,50.65,,,,,,No,Gly,Favoured,Gly,Favoured
4415,HXK3,A,GLY,868,107.33223696600054,150.87091225244802,169.86043984494663,112.93000099808346,40.16,,,,,,No,Gly,Favoured,Gly,Disallowed
4416,HXK3,A,GLY,902,104.00925037633904,144.6194366671574,-159.08569372936657,110.05100053895762,72.86,,,,,,No,Gly,Favoured,Gly,Disallowed
4417,HXK3,A,GLY,904,-51.583991961534245,-26.661568338969555,-179.74608237260378,115.78780687744865,64.09,,,,,,No,Gly,Favoured,Gly,Favoured
4418,HXK3,A,GLY,906,-56.285626462768775,-19.28101798150788,172.76447233630864,113.11869165633112,50.49,,,,,,No,Gly,Favoured,Gly,Favoured
4419,5HEX,A,VAL,19,-59.39215270571382,-53.93301687985406,169.83507507227387,110.71302544062453,57.83,163.46757954844108,,,,,No,Val_Ile,Favoured,General,Favoured
4420,5HEX,A,VAL,22,-63.521162774293714,-46.84839719995728,176.7501132826245,110.27730981667689,51.75,165.32308081655373,,,,,No,Val_Ile,Favoured,General,Favoured
4421,5HEX,A,ILE,39,-58.28853242108438,-38.83761379791872,174.99391825310437,110.19291199439289,23.0,-70.98585540674955,178.9543325937753,,,,No,Val_Ile,Favoured,General,Favoured
4422,5HEX,A,VAL,61,-100.83901387967678,111.26009087866264,171.0251957036655,106.45580998322258,29.56,-179.2276584731371,,,,,No,Val_Ile,Favoured,General,Favoured
4423,5HEX,A,VAL,68,-77.7098997046411,115.30626158500118,171.76892397268813,108.3663168596927,23.22,-176.91276315948582,,,,,No,Val_Ile,Favoured,General,Favoured
4424,5HEX,A,VAL,92,-122.53126879317941,121.83297764601653,171.6264323284179,105.82330195150523,49.18,176.5956914028077,,,,,No,Val_Ile,Favoured,General,Favoured
4425,5HEX,A,VAL,95,-125.48943517667225,116.85676906182485,-171.75141854078197,107.12251743162356,33.2,-178.6765660918884,,,,,No,Val_Ile,Favoured,General,Favoured
4426,5HEX,A,VAL,97,-118.95114904150306,124.19254135019229,-173.92367669075395,108.7427538688653,29.0,172.45928400955154,,,,,No,Val_Ile,Favoured,General,Favoured
4427,5HEX,A,VAL,105,-83.05129812591044,146.43310986328186,-175.8715776768571,110.0388373329293,44.14,166.62258967456302,,,,,No,Val_Ile,Favoured,General,Favoured
4428,5HEX,A,ILE,111,-105.55725874457863,132.01304776775814,-171.7587773283815,107.96891899991472,59.0,-48.55634258308907,100.24116042121175,,,,No,Val_Ile,Favoured,General,Favoured
4429,5HEX,A,ILE,130,-69.48534167847922,-45.24440479701402,-176.53151670632556,110.66297279564326,46.35,-72.28137803607393,161.31006955844367,,,,No,Val_Ile,Favoured,General,Favoured
4430,5HEX,A,ILE,143,-99.96195275136586,4.090004518475877,-158.47015812684967,114.88168472859721,50.9,48.74883119860632,174.72097976100838,,,,No,Val_Ile,Favoured,General,Favoured
4431,5HEX,A,VAL,185,-79.07512351563676,-17.70287992421345,-175.37605580937947,111.54423321440555,39.12,149.3794399651836,,,,,No,Val_Ile,Favoured,General,Favoured
4432,5HEX,A,VAL,186,-75.30188549435564,-48.008011437427434,176.79899449909212,109.76060468249543,38.93,173.41079583418224,,,,,No,Val_Ile,Favoured,General,Favoured
4433,5HEX,A,ILE,189,-67.81217622034396,-29.688997143952236,-179.81594300424206,110.98580882950068,40.28,-174.27061660200593,60.75527874592902,,,,No,Val_Ile,Favoured,General,Favoured
4434,5HEX,A,ILE,193,-72.31788943738475,-36.95627496700129,178.7769079019158,109.5085851079387,38.09,-72.922717332718,176.98475753246095,,,,No,Val_Ile,Favoured,General,Favoured
4435,5HEX,A,ILE,201,-124.91419550021048,145.5205781775797,-172.98046748831527,107.83083227726476,37.14,-135.85915770143265,62.644611905922346,,,,No,Val_Ile,Favoured,General,Favoured
4436,5HEX,A,ILE,203,-51.98628955634809,148.28509231337304,-174.9929787720591,111.09582080395295,35.69,64.16186679966901,171.09662681691213,,,,No,Val_Ile,Allowed,General,Favoured
4437,5HEX,A,VAL,204,-118.9786337847508,143.60229915226148,-177.61902062244465,108.66507336762852,32.78,176.42620190238978,,,,,No,Val_Ile,Favoured,General,Favoured
4438,5HEX,A,VAL,206,-121.87667636464674,121.5531269515091,173.87726788018608,107.38834828405241,33.13,-175.65138972843397,,,,,No,Val_Ile,Favoured,General,Favoured
4439,5HEX,A,VAL,207,-134.74492065567992,147.91530114505653,-170.67433957520285,109.21771869615961,29.07,-47.531237667616416,,,,,No,Val_Ile,Favoured,General,Favoured
4440,5HEX,A,VAL,211,-63.31521166744824,-43.20339386273926,-177.14514386470756,110.87094228140006,22.21,177.3000466121509,,,,,No,Val_Ile,Favoured,General,Favoured
4441,5HEX,A,ILE,226,-136.45977645919126,119.7044482800305,-174.0782319359921,109.00458484182829,23.3,-65.75344938516075,167.59181822601195,,,,No,Val_Ile,Favoured,General,Favoured
4442,5HEX,A,ILE,229,-128.1602174111521,117.71957265351574,172.3918824013281,107.95404756016514,31.19,-67.17833559987842,167.8834889407853,,,,No,Val_Ile,Favoured,General,Favoured
4443,5HEX,A,VAL,230,-113.92054837145993,97.60696852440117,164.56921411501295,105.66794790664932,31.32,-164.53039680583922,,,,,No,Val_Ile,Favoured,General,Favoured
4444,5HEX,A,ILE,245,-104.38700952552135,104.08882463809704,-176.90678627727118,106.7712629931789,25.23,-59.38326352262028,171.01064645249036,,,,No,Val_Ile,Favoured,General,Favoured
4445,5HEX,A,VAL,248,-119.93964398731168,131.88672024374299,172.9561646277653,108.11518460989225,33.1,177.49256020230354,,,,,No,Val_Ile,Favoured,General,Favoured
4446,5HEX,A,ILE,257,-115.97578639618317,125.41060485423712,-178.9350385611896,107.70388455158299,23.41,-67.77678732844913,-70.57966232984268,,,,No,Val_Ile,Favoured,General,Favoured
4447,5HEX,A,ILE,273,-82.4744083562852,-30.88402829975752,174.49587766823072,110.65042217877284,33.59,-51.15895802747497,-49.27477625172941,,,,No,Val_Ile,Favoured,General,Favoured
4448,5HEX,A,ILE,281,-54.602009357150244,-38.97088110529174,178.13349494596503,110.86752552810465,34.51,-74.36562332732836,177.1045547162474,,,,No,Val_Ile,Favoured,General,Favoured
4449,5HEX,A,ILE,297,-97.53039290518043,-12.956361784441103,-166.75229887639975,116.53937750150506,31.15,65.62121292150731,167.53969616839876,,,,No,Val_Ile,Favoured,General,Favoured
4450,5HEX,A,VAL,306,-70.29317643410737,-39.1085060592004,173.01488186597706,111.31137084284681,41.79,169.19887316611891,,,,,No,Val_Ile,Favoured,General,Favoured
4451,5HEX,A,ILE,309,-68.49481986795928,-41.3233201985677,174.401514604154,110.3932554242149,41.91,-61.60814119652516,170.7454731190577,,,,No,Val_Ile,Favoured,General,Favoured
4452,5HEX,A,VAL,311,-48.91708754487623,-48.262563529530475,176.8507647790317,110.96134727665054,39.79,168.82995246337745,,,,,No,Val_Ile,Favoured,General,Favoured
4453,5HEX,A,ILE,339,-64.25544725168791,-52.74272049923882,175.50512460949437,109.7163289224961,47.4,-63.4383283711731,170.14311740003154,,,,No,Val_Ile,Favoured,General,Favoured
4454,5HEX,A,ILE,342,-68.90820443527643,-35.441176440108705,-167.0886999054729,110.8801435473643,50.26,-75.48830768120739,167.10205338954245,,,,No,Val_Ile,Favoured,General,Favoured
4455,5HEX,A,ILE,349,-72.21745397461015,-38.81332753427724,173.54808857928168,109.90066279558246,70.5,-73.55899905612624,167.4206431035623,,,,No,Val_Ile,Favoured,General,Favoured
4456,5HEX,A,VAL,355,-67.43954534920599,-40.4615796374565,178.76976495110318,110.16854300068535,60.8,173.16541883418466,,,,,No,Val_Ile,Favoured,General,Favoured
4457,5HEX,A,VAL,369,-60.28452606317849,-47.152823829152744,174.91625128119335,110.19388716067112,52.39,179.48998414323515,,,,,No,Val_Ile,Favoured,General,Favoured
4458,5HEX,A,ILE,374,-52.59563286477377,-36.92744201088863,171.28956931340008,110.68323434105217,34.91,-66.38507204292694,166.79670299653634,,,,No,Val_Ile,Favoured,General,Favoured
4459,5HEX,A,ILE,377,-59.78019344487954,-44.76514491700828,-177.5435680884631,110.11095784855047,33.7,-84.12982580949654,152.24682764598248,,,,No,Val_Ile,Favoured,General,Favoured
4460,5HEX,A,VAL,378,-65.58558153867978,-45.630769893885535,-178.30991062425838,110.32498694607082,34.83,169.67868655305017,,,,,No,Val_Ile,Favoured,General,Favoured
4461,5HEX,A,VAL,393,-63.48562391146937,-46.24075936760061,176.5383012918981,110.08663937510501,24.43,-177.79809645687962,,,,,No,Val_Ile,Favoured,General,Favoured
4462,5HEX,A,ILE,397,-57.54518991443959,-36.59072733665651,174.62197278433865,109.97428067984772,27.51,-62.26685307826389,174.03828583291963,,,,No,Val_Ile,Favoured,General,Favoured
4463,5HEX,A,ILE,410,-103.46505335849335,113.45709659833791,-179.26173448599826,108.04628868896845,32.77,-61.786250354595786,176.14163896972377,,,,No,Val_Ile,Favoured,General,Favoured
4464,5HEX,A,VAL,412,-133.23345022724675,138.09512139003104,-164.88878329073415,110.44585127410512,28.84,-171.646580587449,,,,,No,Val_Ile,Favoured,General,Favoured
4465,5HEX,A,VAL,416,-65.74635527540052,-55.2364826747537,176.4693532402995,110.59462157948415,30.96,174.163271388189,,,,,No,Val_Ile,Favoured,General,Favoured
4466,5HEX,A,VAL,431,-56.91475163371359,-47.3727401178411,177.72465458096295,110.21391358204093,30.52,173.5456675046806,,,,,No,Val_Ile,Favoured,General,Favoured
4467,5HEX,A,VAL,440,-124.4747422220026,112.8448084032516,-170.75134403490193,108.9273216904741,36.8,47.84756013770798,,,,,No,Val_Ile,Favoured,General,Favoured
4468,5HEX,A,VAL,456,-60.05414126662423,-50.492587260624454,175.02548919088062,109.93634614594787,23.31,-174.74823829390508,,,,,No,Val_Ile,Favoured,General,Favoured
4469,5HEX,A,VAL,459,-68.79778609455066,-31.82591366523471,176.2082371743395,110.18183225244574,24.07,173.7189072735684,,,,,No,Val_Ile,Favoured,General,Favoured
4470,5HEX,A,VAL,487,-64.01265770678464,-43.52253103676525,175.13360424791824,110.64095499938374,54.54,170.23707664534197,,,,,No,Val_Ile,Favoured,General,Favoured
4471,5HEX,A,VAL,493,-60.50496409689785,-37.54774138375864,-174.38494927412387,110.84927839933935,57.14,-54.62338397677299,,,,,No,Val_Ile,Favoured,General,Favoured
4472,5HEX,A,VAL,509,-93.79126360971141,107.34031655080263,177.62599769533162,107.05231685249043,58.47,-171.00983351346383,,,,,No,Val_Ile,Favoured,General,Favoured
4473,5HEX,A,VAL,516,-101.88601873548404,104.37541317897939,167.50419940073755,104.18637426488682,55.93,170.72303901839007,,,,,No,Val_Ile,Favoured,General,Favoured
4474,5HEX,A,VAL,540,-110.57925583101968,127.44769630469189,166.09863543963272,107.29008057136245,68.66,-177.04851854992972,,,,,No,Val_Ile,Favoured,General,Favoured
4475,5HEX,A,VAL,543,-104.43059142956584,125.48066102347971,-179.89867519115134,108.39383805568771,71.89,156.35570376360374,,,,,No,Val_Ile,Favoured,General,Favoured
4476,5HEX,A,VAL,545,-114.52447112757325,125.63498232425884,-175.61422221824913,109.65351168055648,76.88,-173.120050937674,,,,,No,Val_Ile,Favoured,General,Favoured
4477,5HEX,A,VAL,553,-137.76082537419205,137.374808251775,-179.3958334180695,109.9550359694616,77.83,-169.27482772096894,,,,,No,Val_Ile,Favoured,General,Favoured
4478,5HEX,A,ILE,559,-101.28354528631895,131.802429933487,-178.5792257415983,109.0973394868824,76.68,-40.257593401377115,160.32608704266613,,,,No,Val_Ile,Favoured,General,Favoured
4479,5HEX,A,VAL,566,-54.64123171515333,-36.15184880431548,-173.39254331599233,111.44050018257175,70.94,-177.46991159200894,,,,,No,Val_Ile,Favoured,General,Favoured
4480,5HEX,A,ILE,578,-59.7874672228524,-45.0438243414706,178.346385368955,109.95640141115071,65.83,-60.914821670833135,169.48554230100777,,,,No,Val_Ile,Favoured,General,Favoured
4481,5HEX,A,VAL,579,-69.10561015288334,-30.609036224771348,-169.13861698454116,112.23583522012873,66.88,168.3319115595208,,,,,No,Val_Ile,Favoured,General,Favoured
4482,5HEX,A,ILE,582,-69.97527340104166,-46.44412934717996,168.3828502583757,110.11684613649324,65.44,-59.9170018207118,168.9377247422888,,,,No,Val_Ile,Favoured,General,Favoured
4483,5HEX,A,VAL,594,-99.95273434231098,136.30423318815684,-179.31674676440858,109.4892358753185,85.71,-167.86399185491695,,,,,No,Val_Ile,Favoured,General,Favoured
4484,5HEX,A,ILE,615,-108.96256075666423,118.67775855939603,-173.84070321598267,108.33461097399261,72.7,-58.539510596035505,-68.04156559797812,,,,No,Val_Ile,Favoured,General,Favoured
4485,5HEX,A,VAL,633,-66.86859991660543,-26.01705329982584,-174.1051259422808,110.58762826526414,70.42,-175.804728471045,,,,,No,Val_Ile,Favoured,General,Favoured
4486,5HEX,A,VAL,634,-76.99818248823944,-39.37338158349659,-178.05033002083448,110.20310351565794,67.23,-48.485526909642026,,,,,No,Val_Ile,Favoured,General,Favoured
4487,5HEX,A,ILE,641,-79.4880779166014,-30.456886838342847,176.15753623078717,110.93369047336064,82.14,-67.84212604194389,173.12455099573387,,,,No,Val_Ile,Favoured,General,Favoured
4488,5HEX,A,VAL,651,-100.41336763972777,106.00234505013793,-178.69991890860967,107.26777008472317,61.62,171.23418958346713,,,,,No,Val_Ile,Favoured,General,Favoured
4489,5HEX,A,VAL,652,-84.67634989168933,-43.755516206761556,-175.34445603503204,112.14391917219365,62.82,-175.9875457793975,,,,,No,Val_Ile,Favoured,General,Favoured
4490,5HEX,A,VAL,654,-116.4073527213426,130.4331810732923,171.03483838749497,107.94738016357458,58.38,-165.7382367324727,,,,,No,Val_Ile,Favoured,General,Favoured
4491,5HEX,A,VAL,655,-133.91271426064475,154.76100301734135,-171.2578137155904,112.35590241774798,50.65,-54.19752953622805,,,,,No,Val_Ile,Favoured,General,Favoured
4492,5HEX,A,VAL,659,-52.283243559087666,-46.59210687317291,176.2756964585332,110.36623469396505,48.97,-176.2743314242218,,,,,No,Val_Ile,Favoured,General,Favoured
4493,5HEX,A,VAL,674,-138.81714285760418,126.6192284761549,-165.3767718605968,110.88541858784154,51.17,179.0065794604829,,,,,No,Val_Ile,Favoured,General,Favoured
4494,5HEX,A,ILE,677,-127.38613254077873,120.52862948889852,172.59565781194692,108.77328904418133,43.51,-69.14455825168632,178.24942671868925,,,,No,Val_Ile,Favoured,General,Favoured
4495,5HEX,A,VAL,678,-121.82133061892202,115.60656047940246,173.6226506285086,108.01033879138302,38.13,-175.22100102146788,,,,,No,Val_Ile,Favoured,General,Favoured
4496,5HEX,A,VAL,693,-92.78571335024935,110.22220017012485,174.36506607598787,106.6334970453061,70.53,-167.25874564782308,,,,,No,Val_Ile,Favoured,General,Favoured
4497,5HEX,A,VAL,696,-129.89293689327815,126.91838274351858,-177.287561283304,109.0389498935186,88.73,51.7407973231405,,,,,No,Val_Ile,Favoured,General,Favoured
4498,5HEX,A,VAL,705,-112.35326059705304,122.2098905932934,-178.89288147693398,108.96147321361052,58.63,-165.9765802631959,,,,,No,Val_Ile,Favoured,General,Favoured
4499,5HEX,A,VAL,727,-58.30406056114708,-33.9380808951609,179.30436280677495,111.20248920476851,43.81,166.5660101389658,,,,,No,Val_Ile,Favoured,General,Favoured
4500,5HEX,A,VAL,729,-61.698803293061616,-43.09155185853321,172.7305353747764,110.10858587275507,36.66,174.37487911402113,,,,,No,Val_Ile,Favoured,General,Favoured
4501,5HEX,A,ILE,745,-102.14757106597186,-4.008410511474636,-168.15417079204371,114.79471291556973,36.13,69.86689265289672,174.8332902300471,,,,No,Val_Ile,Favoured,General,Favoured
4502,5HEX,A,ILE,753,-53.32248277344503,-51.68253673568481,169.2062992342404,109.95923384008174,33.34,-62.06346338552156,166.48001184109447,,,,No,Val_Ile,Favoured,General,Favoured
4503,5HEX,A,VAL,754,-54.02601058716845,-51.927359719468384,179.33208292437422,110.38737106160023,26.48,164.07036706121488,,,,,No,Val_Ile,Favoured,General,Favoured
4504,5HEX,A,ILE,757,-59.84640954539592,-51.76611134846282,172.5252439066671,109.61678441087417,30.73,-64.84639192642952,166.76755191262572,,,,No,Val_Ile,Favoured,General,Favoured
4505,5HEX,A,ILE,759,-57.58175005829213,-43.8118510883363,175.46247632804005,110.60434739327846,30.66,-73.52376573883255,175.73921774526127,,,,No,Val_Ile,Favoured,General,Favoured
4506,5HEX,A,ILE,772,-97.99291553686567,114.06215803556782,-170.6538549518019,110.1048515996506,35.78,-54.2748282279636,171.22098734269912,,,,No,Val_Ile,Favoured,General,Favoured
4507,5HEX,A,ILE,781,-67.42944365249453,-30.314454503347104,-166.49309787770656,112.00294897399979,30.77,65.55730387575842,-179.151025114362,,,,No,Val_Ile,Favoured,General,Favoured
4508,5HEX,A,ILE,790,-52.94083874143343,-47.83349900932048,176.44925625276483,109.89607538176098,31.88,-78.0048792621292,176.70730037681236,,,,No,Val_Ile,Favoured,General,Favoured
4509,5HEX,A,VAL,800,-66.77278924452935,-45.30294855607349,175.5599698777234,110.30377781669326,30.29,-174.27000427002696,,,,,No,Val_Ile,Favoured,General,Favoured
4510,5HEX,A,ILE,803,-61.04614225871085,-41.98984414190062,178.40651674147455,110.83498360033737,34.56,-60.23590630838235,170.3416545892658,,,,No,Val_Ile,Favoured,General,Favoured
4511,5HEX,A,ILE,817,-52.75511065228391,-52.491985323942025,-179.19061083958448,109.73120585900006,28.33,-61.69713997694998,159.14427269945963,,,,No,Val_Ile,Favoured,General,Favoured
4512,5HEX,A,ILE,818,-60.212153683570506,-49.5572839269017,-176.58256805360074,110.25692095929722,24.46,-68.15901825342904,170.40494868859614,,,,No,Val_Ile,Favoured,General,Favoured
4513,5HEX,A,VAL,819,-60.14696293071207,-47.13187156114532,-178.845972222892,110.43951347816748,24.49,160.29421964519122,,,,,No,Val_Ile,Favoured,General,Favoured
4514,5HEX,A,VAL,822,-55.2919943743815,-40.965801387701546,-178.57717503087548,110.59573534074704,27.45,168.92967398255024,,,,,No,Val_Ile,Favoured,General,Favoured
4515,5HEX,A,VAL,825,-58.09662107272052,-51.55546440955478,176.41252511929002,110.99119839458092,30.68,168.6926524219578,,,,,No,Val_Ile,Favoured,General,Favoured
4516,5HEX,A,VAL,826,-61.82230383471464,-46.931491435463805,-175.3500247790832,110.65912191476642,30.08,170.1449597328603,,,,,No,Val_Ile,Favoured,General,Favoured
4517,5HEX,A,VAL,841,-55.749375517287184,-40.71416046131452,-171.48697333130875,111.42667963236345,52.56,166.28908965805604,,,,,No,Val_Ile,Favoured,General,Favoured
4518,5HEX,A,VAL,842,-77.47124041507895,-24.34598543147528,-177.69588873101648,111.22102336670946,54.62,-63.386412182686605,,,,,No,Val_Ile,Favoured,General,Favoured
4519,5HEX,A,ILE,845,-68.64076084096773,-36.169912399617466,168.40846658594276,109.60914788181672,69.86,-77.44421952821715,175.8471409603395,,,,No,Val_Ile,Favoured,General,Favoured
4520,5HEX,A,VAL,856,-124.77242647284378,160.54649480717845,178.63230860146805,106.93637997903177,67.16,77.33994161670876,,,,,No,Val_Ile,Favoured,General,Favoured
4521,5HEX,A,VAL,858,-116.83072197163482,121.18674163466703,179.73948010983636,107.75235217235732,54.39,178.31442282407102,,,,,No,Val_Ile,Favoured,General,Favoured
4522,5HEX,A,VAL,860,-130.75015281905115,142.76320753699517,179.49115625334758,110.45405203919232,45.64,-161.2535803349717,,,,,No,Val_Ile,Favoured,General,Favoured
4523,5HEX,A,VAL,874,-60.51970361499888,-42.3731537180233,-179.22231274584178,110.30528079817101,40.73,167.59121926820401,,,,,No,Val_Ile,Favoured,General,Favoured
4524,5HEX,A,VAL,879,-72.46660022090335,-39.92736834811386,-179.66511938972474,110.5558077167164,51.06,152.86358868333488,,,,,No,Val_Ile,Favoured,General,Favoured
4525,5HEX,A,VAL,888,-118.3476513696435,119.45062509781094,-165.46695926978205,108.6717046299921,55.49,-172.18470736168763,,,,,No,Val_Ile,Favoured,General,Favoured
4526,5HEX,A,ILE,904,-68.68433699492932,-26.57164416313874,169.25807168832895,109.69460577005489,58.53,-64.47718516872648,166.87857460668414,,,,No,Val_Ile,Favoured,General,Favoured
4527,5HEX,A,VAL,907,-81.78344481081521,-13.238284455778041,176.01487953545413,111.83389223487072,65.87,-176.9337247331328,,,,,No,Val_Ile,Favoured,General,Favoured
4528,5HEX,B,VAL,19,-57.65982435577005,-48.42521911440522,-179.7114778318067,110.30119227685503,49.92,173.23217276940744,,,,,No,Val_Ile,Favoured,General,Favoured
4529,5HEX,B,VAL,22,-73.40448433544745,-46.105431523718146,165.5083538533944,109.95930859025191,45.86,158.79932390459828,,,,,No,Val_Ile,Favoured,General,Favoured
4530,5HEX,B,ILE,39,-67.40803676601783,-35.80469742438594,178.27094515419816,110.70589736140595,28.17,-70.02837233973331,175.67383766359106,,,,No,Val_Ile,Favoured,General,Favoured
4531,5HEX,B,VAL,61,-102.15973648514009,113.62243493732055,177.9376823561841,106.60966076708212,21.91,-172.2885709674569,,,,,No,Val_Ile,Favoured,General,Favoured
4532,5HEX,B,VAL,68,-70.08380748199833,117.04505506545867,167.78261403613757,108.71271732436794,28.57,172.7047163530455,,,,,No,Val_Ile,Favoured,General,Favoured
4533,5HEX,B,VAL,92,-110.27865002873136,154.41843416845737,169.73830243629178,107.09944796744327,28.03,-175.06227012221655,,,,,No,Val_Ile,Favoured,General,Favoured
4534,5HEX,B,VAL,95,-136.4577562477348,119.03697482599264,-170.448306214866,109.27550308662404,28.86,175.9988596068752,,,,,No,Val_Ile,Favoured,General,Favoured
4535,5HEX,B,VAL,97,-116.37780521121344,130.11859337813826,-175.04222002338193,107.83539511522844,36.97,-169.33879141094832,,,,,No,Val_Ile,Favoured,General,Favoured
4536,5HEX,B,VAL,105,-138.55330366373252,118.49904162302963,-165.59041092549978,108.89543661682775,43.76,163.43418764254207,,,,,No,Val_Ile,Favoured,General,Favoured
4537,5HEX,B,ILE,111,-80.57348569290599,139.12891215349688,171.23078037354188,106.53899970705588,25.0,-54.92294650935338,177.5446172193362,,,,No,Val_Ile,Favoured,General,Favoured
4538,5HEX,B,ILE,118,-74.36708231404462,-24.172453332933188,-171.93275151392444,113.96832227353354,48.47,-64.96752367569692,179.43246842077716,,,,No,Val_Ile,Favoured,General,Favoured
4539,5HEX,B,ILE,130,-61.98418868585647,-46.362457040925,178.46333909947143,110.80822639793841,24.65,-65.57584788325339,161.82134542393376,,,,No,Val_Ile,Favoured,General,Favoured
4540,5HEX,B,ILE,143,-105.84805864308345,9.681493997763637,174.77452034315365,112.48862221838198,23.33,54.41093368422592,-167.25672798690127,,,,No,Val_Ile,Favoured,General,Favoured
4541,5HEX,B,VAL,169,-101.17149561112535,-2.2751917618260658,173.64570625181136,112.18542258436736,60.63,-70.64572513410833,,,,,No,Val_Ile,Favoured,General,Favoured
4542,5HEX,B,VAL,180,-76.42286457475305,-30.535390126643655,-173.46625720161424,111.99926364345893,64.93,-58.78039647245236,,,,,No,Val_Ile,Favoured,General,Favoured
4543,5HEX,B,VAL,185,-54.8918557921661,-40.4592182045056,-179.6582992915929,111.20613635347729,28.55,165.11473318955137,,,,,No,Val_Ile,Favoured,General,Favoured
4544,5HEX,B,VAL,186,-69.55089698491088,-43.13973544068544,-176.93200444725005,110.11823628959287,28.23,-172.69699196563988,,,,,No,Val_Ile,Favoured,General,Favoured
4545,5HEX,B,ILE,189,-75.41679823438159,-31.681651660268862,-176.60508828495676,110.38234149534722,23.85,-175.94780550178797,64.72373087583631,,,,No,Val_Ile,Favoured,General,Favoured
4546,5HEX,B,ILE,193,-70.77919779388347,-34.93068092948051,175.63193299353384,110.30438764447102,23.51,-62.154669539224464,161.9864916757184,,,,No,Val_Ile,Favoured,General,Favoured
4547,5HEX,B,ILE,201,-124.96583038781151,161.90314679975998,174.25942806446355,108.87827031521205,24.79,58.64443012663876,167.85071747903257,,,,No,Val_Ile,Favoured,General,Favoured
4548,5HEX,B,ILE,203,-54.134833526224796,150.95162801085908,-179.82815818215732,111.92638400833411,33.23,72.26492388143343,-176.20489756381602,,,,No,Val_Ile,Favoured,General,Favoured
4549,5HEX,B,VAL,204,-122.87664575175934,144.21964766538238,-177.08102581034012,108.37036059014217,22.29,168.60323440399802,,,,,No,Val_Ile,Favoured,General,Favoured
4550,5HEX,B,VAL,206,-124.00219423560259,119.07861082033864,-177.35600051694325,106.54492691533456,22.13,179.26329129406108,,,,,No,Val_Ile,Favoured,General,Favoured
4551,5HEX,B,VAL,207,-136.93322714895965,145.21918835869832,-171.51602502640912,110.6516750540283,23.16,-65.16717934389116,,,,,No,Val_Ile,Favoured,General,Favoured
4552,5HEX,B,VAL,211,-59.49080985482859,-38.29157263778991,177.13975638815086,110.51338264178214,20.64,176.42015154016602,,,,,No,Val_Ile,Favoured,General,Favoured
4553,5HEX,B,ILE,226,-139.3924472015505,122.34839233761878,-169.80659248601876,109.28975154659442,24.62,-73.13492275977904,-179.11235338913875,,,,No,Val_Ile,Favoured,General,Favoured
4554,5HEX,B,ILE,229,-128.1135483754622,117.71163855689069,167.99374261998304,108.12184465187953,25.46,-68.16971191499913,179.79231661006423,,,,No,Val_Ile,Favoured,General,Favoured
4555,5HEX,B,VAL,230,-112.66822283739194,92.3088459322415,159.68955051377887,107.27064726730421,24.92,-158.950957056701,,,,,No,Val_Ile,Favoured,General,Favoured
4556,5HEX,B,ILE,245,-110.18554101969677,99.05516527568386,-176.61041902629927,107.53306197447925,26.6,-52.26388392805959,175.086653464987,,,,No,Val_Ile,Favoured,General,Favoured
4557,5HEX,B,VAL,248,-128.13213910626757,125.35803477631804,179.5554633202485,107.19630515407762,21.32,169.5944535204615,,,,,No,Val_Ile,Favoured,General,Favoured
4558,5HEX,B,ILE,257,-118.55660088129295,126.84817237496317,-179.62572258070298,107.2395802211192,20.92,-74.55021705603968,-71.68785893393745,,,,No,Val_Ile,Favoured,General,Favoured
4559,5HEX,B,ILE,273,-85.23316755821847,-32.30853502415129,174.1369487615958,111.53935469149741,33.53,-50.89435500043389,-54.59904553554719,,,,No,Val_Ile,Favoured,General,Favoured
4560,5HEX,B,ILE,281,-61.28203554283741,-51.18693747738582,171.52130339351606,110.46796484825394,32.43,-73.84704889210018,-65.30275593885807,,,,No,Val_Ile,Favoured,General,Favoured
4561,5HEX,B,ILE,297,-116.22501425870304,-48.42346884709619,-165.220895353234,112.1609826548032,22.84,61.74737869207435,169.65584674133245,,,,No,Val_Ile,Favoured,General,Favoured
4562,5HEX,B,VAL,306,-64.93730797290199,-45.55554078763516,179.3243092566509,110.7325903182938,32.01,174.6265067978755,,,,,No,Val_Ile,Favoured,General,Favoured
4563,5HEX,B,ILE,309,-64.9464955094654,-38.81597878019975,179.79247629202274,110.38808956812133,32.85,-63.21579310742459,177.43635400040895,,,,No,Val_Ile,Favoured,General,Favoured
4564,5HEX,B,VAL,311,-57.86539104528703,-50.141767348102064,178.95370154569522,110.08746494987462,36.03,176.97304304409914,,,,,No,Val_Ile,Favoured,General,Favoured
4565,5HEX,B,ILE,339,-58.11066677165788,-44.657883512716765,171.26190290609009,109.684736964979,36.83,-57.464315081341745,166.1043253078753,,,,No,Val_Ile,Favoured,General,Favoured
4566,5HEX,B,ILE,342,-60.586866834048976,-36.34777881691726,-173.44000530175327,110.60064442965493,41.41,-66.67264574475767,177.36358301986337,,,,No,Val_Ile,Favoured,General,Favoured
4567,5HEX,B,ILE,349,-67.13254474402652,-34.369298666304516,-160.52480045037632,112.26987839198267,59.07,-65.8386239600967,174.01948626053596,,,,No,Val_Ile,Favoured,General,Favoured
4568,5HEX,B,VAL,355,-66.0162755263082,-42.95488155610033,-177.82268036441178,110.67802876905034,47.81,177.17714390736214,,,,,No,Val_Ile,Favoured,General,Favoured
4569,5HEX,B,VAL,369,-62.65314282114892,-44.89729034780717,-177.6054036392855,110.1711697026224,42.59,169.23711816591597,,,,,No,Val_Ile,Favoured,General,Favoured
4570,5HEX,B,ILE,374,-67.54678283807269,-43.939413785062534,174.8667548382711,110.36074289731093,36.94,-64.05829524717473,164.67832526346638,,,,No,Val_Ile,Favoured,General,Favoured
4571,5HEX,B,ILE,377,-57.32175034233165,-41.887856240826764,175.33535448165696,110.44120889841558,31.46,-65.5229165303931,-41.221457919715206,,,,No,Val_Ile,Favoured,General,Favoured
4572,5HEX,B,VAL,378,-74.66976655963629,-48.73178100742299,-170.26886692959573,111.32659162718221,29.06,167.48273834423222,,,,,No,Val_Ile,Favoured,General,Favoured
4573,5HEX,B,VAL,393,-72.06688657440796,-51.04206719828268,-176.92970816641974,110.55131844569155,23.75,-178.6578166561029,,,,,No,Val_Ile,Favoured,General,Favoured
4574,5HEX,B,ILE,397,-53.41917048538603,-40.23236822204727,176.1782975771469,111.88865392048713,26.17,-70.01626855213605,-175.1406231772813,,,,No,Val_Ile,Favoured,General,Favoured
4575,5HEX,B,ILE,410,-109.38512241929627,114.03424746306437,176.9763352343511,108.34795703561312,26.38,-62.64811622604665,175.6000901687958,,,,No,Val_Ile,Favoured,General,Favoured
4576,5HEX,B,VAL,412,-125.47644351527472,139.89899755398488,-169.58791017323932,110.02237625915883,30.13,-165.9934182665102,,,,,No,Val_Ile,Favoured,General,Favoured
4577,5HEX,B,VAL,416,-63.03347413125221,-44.56568787840167,177.32932126099448,110.27137418150868,26.32,163.72370430215972,,,,,No,Val_Ile,Favoured,General,Favoured
4578,5HEX,B,VAL,431,-53.19220518269666,-42.2486220449943,178.56053458792644,109.87665555105492,35.02,58.36330337505687,,,,,No,Val_Ile,Favoured,General,Favoured
4579,5HEX,B,VAL,440,-105.38441470636842,120.39345530609484,-166.99318253772174,108.37435203250793,33.03,-178.4289993516284,,,,,No,Val_Ile,Favoured,General,Favoured
4580,5HEX,B,VAL,456,-51.08731795119415,-46.1145963334838,174.49863713504874,110.38095543992925,26.08,174.14523958338896,,,,,No,Val_Ile,Favoured,General,Favoured
4581,5HEX,B,VAL,459,-68.1657046856983,-44.49145043120915,179.06155258993027,110.20119388878273,21.83,161.54046683517998,,,,,No,Val_Ile,Favoured,General,Favoured
4582,5HEX,B,VAL,487,-68.36827300504956,-41.35150521481984,172.26965606529174,109.7757034766775,33.13,171.6819039897644,,,,,No,Val_Ile,Favoured,General,Favoured
4583,5HEX,B,VAL,493,-64.62013260750462,-34.720578223799954,178.99213037742166,110.16507208163053,34.88,-34.397158244649475,,,,,No,Val_Ile,Favoured,General,Favoured
4584,5HEX,B,VAL,509,-90.4658531269846,107.92977068200692,-178.3904498263861,107.02182014057425,35.33,-179.09856367380425,,,,,No,Val_Ile,Favoured,General,Favoured
4585,5HEX,B,VAL,516,-92.32799580612264,109.34744806258647,171.28109925295476,105.77934341863629,36.09,171.6581239152914,,,,,No,Val_Ile,Favoured,General,Favoured
4586,5HEX,B,VAL,540,-105.02135839690898,134.4034130925169,164.411128380348,106.69993294512359,53.28,-44.576316727806066,,,,,No,Val_Ile,Favoured,General,Favoured
4587,5HEX,B,VAL,543,-116.22921437367403,117.71056607699431,177.49651526368532,108.4253193877794,56.11,164.56573185666025,,,,,No,Val_Ile,Favoured,General,Favoured
4588,5HEX,B,VAL,545,-109.4977621736813,124.53903956946344,179.6298003121719,108.61518082061474,68.71,166.82618687333786,,,,,No,Val_Ile,Favoured,General,Favoured
4589,5HEX,B,VAL,553,-126.51344195566247,147.34864540188906,-179.53447444851287,109.22075202384457,69.34,-57.28522264542294,,,,,No,Val_Ile,Favoured,General,Favoured
4590,5HEX,B,ILE,559,-88.01801254610922,131.041531042692,-177.02379499220476,108.83018012804942,70.77,-66.27240571574268,172.3580271104911,,,,No,Val_Ile,Favoured,General,Favoured
4591,5HEX,B,VAL,566,-84.51166259834552,-35.14224543918029,166.36890874714095,111.15480932776178,72.81,49.580876372764834,,,,,No,Val_Ile,Favoured,General,Favoured
4592,5HEX,B,ILE,578,-54.473160679276376,-52.174894676981204,175.50340940631526,109.82306962848044,64.84,-60.545967234560955,169.3726668418958,,,,No,Val_Ile,Favoured,General,Favoured
4593,5HEX,B,VAL,579,-60.87737635198645,-33.459189446628535,176.19141817239998,110.76188667906816,66.63,178.280372560057,,,,,No,Val_Ile,Favoured,General,Favoured
4594,5HEX,B,ILE,582,-54.80512638842844,-41.20915041859893,179.34795284963823,110.04320057316875,69.24,-58.88965471848124,163.4188343110355,,,,No,Val_Ile,Favoured,General,Favoured
4595,5HEX,B,VAL,594,-71.4014880599176,133.53662025623544,178.38500131926713,109.08614055745198,63.44,179.4728335049589,,,,,No,Val_Ile,Favoured,General,Favoured
4596,5HEX,B,ILE,615,-88.49715386404685,120.99980504460855,-176.79740418492287,108.74161238841846,50.24,-66.59007550822727,88.2976948312696,,,,No,Val_Ile,Favoured,General,Favoured
4597,5HEX,B,VAL,633,-71.50272479436342,-38.6846592515847,179.61929643871707,110.44594332607126,49.83,-172.49852016039333,,,,,No,Val_Ile,Favoured,General,Favoured
4598,5HEX,B,VAL,634,-67.57507128371947,-40.141488752593986,-177.9232973912756,110.39642499363566,46.56,177.18591560462153,,,,,No,Val_Ile,Favoured,General,Favoured
4599,5HEX,B,ILE,641,-81.02677145018195,-36.03624750183263,-178.56007779916575,111.16703808075209,61.1,-72.19264537346122,-179.44009237327072,,,,No,Val_Ile,Favoured,General,Favoured
4600,5HEX,B,VAL,651,-88.25728287204,116.80468436117624,-176.8383484413608,108.90958829954612,47.72,-179.17062215300294,,,,,No,Val_Ile,Favoured,General,Favoured
4601,5HEX,B,VAL,652,-107.01431818536248,-57.078790453461124,-167.08262627558952,111.84012751220243,41.28,-170.25951414857886,,,,,No,Val_Ile,Favoured,General,Favoured
4602,5HEX,B,VAL,654,-123.98043911923294,126.48810867049745,165.6337332893321,107.16765600786893,41.98,70.39471760244682,,,,,No,Val_Ile,Favoured,General,Favoured
4603,5HEX,B,VAL,655,-132.33759422729182,163.80429475706924,-165.07396014632423,109.90708182618894,36.81,-58.68086204492102,,,,,No,Val_Ile,Favoured,General,Favoured
4604,5HEX,B,VAL,659,-68.34075820797531,-36.93662543760858,176.32630025116507,110.75245025343366,33.33,-174.11542380196266,,,,,No,Val_Ile,Favoured,General,Favoured
4605,5HEX,B,VAL,674,-131.41602547984084,154.69584019962593,-174.86993869448588,109.4094072896161,39.97,179.95192073365718,,,,,No,Val_Ile,Favoured,General,Favoured
4606,5HEX,B,ILE,677,-125.8309716952118,127.63833628287345,171.39232743366372,107.7955019972482,32.02,-64.13591850923078,-177.87715256314956,,,,No,Val_Ile,Favoured,General,Favoured
4607,5HEX,B,VAL,678,-133.40379353515567,122.4164084412105,168.56206403503393,107.27977267038429,27.32,-177.30605052913083,,,,,No,Val_Ile,Favoured,General,Favoured
4608,5HEX,B,VAL,693,-86.24414430802354,103.15301036386451,172.38794094460624,104.55188405068495,29.81,-171.84632848933754,,,,,No,Val_Ile,Favoured,General,Favoured
4609,5HEX,B,VAL,696,-132.99254108890207,127.89395948549874,178.91270462973372,108.38540186161512,37.92,170.10487565486554,,,,,No,Val_Ile,Favoured,General,Favoured
4610,5HEX,B,VAL,705,-120.00226215252997,123.74148496317656,-176.20513795331215,108.92949948387353,36.91,152.12861727583524,,,,,No,Val_Ile,Favoured,General,Favoured
4611,5HEX,B,VAL,727,-58.01944222574123,-48.13873038816854,178.79235463780628,110.2823736209981,24.75,168.27142481736348,,,,,No,Val_Ile,Favoured,General,Favoured
4612,5HEX,B,VAL,729,-57.31901963806186,-35.619328197111294,-177.74431246133452,109.31909187655494,22.38,168.18856805196526,,,,,No,Val_Ile,Favoured,General,Favoured
4613,5HEX,B,ILE,745,-108.12252177660874,0.962227439704794,-170.14730511915232,114.4244395796803,23.92,70.96637012026675,168.866211426231,,,,No,Val_Ile,Favoured,General,Favoured
4614,5HEX,B,ILE,753,-55.15760757661466,-51.83724771103657,168.89178632963765,109.70119565932139,26.25,-59.1391633501364,174.14212712945118,,,,No,Val_Ile,Favoured,General,Favoured
4615,5HEX,B,VAL,754,-52.6690767048714,-46.835767674994436,178.6256111378482,110.37139389546805,19.06,174.16650451451238,,,,,No,Val_Ile,Favoured,General,Favoured
4616,5HEX,B,ILE,757,-69.14883803126004,-42.76266498943217,177.66285789651815,110.40851675337439,22.45,-71.91737855928561,170.8873103761835,,,,No,Val_Ile,Favoured,General,Favoured
4617,5HEX,B,ILE,759,-60.57604051699929,-44.32186179753198,176.17378650430962,109.71694335093814,27.93,-70.38178662683633,176.9442726915299,,,,No,Val_Ile,Favoured,General,Favoured
4618,5HEX,B,ILE,772,-90.56946804267969,109.45629285846171,-178.82456246893267,108.00249849642523,41.42,-67.97685409826862,-173.60603903238456,,,,No,Val_Ile,Favoured,General,Favoured
4619,5HEX,B,ILE,781,-66.49684502517258,-30.595047622057827,-170.3094637802868,111.57458840468911,21.75,66.78308906474992,170.99692859258226,,,,No,Val_Ile,Favoured,General,Favoured
4620,5HEX,B,ILE,790,-54.7596948060241,-53.0246997177909,179.0438868182276,110.70808740859498,27.17,-74.82927213103507,167.72952334751272,,,,No,Val_Ile,Favoured,General,Favoured
4621,5HEX,B,VAL,800,-50.017168193669455,-55.92246445413134,170.63652014508682,109.83732256883987,18.18,173.8264636893576,,,,,No,Val_Ile,Favoured,General,Favoured
4622,5HEX,B,ILE,803,-64.63941276625256,-39.25675005409538,-177.86165337986256,110.73853290542196,22.44,-75.09599479005804,163.36748735281256,,,,No,Val_Ile,Favoured,General,Favoured
4623,5HEX,B,ILE,817,-67.09360543114869,-45.62844082673082,178.84017586315747,110.10439507027203,23.96,-62.20517335476868,163.25236035342925,,,,No,Val_Ile,Favoured,General,Favoured
4624,5HEX,B,ILE,818,-63.48548907762287,-44.742523720497324,-179.82494843171634,110.42301992729932,21.46,-64.31969935412509,162.37617519987324,,,,No,Val_Ile,Favoured,General,Favoured
4625,5HEX,B,VAL,819,-59.10757690902696,-44.28422130775472,-178.7022345407803,110.59330410222583,20.31,160.2135444482576,,,,,No,Val_Ile,Favoured,General,Favoured
4626,5HEX,B,VAL,822,-59.51341693406527,-50.52436255130896,175.1012717427482,110.41134647393253,24.77,172.99752993133248,,,,,No,Val_Ile,Favoured,General,Favoured
4627,5HEX,B,VAL,825,-71.64433966854506,-45.71870487912008,179.44366475703305,110.49428539477049,23.07,166.6313447109873,,,,,No,Val_Ile,Favoured,General,Favoured
4628,5HEX,B,VAL,826,-64.65097045164445,-43.61111083286226,-177.74938483346534,110.41570209913996,25.37,159.58833612909024,,,,,No,Val_Ile,Favoured,General,Favoured
4629,5HEX,B,VAL,841,-71.17274219272696,-48.20610027554169,-179.51748682579,110.06183377805674,37.11,153.2313241731643,,,,,No,Val_Ile,Favoured,General,Favoured
4630,5HEX,B,VAL,842,-68.58597196494837,-31.71570176376825,-178.53992524605985,110.46902872271444,40.47,-73.74060797431784,,,,,No,Val_Ile,Favoured,General,Favoured
4631,5HEX,B,ILE,845,-51.52963865940074,-44.539872433679434,173.98497426982271,110.77897967362281,44.23,-44.739293180324566,177.14041849784888,,,,No,Val_Ile,Favoured,General,Favoured
4632,5HEX,B,VAL,856,-142.66567995101502,135.2749696826201,-172.59017898627155,110.30909429981297,49.69,59.71769721688857,,,,,No,Val_Ile,Favoured,General,Favoured
4633,5HEX,B,VAL,858,-121.08691681433598,120.00688725125629,176.67235808489835,107.9767703082675,37.72,171.10279318839468,,,,,No,Val_Ile,Favoured,General,Favoured
4634,5HEX,B,VAL,860,-125.70696667940781,138.98059369852848,-169.6905081593994,110.39764827168975,30.55,-158.54546329340226,,,,,No,Val_Ile,Favoured,General,Favoured
4635,5HEX,B,VAL,874,-67.44600854366423,-31.746606217157076,-177.9032936582503,110.59062771039105,32.32,174.02114891267132,,,,,No,Val_Ile,Favoured,General,Favoured
4636,5HEX,B,VAL,879,-66.66307103266413,-42.903395303649596,177.23973359942707,110.58426813211744,36.57,173.52291737605177,,,,,No,Val_Ile,Favoured,General,Favoured
4637,5HEX,B,VAL,888,-112.7763818919104,127.49227930049172,-162.19585088960432,109.54797020721101,35.56,-166.9481517914181,,,,,No,Val_Ile,Favoured,General,Favoured
4638,5HEX,B,ILE,904,-65.73077427054064,-40.70201072652056,171.01353785700672,110.19674389746531,46.09,-61.07042285750245,179.62816949241744,,,,No,Val_Ile,Favoured,General,Favoured
4639,5HEX,B,VAL,907,-68.67268692223293,-30.45721100408355,176.45070927398334,110.25911673568368,56.94,169.58449222138628,,,,,No,Val_Ile,Favoured,General,Favoured
4640,5HEX,B,ILE,911,-63.51651950900322,-27.746377150057405,175.78201172441703,110.54635913094451,68.75,-79.08948238849977,168.4154496849164,,,,No,Val_Ile,Favoured,General,Favoured
4641,HXK3,A,ILE,4,-112.06201760488003,134.02031274802127,-179.5811900576934,105.91031311942045,139.53,-158.74335273043133,-59.11481569921131,,,,No,Val_Ile,Favoured,General,Favoured
4642,HXK3,A,VAL,33,-63.850304602890425,-44.06237860839069,-179.11960907583986,109.08809435509791,31.33,176.7237706311108,,,,,No,Val_Ile,Favoured,General,Favoured
4643,HXK3,A,VAL,42,-104.89709916749048,127.30569386548909,-174.51485591288858,110.06317194559948,41.04,176.5212763440324,,,,,No,Val_Ile,Favoured,General,Favoured
4644,HXK3,A,ILE,50,-64.39387352047872,-36.797322436654376,-179.57926466723634,109.27135731598577,119.77,60.608661226687985,173.08179719146685,,,,No,Val_Ile,Favoured,General,Favoured
4645,HXK3,A,VAL,72,-95.47858585551255,116.0405884376044,177.12384405173404,104.05774056534909,60.46,176.21953134590507,,,,,No,Val_Ile,Favoured,General,Favoured
4646,HXK3,A,VAL,79,-89.82022441779878,110.22177419156205,174.34961106307998,105.62344046219923,55.41,178.02996194662038,,,,,No,Val_Ile,Favoured,General,Favoured
4647,HXK3,A,VAL,92,-115.26710912149886,153.19157616231195,179.2209550359938,108.32241179713283,42.0,177.41375760987896,,,,,No,Val_Ile,Favoured,General,Favoured
4648,HXK3,A,VAL,93,-150.19143801243655,159.25162575393864,178.35484975771334,108.79776656386473,102.85,-58.685566530609954,,,,,No,Val_Ile,Favoured,General,Favoured
4649,HXK3,A,VAL,105,-121.00043699904862,126.37287040779691,176.26933536067386,104.29364341259843,57.69,175.06389531083425,,,,,No,Val_Ile,Favoured,General,Favoured
4650,HXK3,A,VAL,108,-125.13501947837199,123.5478028358064,-176.5106843196186,108.36036530901211,50.85,179.46579955586554,,,,,No,Val_Ile,Favoured,General,Favoured
4651,HXK3,A,ILE,113,-118.77191255578605,23.1963346612429,176.6004995670145,107.98639767407677,197.89,62.686605146201245,167.42822011619788,,,,No,Val_Ile,Favoured,General,Favoured
4652,HXK3,A,VAL,118,-88.9741773572632,149.84414472992876,-177.43384887495614,110.26447777665567,44.7,176.71476089744937,,,,,No,Val_Ile,Favoured,General,Favoured
4653,HXK3,A,VAL,126,-120.65565664916757,150.32175072329747,-177.70312758358358,109.46471289591305,104.24,-63.17066641200366,,,,,No,Val_Ile,Favoured,General,Favoured
4654,HXK3,A,VAL,131,-64.3061454187255,-33.17363709524246,-178.7087377233923,107.42181932712323,140.88,-63.13981677048077,,,,,No,Val_Ile,Favoured,General,Favoured
4655,HXK3,A,VAL,156,-96.02923837312042,-14.264684719803506,169.5543872937609,112.08636845459309,111.13,179.49549030940273,,,,,No,Val_Ile,Favoured,General,Favoured
4656,HXK3,A,ILE,182,-64.83980205666192,123.28860321083985,-177.00753817762447,106.6321346960581,176.01,62.82237448986954,-62.77360334526972,,,,No,Val_Ile,Favoured,General,Favoured
4657,HXK3,A,VAL,193,-124.2778400843485,146.79094713829113,-179.6118570245386,107.76882119687559,43.41,176.41552739484675,,,,,No,Val_Ile,Favoured,General,Favoured
4658,HXK3,A,VAL,198,-69.5215674083544,-33.18138106844981,-179.17004762111287,110.66811446918976,58.48,170.63292561488984,,,,,No,Val_Ile,Favoured,General,Favoured
4659,HXK3,A,VAL,199,-65.87247464880107,-45.98845167939515,-178.5097209913071,109.73972017775986,42.34,175.7448367068215,,,,,No,Val_Ile,Favoured,General,Favoured
4660,HXK3,A,ILE,206,-68.82181419655907,-37.641993544749226,179.81818573373153,109.89758126640156,127.82,63.428003936671146,169.9626720862422,,,,No,Val_Ile,Favoured,General,Favoured
4661,HXK3,A,ILE,214,-127.12909691651461,149.47822790870993,-176.9045144761943,107.87075347909877,67.74,-156.44136892692177,160.92844049292628,,,,No,Val_Ile,Favoured,General,Favoured
4662,HXK3,A,VAL,216,-56.82293417870959,149.62491062950892,-176.19337272388682,110.00043610524102,42.32,176.14128463269643,,,,,No,Val_Ile,Favoured,General,Favoured
4663,HXK3,A,VAL,217,-122.97165807751506,147.83165162741201,-177.9294882696042,109.71875945340896,44.01,173.7607450879651,,,,,No,Val_Ile,Favoured,General,Favoured
4664,HXK3,A,VAL,219,-121.70835667544345,124.04474436909828,176.76593885924518,106.00187358555668,51.88,178.86439626945523,,,,,No,Val_Ile,Favoured,General,Favoured
4665,HXK3,A,VAL,220,-138.0350086404595,155.2641043802058,-174.2854555925129,109.91931208849547,49.49,-60.23368618084746,,,,,No,Val_Ile,Favoured,General,Favoured
4666,HXK3,A,VAL,224,-63.17310845907527,-42.01864123969563,-178.3886832495255,110.09933947491115,40.36,178.47666056599016,,,,,No,Val_Ile,Favoured,General,Favoured
4667,HXK3,A,VAL,234,-125.14155157767338,119.47293859571745,-177.31489807104822,109.39710959344683,52.63,175.66446494662037,,,,,No,Val_Ile,Favoured,General,Favoured
4668,HXK3,A,VAL,239,-132.53099014596197,136.61627597662462,-175.02781876633784,111.7479801205299,119.26,-62.39269230483392,,,,,No,Val_Ile,Favoured,General,Favoured
4669,HXK3,A,VAL,242,-133.06487901725816,122.05097662521516,175.60447071682452,108.34017162015365,109.52,59.55980146338605,,,,,No,Val_Ile,Favoured,General,Favoured
4670,HXK3,A,VAL,243,-119.03847286184651,93.14626113786731,173.5576189419265,104.50982163535281,63.96,179.54211664253395,,,,,No,Val_Ile,Favoured,General,Favoured
4671,HXK3,A,VAL,258,-95.76048823780461,106.85975029839507,-174.70612676036922,111.47202683576842,112.33,57.641301297057616,,,,,No,Val_Ile,Favoured,General,Favoured
4672,HXK3,A,VAL,260,-62.08563315541113,-28.423326714582316,-172.04410904969427,111.50640149517993,58.95,176.72030070115713,,,,,No,Val_Ile,Favoured,General,Favoured
4673,HXK3,A,VAL,268,-148.25347035209143,143.09339106796168,175.45511515648758,106.42777123239779,94.92,64.11804991366012,,,,,No,Val_Ile,Favoured,General,Favoured
4674,HXK3,A,VAL,270,-119.28568933566814,132.67415344855667,179.58314874883808,108.83099392464197,99.23,62.35378109532974,,,,,No,Val_Ile,Favoured,General,Favoured
4675,HXK3,A,VAL,272,-68.59528633477693,-39.55658394543634,-173.873974110309,112.5063905715865,54.1,176.12549956146083,,,,,No,Val_Ile,Favoured,General,Favoured
4676,HXK3,A,VAL,286,-76.13579647717735,-36.999493992727835,179.44123238652836,111.76805033770813,106.37,72.81347735954374,,,,,No,Val_Ile,Favoured,General,Favoured
4677,HXK3,A,ILE,310,-79.19686014814796,-36.055307738004934,-172.8531261503898,119.31994644833763,201.8,179.51161745682882,179.64097836480778,,,,No,Val_Ile,Favoured,General,Favoured
4678,HXK3,A,VAL,319,-66.4867468331374,-39.30476351199481,179.81901360776885,109.79845666493826,40.74,175.94659941634146,,,,,No,Val_Ile,Favoured,General,Favoured
4679,HXK3,A,VAL,322,-67.12158482276912,-40.5988583612028,178.9796066480381,109.59619576329338,93.75,76.22810869724005,,,,,No,Val_Ile,Favoured,General,Favoured
4680,HXK3,A,VAL,331,-69.64223512314295,-33.46340641874256,178.45625010880366,111.34955537658304,60.86,175.54639654349333,,,,,No,Val_Ile,Favoured,General,Favoured
4681,HXK3,A,ILE,347,-102.35685038669386,122.9292929545937,177.56523268187348,105.1989984933455,100.66,-173.79749690859748,167.50914443633638,,,,No,Val_Ile,Favoured,General,Favoured
4682,HXK3,A,VAL,352,-66.41246905404248,-44.40266305262553,179.70606036309164,109.03445008160713,109.66,-56.00211275776038,,,,,No,Val_Ile,Favoured,General,Favoured
4683,HXK3,A,VAL,365,-71.97233760301471,-34.694543350375234,178.59576883914036,109.68437746582507,116.31,-56.63386611686295,,,,,No,Val_Ile,Favoured,General,Favoured
4684,HXK3,A,ILE,368,-64.26113228856445,-43.175444552210344,-176.9049040677939,109.77324592989838,92.92,-175.19953611480452,176.9396962991494,,,,No,Val_Ile,Favoured,General,Favoured
4685,HXK3,A,VAL,381,-63.34858365290968,-45.94236725347121,178.1923355995056,109.59745424263278,58.8,162.94914908096916,,,,,No,Val_Ile,Favoured,General,Favoured
4686,HXK3,A,VAL,384,-62.68335628687308,-44.736981594734324,-177.70038678755319,109.60119674757709,35.57,175.73909058115885,,,,,No,Val_Ile,Favoured,General,Favoured
4687,HXK3,A,VAL,387,-61.071777769988444,-33.516097056295884,-178.4825021503566,108.00002012721379,93.39,71.33312440026934,,,,,No,Val_Ile,Favoured,General,Favoured
4688,HXK3,A,VAL,391,-64.81898387155292,-44.4679323702665,-177.40845512392406,110.36191288818057,104.03,66.95512142094422,,,,,No,Val_Ile,Favoured,General,Favoured
4689,HXK3,A,VAL,406,-65.72847676827001,-41.6211418836217,-179.05427955004438,109.92396439467878,110.1,-68.07790694350918,,,,,No,Val_Ile,Favoured,General,Favoured
4690,HXK3,A,VAL,421,-144.4521122295486,149.62647791123146,-178.136045373625,108.77252736562305,90.8,63.151640488508455,,,,,No,Val_Ile,Favoured,General,Favoured
4691,HXK3,A,VAL,423,-107.45993211911617,121.98253736969079,-179.66984932970155,109.16139564784629,41.03,175.7851292047585,,,,,No,Val_Ile,Favoured,General,Favoured
4692,HXK3,A,VAL,429,-63.71952177653444,-52.55612942835841,-176.87384597269286,110.21231017597583,41.08,175.3881324028927,,,,,No,Val_Ile,Favoured,General,Favoured
4693,HXK3,A,VAL,439,-63.05288246282522,-42.8974913283837,-177.27554996840294,109.52306613828716,26.88,175.39682159205523,,,,,No,Val_Ile,Favoured,General,Favoured
4694,HXK3,A,VAL,444,-61.15343305677317,-43.6843728074046,-177.75366844849236,109.48156856806499,36.66,173.9978117607347,,,,,No,Val_Ile,Favoured,General,Favoured
4695,HXK3,A,VAL,453,-121.49539525989685,124.28274049233598,-173.80534109314183,110.8485244442658,105.22,58.66421596142144,,,,,No,Val_Ile,Favoured,General,Favoured
4696,HXK3,A,VAL,459,-79.92376085317638,-54.871317667722366,177.6226732095514,114.81041358142673,127.94,60.08366934873881,,,,,No,Val_Ile,Favoured,General,Favoured
4697,HXK3,A,VAL,466,-61.603299615300074,-39.001368818389665,-177.8403135459586,107.92368970203513,89.78,68.17053676832826,,,,,No,Val_Ile,Favoured,General,Favoured
4698,HXK3,A,VAL,469,-59.56135839340139,-47.00213177313749,179.6812113241863,108.68789556204646,39.51,177.75424666286588,,,,,No,Val_Ile,Favoured,General,Favoured
4699,HXK3,A,VAL,472,-64.64210911053657,-37.58511699495982,179.12462000052892,108.16991328477754,47.71,172.26062606667762,,,,,No,Val_Ile,Favoured,General,Favoured
4700,HXK3,A,VAL,500,-63.666730308365445,-40.13952843977711,179.47704959616345,108.48612822102645,32.17,175.46540603013435,,,,,No,Val_Ile,Favoured,General,Favoured
4701,HXK3,A,VAL,526,-103.59415699883306,98.0090612314944,171.1329292960381,104.20097183687254,65.01,173.58389551259936,,,,,No,Val_Ile,Favoured,General,Favoured
4702,HXK3,A,VAL,550,-114.10970397000128,125.58732137405325,174.44182513435322,104.84542977764688,56.61,176.456830970424,,,,,No,Val_Ile,Favoured,General,Favoured
4703,HXK3,A,VAL,553,-109.72393351539198,130.41433290325799,-178.26583120435447,108.97596775679808,45.37,174.07913663102107,,,,,No,Val_Ile,Favoured,General,Favoured
4704,HXK3,A,VAL,555,-114.24767526252494,129.60762919016116,-178.07544209728485,109.60623655537471,51.89,176.14852496175521,,,,,No,Val_Ile,Favoured,General,Favoured
4705,HXK3,A,VAL,559,-133.7709999303209,147.50369633947412,178.24387757182072,109.66094868414528,119.86,-70.26100648814419,,,,,No,Val_Ile,Favoured,General,Favoured
4706,HXK3,A,ILE,561,-129.89238191056478,140.36220183971446,-175.35717477860874,111.01718204057998,147.35,-166.6694712952055,-71.1638438596422,,,,No,Val_Ile,Favoured,General,Favoured
4707,HXK3,A,ILE,565,-107.54057106967538,136.17794211466153,-179.31427188322962,109.658548617954,114.54,56.78045286905729,168.2818153023646,,,,No,Val_Ile,Favoured,General,Favoured
4708,HXK3,A,VAL,572,-59.27464602625463,-42.460206240139286,-174.02214981975817,109.96546576745313,39.76,178.56260625153206,,,,,No,Val_Ile,Favoured,General,Favoured
4709,HXK3,A,ILE,584,-61.6401812341549,-45.712407124604866,-178.13436760347116,108.47223492977456,119.91,-52.22557042345407,-68.0075832786191,,,,No,Val_Ile,Favoured,General,Favoured
4710,HXK3,A,VAL,585,-61.8782312590506,-41.53317656793418,-171.54541475150643,112.5433685549459,49.93,174.2674716033076,,,,,No,Val_Ile,Favoured,General,Favoured
4711,HXK3,A,ILE,588,-67.93320786284761,-44.6068893107372,175.02949619880326,108.81101394150949,44.74,-62.73416519532717,168.93564536103048,,,,No,Val_Ile,Favoured,General,Favoured
4712,HXK3,A,VAL,589,-63.7187249221143,-39.67946212789716,-176.72711751313722,109.73357639823858,95.28,74.78767626772864,,,,,No,Val_Ile,Favoured,General,Favoured
4713,HXK3,A,ILE,621,-114.8115281270422,125.53425724564265,-176.4165619564634,109.47579509833534,92.63,-62.79251193895048,-64.37981296495572,,,,No,Val_Ile,Favoured,General,Favoured
4714,HXK3,A,VAL,639,-67.50217208216493,-32.273003199394836,-175.3215460246113,110.205908768741,128.9,80.05338501666796,,,,,No,Val_Ile,Favoured,General,Favoured
4715,HXK3,A,VAL,640,-68.86066519956735,-39.28161068925054,-179.79800116561424,110.43529355627773,53.84,-62.891429090007456,,,,,No,Val_Ile,Favoured,General,Favoured
4716,HXK3,A,ILE,647,-67.10407640706062,-36.87810079346684,-178.83332176251298,111.39789919717933,57.82,-64.18779319961595,170.43456950219246,,,,No,Val_Ile,Favoured,General,Favoured
4717,HXK3,A,VAL,653,-54.41679538539744,-74.49442592103642,-158.8977300616436,119.51284836678498,94.3,168.9714962043062,,,,,No,Val_Ile,Disallowed,General,Allowed
4718,HXK3,A,VAL,657,-104.162939169045,102.67271891441781,-179.45580453927113,107.99607339322684,58.28,175.72783102786303,,,,,No,Val_Ile,Favoured,General,Favoured
4719,HXK3,A,VAL,658,-75.85425469797956,-50.2104995471261,-178.30041682555552,115.14414401874663,148.61,-67.72140041222939,,,,,No,Val_Ile,Favoured,General,Favoured
4720,HXK3,A,ILE,660,-119.61258957203788,131.3140025660042,177.6705587940686,105.91593415320168,46.48,-61.13791163822196,166.988098866529,,,,No,Val_Ile,Favoured,General,Favoured
4721,HXK3,A,VAL,661,-137.37137942450167,158.90999367798503,-173.33741696007286,112.29468919545064,57.26,-60.42810541945298,,,,,No,Val_Ile,Favoured,General,Favoured
4722,HXK3,A,VAL,665,-58.91730525833857,-42.418594402673634,-177.9561367168255,108.1177108898605,42.31,179.74095429440672,,,,,No,Val_Ile,Favoured,General,Favoured
4723,HXK3,A,ILE,680,-135.68639359075564,148.60262358282029,-170.5998826273717,114.2314168227524,138.86,64.81476669462893,170.13993772456735,,,,No,Val_Ile,Favoured,General,Favoured
4724,HXK3,A,ILE,683,-128.02110959347797,119.95558040526709,177.68451317007344,107.44144658094763,120.38,-60.00195636176855,-68.99497341234138,,,,No,Val_Ile,Favoured,General,Favoured
4725,HXK3,A,VAL,684,-122.50550959762593,111.55214136817669,174.86693379564434,105.22208763360794,60.35,176.56453109450845,,,,,No,Val_Ile,Favoured,General,Favoured
4726,HXK3,A,VAL,699,-86.2173299390128,106.31129009841226,-178.53023137997423,108.67748742310954,58.77,179.78759086756565,,,,,No,Val_Ile,Favoured,General,Favoured
4727,HXK3,A,ILE,711,-117.5799924958091,126.0424905926314,-178.2743634131859,109.70819300720771,92.08,-169.69917782310557,166.8177039385473,,,,No,Val_Ile,Favoured,General,Favoured
4728,HXK3,A,VAL,735,-64.87232229684196,-40.04131163095879,-179.58010344129673,108.97570532990422,100.8,72.58301085037806,,,,,No,Val_Ile,Favoured,General,Favoured
4729,HXK3,A,ILE,740,-66.0976192772644,-43.402505044722474,-179.84657757646104,109.92317689947893,84.72,-170.77884260962998,167.41613891778576,,,,No,Val_Ile,Favoured,General,Favoured
4730,HXK3,A,ILE,751,-81.22686035292314,-28.392213863325576,-172.72998419765423,118.17379386502598,120.81,63.81791110060364,171.20005127454195,,,,No,Val_Ile,Favoured,General,Favoured
4731,HXK3,A,ILE,759,-61.24760222192336,-45.79973143035257,179.3698056312632,107.09211715036383,99.31,-58.60168820062245,-61.53251068499231,,,,No,Val_Ile,Favoured,General,Favoured
4732,HXK3,A,VAL,760,-62.370167149923155,-43.14887575313728,-176.88549532610915,109.1764195186801,108.83,78.1644446211235,,,,,No,Val_Ile,Favoured,General,Favoured
4733,HXK3,A,ILE,763,-63.696299928709465,-46.067174726991595,179.2997555665673,108.73076759178993,37.39,-63.73717816775902,169.0430805656621,,,,No,Val_Ile,Favoured,General,Favoured
4734,HXK3,A,VAL,772,-72.9048259221168,-28.36707891410357,179.984598450018,112.11623069376597,66.7,177.7873769582144,,,,,No,Val_Ile,Favoured,General,Favoured
4735,HXK3,A,ILE,779,-77.92639289405625,147.22821754829818,178.02260359694688,107.24631701966699,103.38,-60.66971273991884,-61.06110258860483,,,,No,Val_Ile,Favoured,General,Favoured
4736,HXK3,A,ILE,787,-63.835191053802916,-40.62170849787734,-177.76349512157373,110.86802327045758,55.58,62.217854312620304,168.68752026317668,,,,No,Val_Ile,Favoured,General,Favoured
4737,HXK3,A,ILE,796,-60.56368038329828,-46.619264418922626,-175.84673383467762,108.71098791603754,63.47,-60.89639350767865,174.52131506804852,,,,No,Val_Ile,Favoured,General,Favoured
4738,HXK3,A,VAL,806,-64.75762935999735,-43.11650867210776,-178.84225401679163,108.4507896620743,43.7,179.54072245016562,,,,,No,Val_Ile,Favoured,General,Favoured
4739,HXK3,A,ILE,809,-64.56432521289514,-40.07677585692773,-178.8088233311392,109.89360752335122,123.95,59.767633744708675,165.06297410626124,,,,No,Val_Ile,Favoured,General,Favoured
4740,HXK3,A,VAL,825,-62.50876113399572,-41.4397651959504,-178.02894156792584,109.65194220200989,117.32,-74.20617213068991,,,,,No,Val_Ile,Favoured,General,Favoured
4741,HXK3,A,VAL,828,-60.69040812462958,-40.1041085311249,-177.63531191579605,109.28752465333784,46.1,170.53785930808635,,,,,No,Val_Ile,Favoured,General,Favoured
4742,HXK3,A,VAL,832,-63.5093757374592,-45.02057151746494,-175.93204825446833,110.06252209321212,40.1,176.92405219741926,,,,,No,Val_Ile,Favoured,General,Favoured
4743,HXK3,A,VAL,844,-67.43756982840388,-24.904783712058208,-179.78255762513413,108.0958315423894,118.65,-60.328260812906485,,,,,No,Val_Ile,Favoured,General,Favoured
4744,HXK3,A,VAL,847,-58.366461112499984,-42.66554553217097,-173.42476261134183,110.63942243066384,46.84,173.88360918093449,,,,,No,Val_Ile,Favoured,General,Favoured
4745,HXK3,A,VAL,848,-67.57335242054737,-36.78558194435292,-178.35448223864188,110.5891497578596,56.65,-63.05905747413119,,,,,No,Val_Ile,Favoured,General,Favoured
4746,HXK3,A,ILE,851,-66.38349104877457,-44.143657807210104,175.93000665439115,108.7872635416726,54.61,-66.01366405251815,168.66552977872584,,,,No,Val_Ile,Favoured,General,Favoured
4747,HXK3,A,VAL,862,-129.04996462729332,160.0925732685832,-178.9810757578393,107.15801298096126,92.31,66.20608534715073,,,,,No,Val_Ile,Favoured,General,Favoured
4748,HXK3,A,VAL,864,-121.60138003580919,126.70036891514651,-178.96718714515083,108.58641482862137,50.64,179.70662965055402,,,,,No,Val_Ile,Favoured,General,Favoured
4749,HXK3,A,VAL,866,-133.54098125754112,143.39406143697911,-178.6481001814082,109.52601686976259,53.35,179.83254411300084,,,,,No,Val_Ile,Favoured,General,Favoured
4750,HXK3,A,VAL,881,-65.08133904503171,-42.95185667296148,-177.27267041129858,110.01717615728205,31.47,177.16261940926634,,,,,No,Val_Ile,Favoured,General,Favoured
4751,HXK3,A,VAL,885,-65.97781884608101,-41.64196468740945,-178.8692680963703,109.84600938439698,35.24,173.48528388039506,,,,,No,Val_Ile,Favoured,General,Favoured
4752,HXK3,A,VAL,893,-113.41088430050813,113.90185977131428,175.6853067987844,104.87861914199507,47.05,176.247800382395,,,,,No,Val_Ile,Favoured,General,Favoured
4753,HXK3,A,VAL,894,-120.59861437708844,133.69118413838345,-173.0644614944014,110.73328215396278,50.13,179.9634155814657,,,,,No,Val_Ile,Favoured,General,Favoured
4754,HXK3,A,VAL,910,-65.70680155368824,-34.270644988458336,176.1682152031399,107.22169757560086,53.15,176.43361328123083,,,,,No,Val_Ile,Favoured,General,Favoured
4755,HXK3,A,VAL,913,-71.93882392217124,-30.04711484440445,178.07135276684141,110.1480136155181,66.43,178.6253596441313,,,,,No,Val_Ile,Favoured,General,Favoured
4756,HXK3,A,ILE,4,-121.26246280377582,149.26917531194013,-179.40535214334574,108.9084987771856,86.36,-168.8736278505013,167.04840265319595,,,,No,Val_Ile,Favoured,General,Favoured
4757,HXK3,A,VAL,33,-65.95169607349308,-40.3591370740872,-179.239787515564,109.06725516007987,91.76,73.89992113096604,,,,,No,Val_Ile,Favoured,General,Favoured
4758,HXK3,A,VAL,42,-104.45040340296694,130.17267033683513,-173.50143793211274,110.79255876794214,104.87,-60.93449770253247,,,,,No,Val_Ile,Favoured,General,Favoured
4759,HXK3,A,ILE,50,-63.75201713910184,-38.942011526176465,-179.68627859788003,108.37298964981521,39.07,-61.714005787570194,169.70469196284785,,,,No,Val_Ile,Favoured,General,Favoured
4760,HXK3,A,VAL,72,-95.50126978897022,117.51976149513034,177.38017014488645,103.95891175300024,64.35,178.30656813144836,,,,,No,Val_Ile,Favoured,General,Favoured
4761,HXK3,A,VAL,79,-90.00144572149055,110.62087170550663,174.0468972216561,105.49861830113798,56.02,178.912115361168,,,,,No,Val_Ile,Favoured,General,Favoured
4762,HXK3,A,VAL,92,-115.19567528749353,153.7258307709484,179.87575364465746,108.32489389874591,41.74,178.0667126636422,,,,,No,Val_Ile,Favoured,General,Favoured
4763,HXK3,A,VAL,93,-150.62508011844594,158.01776672282014,179.22651657956456,109.05365578733955,105.13,-60.60388528171045,,,,,No,Val_Ile,Favoured,General,Favoured
4764,HXK3,A,VAL,105,-123.27467969525803,124.80191904955309,172.60376976029468,103.8838253366942,140.86,71.3115827639094,,,,,No,Val_Ile,Favoured,General,Favoured
4765,HXK3,A,VAL,108,-125.08264662020866,124.65099312524796,-176.88652049985558,108.08183851165101,55.38,178.39701873262015,,,,,No,Val_Ile,Favoured,General,Favoured
4766,HXK3,A,ILE,113,-75.03334984802139,-40.87815953197485,174.80852519964589,109.0023799526371,160.63,-176.72329285266625,170.07666256899142,,,,No,Val_Ile,Favoured,General,Favoured
4767,HXK3,A,VAL,118,-86.64059643983991,150.40820799865426,-177.09952714472252,110.22373995652138,52.05,171.48889925204304,,,,,No,Val_Ile,Favoured,General,Favoured
4768,HXK3,A,VAL,126,-111.4010962465336,149.01789905639208,-177.47125416003706,109.09517073882522,38.15,176.9246308551686,,,,,No,Val_Ile,Favoured,General,Favoured
4769,HXK3,A,VAL,131,-80.9136042466095,127.3239079792191,172.49206465374814,102.32346238359239,109.61,60.11517388083332,,,,,No,Val_Ile,Favoured,General,Favoured
4770,HXK3,A,VAL,156,-96.34794952956659,-11.539514663032833,168.25783761882036,112.46912868148846,162.54,-64.69151657853065,,,,,No,Val_Ile,Favoured,General,Favoured
4771,HXK3,A,ILE,182,-113.10848078896552,107.45237036555451,-174.61332638328577,110.5585189684477,232.1,-175.06839499691452,67.66227202168561,,,,No,Val_Ile,Favoured,General,Favoured
4772,HXK3,A,VAL,193,-141.67472373947365,154.757058200387,179.80805700600095,106.41654546716862,116.33,-62.569269410320445,,,,,No,Val_Ile,Favoured,General,Favoured
4773,HXK3,A,VAL,198,-70.98485801434204,-34.470397432003054,-177.1705868484911,110.8564630814485,116.68,81.55820674000012,,,,,No,Val_Ile,Favoured,General,Favoured
4774,HXK3,A,VAL,199,-66.29038581779399,-45.51165686764032,-177.6114337314451,110.02766294716027,47.58,177.79860784697996,,,,,No,Val_Ile,Favoured,General,Favoured
4775,HXK3,A,ILE,206,-67.68128681396875,-40.510540178645456,179.37586651491267,109.92824306181495,53.49,-67.77423077435364,174.89402131733104,,,,No,Val_Ile,Favoured,General,Favoured
4776,HXK3,A,ILE,214,-126.01053227701233,149.89271994938463,-178.74362381062988,107.73911775552467,96.75,-153.07472749974528,70.48460362115337,,,,No,Val_Ile,Favoured,General,Favoured
4777,HXK3,A,VAL,216,-55.83794386774312,148.24542651228109,-175.30208955606264,110.0748358064563,42.64,176.69294206323443,,,,,No,Val_Ile,Favoured,General,Favoured
4778,HXK3,A,VAL,217,-122.83057783601906,151.85078717175466,-177.61979121530197,109.55350055567058,56.3,175.27117725471555,,,,,No,Val_Ile,Favoured,General,Favoured
4779,HXK3,A,VAL,219,-122.8843806058159,124.35702257890841,176.7630429740549,105.6990560778153,54.46,179.95464461264706,,,,,No,Val_Ile,Favoured,General,Favoured
4780,HXK3,A,VAL,220,-137.5689219653073,154.82478968533195,-173.27096483209513,109.98295103767185,50.09,-61.122489712362736,,,,,No,Val_Ile,Favoured,General,Favoured
4781,HXK3,A,VAL,224,-63.04421913678759,-42.108286946016435,-177.7188152331169,110.01700341556807,39.9,177.74577862243058,,,,,No,Val_Ile,Favoured,General,Favoured
4782,HXK3,A,VAL,234,-125.95139097812451,119.57745732041052,-177.5494810416168,109.83820786495642,115.47,58.88663749772561,,,,,No,Val_Ile,Favoured,General,Favoured
4783,HXK3,A,VAL,239,-132.13026244426513,135.70516053305525,-175.24666130281446,111.71078092660713,117.17,60.517901007311025,,,,,No,Val_Ile,Favoured,General,Favoured
4784,HXK3,A,VAL,242,-133.87383356877518,122.54076076049341,175.75352689931796,108.46883467181364,110.88,-65.52418987475214,,,,,No,Val_Ile,Favoured,General,Favoured
4785,HXK3,A,VAL,243,-118.89579241171498,94.91240721637729,173.18652259589567,104.58047532805315,60.99,178.62462738898407,,,,,No,Val_Ile,Favoured,General,Favoured
4786,HXK3,A,VAL,258,-96.70213729008672,107.06204515128672,-175.0963375598444,111.39085025435148,117.85,-64.74443192568188,,,,,No,Val_Ile,Favoured,General,Favoured
4787,HXK3,A,VAL,260,-61.93093477374025,-29.186317524507533,-172.4086621054533,111.52321192271164,116.52,-63.51975076958303,,,,,No,Val_Ile,Favoured,General,Favoured
4788,HXK3,A,VAL,268,-147.60475068958962,143.32761111349458,176.20189309732893,106.03026844257448,41.45,174.31617364807207,,,,,No,Val_Ile,Favoured,General,Favoured
4789,HXK3,A,VAL,270,-120.0926552722626,133.6809599936279,178.44693824543938,109.47695485352051,108.09,-68.07265031029456,,,,,No,Val_Ile,Favoured,General,Favoured
4790,HXK3,A,VAL,272,-68.00020525913163,-40.03913760744854,-173.8324232277497,111.97922831908528,54.61,176.2533220956116,,,,,No,Val_Ile,Favoured,General,Favoured
4791,HXK3,A,VAL,286,-74.50769454085146,-38.5024389177367,178.79852259621728,111.3352962043812,49.14,174.7675421536098,,,,,No,Val_Ile,Favoured,General,Favoured
4792,HXK3,A,ILE,310,-82.81129069098301,-32.053334094173444,-171.38723260411479,118.93081161419308,107.73,64.62947571180665,172.30235386810634,,,,No,Val_Ile,Favoured,General,Favoured
4793,HXK3,A,VAL,319,-66.5479294579864,-39.41595709798354,179.33785797495415,109.98534090961151,38.57,174.98175618154974,,,,,No,Val_Ile,Favoured,General,Favoured
4794,HXK3,A,VAL,322,-64.92836219797896,-42.979777482536036,179.36926434192395,109.2982524374823,33.92,176.1968031914612,,,,,No,Val_Ile,Favoured,General,Favoured
4795,HXK3,A,VAL,331,-69.2826695165261,-33.37407125227728,178.5229172644912,111.1834318695292,63.3,178.95089898825935,,,,,No,Val_Ile,Favoured,General,Favoured
4796,HXK3,A,ILE,347,-103.26072820434953,121.65679901131568,177.2989231242017,105.27835031523216,52.19,-65.30475758853893,170.7866524327862,,,,No,Val_Ile,Favoured,General,Favoured
4797,HXK3,A,VAL,352,-66.34653384177065,-44.86937344377381,179.93734455085624,109.4150697520186,96.24,73.64190699050279,,,,,No,Val_Ile,Favoured,General,Favoured
4798,HXK3,A,VAL,365,-67.81564709844164,-40.84244906001611,178.91141988152046,109.30745383879939,36.31,174.088047893512,,,,,No,Val_Ile,Favoured,General,Favoured
4799,HXK3,A,ILE,368,-64.65130678066119,-42.68159800774914,-176.8843198856104,109.50824524743017,85.38,-175.47183173944055,177.49494709183762,,,,No,Val_Ile,Favoured,General,Favoured
4800,HXK3,A,VAL,381,-67.67342780903037,-41.3403872321787,179.63288959612134,110.17059133239059,39.17,170.29703323111542,,,,,No,Val_Ile,Favoured,General,Favoured
4801,HXK3,A,VAL,384,-62.704693200572486,-46.190097534263664,-177.39218678828772,109.9761132579732,37.11,174.52642492249072,,,,,No,Val_Ile,Favoured,General,Favoured
4802,HXK3,A,VAL,387,-60.41618352072371,-34.99624112950654,-178.78290193341132,108.00349347303751,39.39,175.69327843456492,,,,,No,Val_Ile,Favoured,General,Favoured
4803,HXK3,A,VAL,391,-64.15154971733763,-45.82483738897843,-177.80840607111813,109.91472139667319,39.11,179.97061339437036,,,,,No,Val_Ile,Favoured,General,Favoured
4804,HXK3,A,VAL,406,-63.30644891664617,-45.249568023129754,-178.7881478862332,108.89495454210841,35.03,177.03985826584895,,,,,No,Val_Ile,Favoured,General,Favoured
4805,HXK3,A,VAL,421,-143.8822806465058,149.2644552828881,-178.28143289141812,108.46412674982167,39.2,174.1696754177352,,,,,No,Val_Ile,Favoured,General,Favoured
4806,HXK3,A,VAL,423,-107.04631349037442,122.77350051136878,179.90807889689515,108.9385792786662,105.47,-61.71680831443169,,,,,No,Val_Ile,Favoured,General,Favoured
4807,HXK3,A,VAL,429,-63.34194051555788,-52.40538839840871,-178.9351187346794,109.75433435272483,41.31,175.3900735953873,,,,,No,Val_Ile,Favoured,General,Favoured
4808,HXK3,A,VAL,439,-64.71408734040904,-39.00688472857053,-176.1439995400178,110.07151181608644,91.88,61.68272411833154,,,,,No,Val_Ile,Favoured,General,Favoured
4809,HXK3,A,VAL,444,-61.66219343395319,-44.58888323096171,-177.0289861923495,109.70967770724178,35.14,174.72845349191365,,,,,No,Val_Ile,Favoured,General,Favoured
4810,HXK3,A,VAL,453,-118.08680507044737,122.8540609515202,-172.74372042372894,111.33435127542037,76.44,171.31097416144348,,,,,No,Val_Ile,Favoured,General,Favoured
4811,HXK3,A,VAL,459,-78.91184720580088,-58.05145073132672,178.010524262219,114.47338191952362,67.45,178.75716467510932,,,,,No,Val_Ile,Favoured,General,Favoured
4812,HXK3,A,VAL,466,-61.47319672459566,-39.32438877776071,-177.88137391204558,107.87969242712866,89.37,69.14581543524262,,,,,No,Val_Ile,Favoured,General,Favoured
4813,HXK3,A,VAL,469,-59.769649815163234,-46.67398402496156,179.50270917088096,108.49337526837523,41.3,179.36474358994298,,,,,No,Val_Ile,Favoured,General,Favoured
4814,HXK3,A,VAL,472,-64.64771839832162,-36.608050374809224,179.1966834222085,108.46679554220981,45.65,172.04348362599106,,,,,No,Val_Ile,Favoured,General,Favoured
4815,HXK3,A,VAL,500,-66.93203546011638,-35.37253822477443,-179.4485332506292,109.24910775381896,107.04,75.04435125838548,,,,,No,Val_Ile,Favoured,General,Favoured
4816,HXK3,A,VAL,526,-103.47259732707873,98.89345861117083,170.3441894838952,103.95936528950683,76.41,171.6904303295384,,,,,No,Val_Ile,Favoured,General,Favoured
4817,HXK3,A,VAL,550,-114.45342244886218,125.46124493754833,173.15432163899888,104.81980384526946,58.72,173.60418769387257,,,,,No,Val_Ile,Favoured,General,Favoured
4818,HXK3,A,VAL,553,-110.4388907615353,131.34437093733266,-178.86619848014863,108.8751799004456,48.98,173.43029204876728,,,,,No,Val_Ile,Favoured,General,Favoured
4819,HXK3,A,VAL,555,-113.92592263873652,130.64245590216674,-177.99422882168557,109.73358900973129,53.52,177.44793962116907,,,,,No,Val_Ile,Favoured,General,Favoured
4820,HXK3,A,VAL,559,-133.39040083224407,146.9979666529849,179.13498503392933,109.77200440827433,116.89,-68.88728585713787,,,,,No,Val_Ile,Favoured,General,Favoured
4821,HXK3,A,ILE,561,-130.98468658345783,148.62013361507547,-179.07166704297788,111.46757719325625,139.04,-168.34812863559762,64.64093148341269,,,,No,Val_Ile,Favoured,General,Favoured
4822,HXK3,A,ILE,565,-107.73444823651559,133.2360699097884,-177.11315317311622,107.98925181462495,41.1,-58.477649411467134,167.2599055152668,,,,No,Val_Ile,Favoured,General,Favoured
4823,HXK3,A,VAL,572,-60.5372999156981,-42.13366872419944,-172.96831744585504,110.30404482221401,39.52,177.62741331675983,,,,,No,Val_Ile,Favoured,General,Favoured
4824,HXK3,A,ILE,584,-63.919679553761895,-42.61223752466095,-178.6435812419251,109.65747249262279,50.2,-58.86738394857808,166.2540904814311,,,,No,Val_Ile,Favoured,General,Favoured
4825,HXK3,A,VAL,585,-63.999148711993264,-37.511703935489074,-172.48733962009197,112.30050166137221,111.71,70.19216245999472,,,,,No,Val_Ile,Favoured,General,Favoured
4826,HXK3,A,ILE,588,-68.00717660345424,-43.55911040515471,175.28674652319097,108.65511866878394,45.58,-62.85021773181616,170.45075662737213,,,,No,Val_Ile,Favoured,General,Favoured
4827,HXK3,A,VAL,589,-61.49266377026229,-42.68604173653722,-177.62793300563553,109.35280579513581,36.65,174.81020363668188,,,,,No,Val_Ile,Favoured,General,Favoured
4828,HXK3,A,ILE,621,-115.81469217090672,126.69616002417281,-176.54415385727762,108.75591401508606,98.07,-58.1519065948726,-63.22571606158353,,,,No,Val_Ile,Favoured,General,Favoured
4829,HXK3,A,VAL,639,-64.71542420096323,-33.71704776725851,-175.713304160685,110.26718334054141,65.55,179.6937700628149,,,,,No,Val_Ile,Favoured,General,Favoured
4830,HXK3,A,VAL,640,-68.65088838336798,-38.47622883903973,-178.9331978826195,110.22670897231102,57.9,-61.528026531664075,,,,,No,Val_Ile,Favoured,General,Favoured
4831,HXK3,A,ILE,647,-65.68569602585599,-38.84907937998955,-179.18575178117098,111.33627268996123,57.51,-62.86108252649294,167.72951240431243,,,,No,Val_Ile,Favoured,General,Favoured
4832,HXK3,A,VAL,653,-57.38201462217677,-72.71638412207528,-158.12425330384045,119.45190054027636,90.58,173.99573025060178,,,,,No,Val_Ile,Allowed,General,Allowed
4833,HXK3,A,VAL,657,-104.95645374714334,102.5142179193862,-179.30508081372957,108.00419067207292,56.61,176.37814847871988,,,,,No,Val_Ile,Favoured,General,Favoured
4834,HXK3,A,VAL,658,-76.27797525373197,-48.85837905902273,-177.76504392972828,114.88886675256755,74.39,178.46407445162365,,,,,No,Val_Ile,Favoured,General,Favoured
4835,HXK3,A,ILE,660,-119.63926287047236,133.47659591852567,175.75040789991849,106.15420850689937,99.27,-166.2237132217869,166.80910923505434,,,,No,Val_Ile,Favoured,General,Favoured
4836,HXK3,A,VAL,661,-140.07980429497997,156.41597503276745,-171.36895228497667,112.38564446363735,132.67,44.159612702383654,,,,,No,Val_Ile,Favoured,General,Favoured
4837,HXK3,A,VAL,665,-59.18746008367062,-42.434279826820365,-178.6729681401471,108.37985000938092,44.99,178.08616684315973,,,,,No,Val_Ile,Favoured,General,Favoured
4838,HXK3,A,ILE,680,-134.4367546626931,148.0309736105245,-170.42933950329973,114.40686507556383,181.83,61.82352842475214,-67.33059896539582,,,,No,Val_Ile,Favoured,General,Favoured
4839,HXK3,A,ILE,683,-129.3665856174853,120.42246321430919,176.40625664210444,107.91139571933427,66.72,-63.60654514968633,168.7732135937447,,,,No,Val_Ile,Favoured,General,Favoured
4840,HXK3,A,VAL,684,-121.73657205658837,110.94494441264894,175.54683650269249,105.11142051987994,61.55,176.407453289588,,,,,No,Val_Ile,Favoured,General,Favoured
4841,HXK3,A,VAL,699,-86.6939130635482,108.68980821299978,-177.38433965796332,108.76111471362654,61.16,179.45421208918253,,,,,No,Val_Ile,Favoured,General,Favoured
4842,HXK3,A,ILE,711,-118.64100037783777,130.12963810202004,178.04826822069126,109.8780007451097,162.07,61.79414806842304,-74.93469129546126,,,,No,Val_Ile,Favoured,General,Favoured
4843,HXK3,A,VAL,735,-63.312404792350186,-41.62411348302147,179.8508799439583,108.49053685058688,37.13,177.11753767591642,,,,,No,Val_Ile,Favoured,General,Favoured
4844,HXK3,A,ILE,740,-66.52189389231172,-42.19596553618949,-179.86945717702423,110.20820424471385,127.81,-175.04551958110142,62.627797542026094,,,,No,Val_Ile,Favoured,General,Favoured
4845,HXK3,A,ILE,751,-82.63165975991072,-26.888213769388347,-174.222322289831,118.38824600782262,122.65,64.66307489174268,170.19549906903836,,,,No,Val_Ile,Favoured,General,Favoured
4846,HXK3,A,ILE,759,-61.181647907118425,-45.726477095608246,178.93697063777935,107.38456129486408,43.67,-64.06538095208751,168.9326183505296,,,,No,Val_Ile,Favoured,General,Favoured
4847,HXK3,A,VAL,760,-59.53433871987871,-46.77705687119475,-178.2077576665643,108.9755876391736,41.48,172.39954677665452,,,,,No,Val_Ile,Favoured,General,Favoured
4848,HXK3,A,ILE,763,-63.54636188813945,-46.28313407373943,179.18819707468813,108.32244711439525,40.5,-61.447949603413804,165.54450540384332,,,,No,Val_Ile,Favoured,General,Favoured
4849,HXK3,A,VAL,772,-73.49919487171778,-26.999066171280255,-179.70689989795937,112.53921818751131,67.68,177.56985385833605,,,,,No,Val_Ile,Favoured,General,Favoured
4850,HXK3,A,ILE,779,-79.05771831241337,148.75966440580657,178.46735560789224,107.6385314230856,107.53,-168.50276645286286,165.14765620620818,,,,No,Val_Ile,Favoured,General,Favoured
4851,HXK3,A,ILE,787,-64.83605413706208,-39.84806957033186,-175.51445139018256,111.43227924470123,119.97,64.74522443853235,-69.60001419644547,,,,No,Val_Ile,Favoured,General,Favoured
4852,HXK3,A,ILE,796,-62.79037343506179,-43.410058327952534,-174.526981271632,108.95125215259856,109.25,-156.56672293743702,164.4771590749235,,,,No,Val_Ile,Favoured,General,Favoured
4853,HXK3,A,VAL,806,-65.06049042342507,-39.84986251590222,-179.12429012306572,109.51834066431553,121.45,-67.39194973829875,,,,,No,Val_Ile,Favoured,General,Favoured
4854,HXK3,A,ILE,809,-62.8093046296706,-44.04627054559374,-177.66156463133746,108.90175444297148,54.97,-58.633412570322854,166.9209855851365,,,,No,Val_Ile,Favoured,General,Favoured
4855,HXK3,A,VAL,825,-61.64532393764113,-42.99906078750632,-178.00010465661185,108.77938720590971,39.1,172.49417388771863,,,,,No,Val_Ile,Favoured,General,Favoured
4856,HXK3,A,VAL,828,-60.041952296687654,-40.60289571487635,-177.45474730486083,109.07480264093238,40.65,173.33167351341922,,,,,No,Val_Ile,Favoured,General,Favoured
4857,HXK3,A,VAL,832,-63.7047069744648,-43.729559244057256,-176.48609449642296,110.82793159722054,108.7,-68.84614543413778,,,,,No,Val_Ile,Favoured,General,Favoured
4858,HXK3,A,VAL,844,-67.47204659712699,-24.36397935816918,-179.80876344171088,108.26012942113108,118.55,-61.95295606192234,,,,,No,Val_Ile,Favoured,General,Favoured
4859,HXK3,A,VAL,847,-58.15826011629545,-42.89832053227779,-172.88063701934877,110.42695011685423,51.2,174.44112336501195,,,,,No,Val_Ile,Favoured,General,Favoured
4860,HXK3,A,VAL,848,-68.25890432937638,-35.01518638949331,-178.26651796298205,110.9866503758171,133.29,63.1162379474423,,,,,No,Val_Ile,Favoured,General,Favoured
4861,HXK3,A,ILE,851,-66.2020200997225,-42.804952255714724,176.19099797805566,108.22694269448141,49.7,-63.087720241206064,169.60076698638375,,,,No,Val_Ile,Favoured,General,Favoured
4862,HXK3,A,VAL,862,-128.00776967161093,159.0520762394257,-178.51576973301553,107.41612629206364,92.95,64.54413124187883,,,,,No,Val_Ile,Favoured,General,Favoured
4863,HXK3,A,VAL,864,-121.36824909695198,126.2974508270383,-179.23116933688428,108.47810075860086,49.09,178.6997719398383,,,,,No,Val_Ile,Favoured,General,Favoured
4864,HXK3,A,VAL,866,-134.2809763461765,142.63209501943524,-178.36645171313288,109.30526801386922,54.18,179.8923114098153,,,,,No,Val_Ile,Favoured,General,Favoured
4865,HXK3,A,VAL,881,-65.09772096667655,-42.69349191250177,-176.98280750850552,110.41541577777127,31.22,175.6512542159196,,,,,No,Val_Ile,Favoured,General,Favoured
4866,HXK3,A,VAL,885,-66.0323623534639,-42.12517773947694,-179.41355413067544,110.05938903693952,37.22,172.84798328356632,,,,,No,Val_Ile,Favoured,General,Favoured
4867,HXK3,A,VAL,893,-112.00696983605954,113.99867989267727,176.29335965918733,104.65198641289162,49.33,176.26361197846845,,,,,No,Val_Ile,Favoured,General,Favoured
4868,HXK3,A,VAL,894,-121.30626187858985,131.91805905486217,-173.15204000244023,110.35464829153068,52.03,179.48782544408166,,,,,No,Val_Ile,Favoured,General,Favoured
4869,HXK3,A,VAL,910,-66.36673742573662,-32.05190806933402,176.2005855055452,107.42442286596949,106.92,-62.33863294603807,,,,,No,Val_Ile,Favoured,General,Favoured
4870,HXK3,A,VAL,913,-71.34610280739572,-31.198878821828266,178.47386457321318,109.95376288512081,65.68,178.10825652231225,,,,,No,Val_Ile,Favoured,General,Favoured
4871,HXK3,A,ILE,4,-128.42684667930055,143.36771790412647,179.2900292978704,107.23645902157958,94.25,-176.89572555173208,168.04162901575444,,,,No,Val_Ile,Favoured,General,Favoured
4872,HXK3,A,VAL,33,-61.92527222930219,-46.851293913383515,-179.92864905785845,108.53823924765099,42.02,179.78640660161506,,,,,No,Val_Ile,Favoured,General,Favoured
4873,HXK3,A,VAL,42,-104.88945074759512,128.36410762072333,-174.05626965923864,110.38861940929999,40.74,176.70603188439057,,,,,No,Val_Ile,Favoured,General,Favoured
4874,HXK3,A,ILE,50,-62.80662328866515,-37.49431320260263,179.86932751609874,107.7860097339445,41.69,-62.839842590463256,170.198889850804,,,,No,Val_Ile,Favoured,General,Favoured
4875,HXK3,A,VAL,72,-96.15135519873381,118.58505209640394,179.11301190980075,104.2760828386956,65.13,177.9999822409442,,,,,No,Val_Ile,Favoured,General,Favoured
4876,HXK3,A,VAL,79,-90.14917470213743,110.58619959661476,174.58572332097935,105.80679364323213,59.69,177.20243429322554,,,,,No,Val_Ile,Favoured,General,Favoured
4877,HXK3,A,VAL,92,-115.70555827451163,154.73147531846826,177.20844871101954,108.70806687316535,107.01,-61.36103644366436,,,,,No,Val_Ile,Favoured,General,Favoured
4878,HXK3,A,VAL,93,-150.74141577789092,157.52818984789732,-179.5000515926608,108.66859115272796,50.04,179.6002005698932,,,,,No,Val_Ile,Favoured,General,Favoured
4879,HXK3,A,VAL,105,-122.22734457234462,127.08714726026481,173.71104167020601,103.87428324479386,137.69,75.90873593224065,,,,,No,Val_Ile,Favoured,General,Favoured
4880,HXK3,A,VAL,108,-127.27530461811767,122.73107576796357,-175.2919131684699,108.18419833458623,60.94,179.67298595205526,,,,,No,Val_Ile,Favoured,General,Favoured
4881,HXK3,A,ILE,113,-75.98729220435554,-28.54990474774035,174.36897802699983,110.53850290307881,149.24,-178.6320260083927,168.21946543798018,,,,No,Val_Ile,Favoured,General,Favoured
4882,HXK3,A,VAL,118,-88.45385821476822,151.09737443297826,-177.82868754481672,110.12712456407668,49.07,177.05570247470274,,,,,No,Val_Ile,Favoured,General,Favoured
4883,HXK3,A,VAL,126,-116.20113841498647,150.64796109229863,-177.8769870219774,109.38122194351376,93.92,63.46054649748689,,,,,No,Val_Ile,Favoured,General,Favoured
4884,HXK3,A,VAL,131,-159.49358548657736,-154.5535499106602,-179.54820634827863,101.97108698950349,69.66,-172.6400253207723,,,,,No,Val_Ile,Disallowed,General,Allowed
4885,HXK3,A,VAL,156,-70.49509091497549,-15.663210137453683,-153.71665921940172,122.22218893880077,185.83,70.73331680624227,,,,,No,Val_Ile,Favoured,General,Favoured
4886,HXK3,A,ILE,182,-101.53888628496212,115.9001084093164,-174.5723560355356,108.68671586849571,92.61,-62.094325265751216,68.37229222053864,,,,No,Val_Ile,Favoured,General,Favoured
4887,HXK3,A,VAL,193,-114.98687024069567,128.7804418294638,177.35939456861612,106.08134163976183,122.42,-65.38212857610615,,,,,No,Val_Ile,Favoured,General,Favoured
4888,HXK3,A,VAL,198,-69.77515242233113,-33.39948899366138,179.66110771780933,110.7743925827449,60.36,170.0465570655666,,,,,No,Val_Ile,Favoured,General,Favoured
4889,HXK3,A,VAL,199,-66.37122459510678,-45.45094040403314,-178.25429640814932,109.72267897530982,42.41,176.43465938202596,,,,,No,Val_Ile,Favoured,General,Favoured
4890,HXK3,A,ILE,206,-67.4269227076697,-40.12398537182686,178.98709949745592,109.39671697545477,43.54,-65.6460608739591,170.46954840863003,,,,No,Val_Ile,Favoured,General,Favoured
4891,HXK3,A,ILE,214,-129.04107063809977,151.53457182452902,-176.7723418431883,108.04567657016217,71.25,-156.99939927467892,159.2299356022732,,,,No,Val_Ile,Favoured,General,Favoured
4892,HXK3,A,VAL,216,-56.89465505998,149.10212471750464,-176.29571291886458,110.27133134501463,99.81,62.86457380368532,,,,,No,Val_Ile,Favoured,General,Favoured
4893,HXK3,A,VAL,217,-122.95042711666429,147.8922703172475,-177.74905807548961,109.92673485510093,43.33,174.6931362301502,,,,,No,Val_Ile,Favoured,General,Favoured
4894,HXK3,A,VAL,219,-122.41710220894602,123.05220340402707,176.14164520661964,106.00476268384867,53.13,177.9937000376204,,,,,No,Val_Ile,Favoured,General,Favoured
4895,HXK3,A,VAL,220,-137.86367721821983,156.5711861404554,-175.46517121774204,109.97691225263473,58.07,-58.34388396440911,,,,,No,Val_Ile,Favoured,General,Favoured
4896,HXK3,A,VAL,224,-63.30765004748044,-41.96497021903182,-177.4610638088931,110.11906589713698,47.05,173.50872590315825,,,,,No,Val_Ile,Favoured,General,Favoured
4897,HXK3,A,VAL,234,-124.52794372499578,119.8780714800638,-177.52842605498057,109.74436129087873,111.21,59.13528547086011,,,,,No,Val_Ile,Favoured,General,Favoured
4898,HXK3,A,VAL,239,-133.01037627937308,137.38985385265667,-174.57593026080164,111.86278491841105,120.06,-62.36938143242512,,,,,No,Val_Ile,Favoured,General,Favoured
4899,HXK3,A,VAL,242,-132.96928557935328,122.18410151889766,175.54407168596205,108.21923826732689,114.8,60.053779983897506,,,,,No,Val_Ile,Favoured,General,Favoured
4900,HXK3,A,VAL,243,-120.13275478347614,94.08226104636665,173.66188135878696,104.5769276120691,154.84,64.48742126946595,,,,,No,Val_Ile,Favoured,General,Favoured
4901,HXK3,A,VAL,258,-95.22627829350286,106.966436902616,-175.35490345260095,111.35347864999962,112.67,-65.86233929251831,,,,,No,Val_Ile,Favoured,General,Favoured
4902,HXK3,A,VAL,260,-62.32214396328492,-29.642389121512856,-171.86979548198926,111.45356812122962,116.11,-62.061683106748866,,,,,No,Val_Ile,Favoured,General,Favoured
4903,HXK3,A,VAL,268,-147.721432033544,143.21673919490146,175.8423603287297,105.96691248508276,98.87,-64.12677472807965,,,,,No,Val_Ile,Favoured,General,Favoured
4904,HXK3,A,VAL,270,-119.44887591099173,130.27046086459833,-178.54287235011358,109.08390502535659,45.87,174.27508192570025,,,,,No,Val_Ile,Favoured,General,Favoured
4905,HXK3,A,VAL,272,-68.25535762561569,-40.36295754368096,-173.70785406251542,112.59662981880649,54.49,176.63020819377869,,,,,No,Val_Ile,Favoured,General,Favoured
4906,HXK3,A,VAL,286,-74.95350777891689,-37.00466352811588,179.00349434536417,110.95913237681656,99.94,72.8420228233236,,,,,No,Val_Ile,Favoured,General,Favoured
4907,HXK3,A,ILE,310,-82.89084123613692,-31.827805735066626,-171.51735976263512,119.19723154513963,122.95,63.28912071632567,174.26135888473564,,,,No,Val_Ile,Favoured,General,Favoured
4908,HXK3,A,VAL,319,-66.73868406122288,-38.682762449444176,179.79265120927244,110.13397731517006,41.99,176.0477534265827,,,,,No,Val_Ile,Favoured,General,Favoured
4909,HXK3,A,VAL,322,-67.21270342769812,-39.44790424349555,178.40789923737086,109.49451912220891,89.87,74.78794901817271,,,,,No,Val_Ile,Favoured,General,Favoured
4910,HXK3,A,VAL,331,-73.83647471505994,-27.11136551253812,178.58095864930033,111.02258970237547,124.54,-58.129107730796065,,,,,No,Val_Ile,Favoured,General,Favoured
4911,HXK3,A,ILE,347,-106.55490857967737,126.82082274573135,176.95857270654355,105.82247921012204,119.65,66.43871954778884,163.90628641447455,,,,No,Val_Ile,Favoured,General,Favoured
4912,HXK3,A,VAL,352,-66.50908186030374,-44.97563121648982,-179.19335683858566,109.49808307828705,97.05,74.42554649967047,,,,,No,Val_Ile,Favoured,General,Favoured
4913,HXK3,A,VAL,365,-71.09209327006906,-35.641160330445146,178.89971502513825,109.82319593964222,109.96,-60.79728291625867,,,,,No,Val_Ile,Favoured,General,Favoured
4914,HXK3,A,ILE,368,-65.11131417045347,-41.06689141200876,-176.86431721328498,109.94467660603166,123.17,-169.28309651285014,66.41839842302937,,,,No,Val_Ile,Favoured,General,Favoured
4915,HXK3,A,VAL,381,-70.15478996041716,-36.82410876998047,-179.16328312793212,109.82479818501338,106.53,-54.72651855524178,,,,,No,Val_Ile,Favoured,General,Favoured
4916,HXK3,A,VAL,384,-63.22116540135087,-45.110160620516275,-177.20020497554702,109.80091865414477,36.24,175.5754401811679,,,,,No,Val_Ile,Favoured,General,Favoured
4917,HXK3,A,VAL,387,-60.81891419366797,-33.54663804779351,-178.73767186645924,107.98704548253919,94.47,69.51933982696661,,,,,No,Val_Ile,Favoured,General,Favoured
4918,HXK3,A,VAL,391,-63.73284310486071,-45.32132717062744,-177.57027129445694,110.125865018098,102.65,-64.3888094107397,,,,,No,Val_Ile,Favoured,General,Favoured
4919,HXK3,A,VAL,406,-65.21723861039035,-42.18831964841878,-179.15507904496687,109.66811872629107,108.8,-68.50474088949876,,,,,No,Val_Ile,Favoured,General,Favoured
4920,HXK3,A,VAL,421,-145.0371807078289,149.44779663831164,-179.2880818819324,108.95680026137475,38.46,175.46851538331185,,,,,No,Val_Ile,Favoured,General,Favoured
4921,HXK3,A,VAL,423,-107.69183857596978,123.09294768777643,179.7539379790417,109.2858370208247,99.41,63.25705424761665,,,,,No,Val_Ile,Favoured,General,Favoured
4922,HXK3,A,VAL,429,-65.50603248719062,-48.76971974537732,-176.23343053631106,110.38629428716347,112.08,71.00828646120627,,,,,No,Val_Ile,Favoured,General,Favoured
4923,HXK3,A,VAL,439,-64.62628030779202,-39.25545695568494,-176.69051303779653,110.01464481796606,93.9,-63.85537201719872,,,,,No,Val_Ile,Favoured,General,Favoured
4924,HXK3,A,VAL,444,-61.467190425953355,-44.28128166874278,-176.56546563133514,109.32982595682404,34.92,174.0705128425499,,,,,No,Val_Ile,Favoured,General,Favoured
4925,HXK3,A,VAL,453,-121.33117009426635,124.49458834474065,-173.6100065030101,110.96118158521243,106.57,57.57931612646686,,,,,No,Val_Ile,Favoured,General,Favoured
4926,HXK3,A,VAL,459,-79.84034942066768,-54.774565792457935,178.10371025973632,114.70021837949645,123.47,62.272236187254435,,,,,No,Val_Ile,Favoured,General,Favoured
4927,HXK3,A,VAL,466,-64.38978905521715,-35.934314981716796,-176.80393540186367,107.62918646866694,54.07,-174.97312975631328,,,,,No,Val_Ile,Favoured,General,Favoured
4928,HXK3,A,VAL,469,-62.14802997945172,-42.7890620280216,-179.18701286546957,109.4191646670624,136.87,-60.60910669189242,,,,,No,Val_Ile,Favoured,General,Favoured
4929,HXK3,A,VAL,472,-65.29215057377941,-36.767259606953175,179.204078104976,108.02168382533998,43.46,175.63368883425352,,,,,No,Val_Ile,Favoured,General,Favoured
4930,HXK3,A,VAL,500,-63.62863693830639,-40.20959615047102,179.63312020587668,108.48015381781227,32.35,174.61604893884225,,,,,No,Val_Ile,Favoured,General,Favoured
4931,HXK3,A,VAL,526,-100.30457920846331,99.65920181534088,172.62042747143434,104.40302434691203,65.21,174.273959941708,,,,,No,Val_Ile,Favoured,General,Favoured
4932,HXK3,A,VAL,550,-114.0185270359542,126.32846745366109,173.97271194375693,104.77608731154326,57.84,175.6080689249922,,,,,No,Val_Ile,Favoured,General,Favoured
4933,HXK3,A,VAL,553,-110.16304329884547,129.71894949074158,-178.59303460913145,108.77732242301792,46.45,174.85763885399666,,,,,No,Val_Ile,Favoured,General,Favoured
4934,HXK3,A,VAL,555,-115.99198581806186,131.77809090940391,-178.3149635597806,110.27913097984354,119.82,-67.56867967341398,,,,,No,Val_Ile,Favoured,General,Favoured
4935,HXK3,A,VAL,559,-136.8375115129398,143.71698764397058,179.56108004033246,108.34095695604405,107.84,74.399288878637,,,,,No,Val_Ile,Favoured,General,Favoured
4936,HXK3,A,ILE,561,-128.615868091096,145.2658258290352,-175.64010488457768,111.19370749387305,94.46,-168.93165632299983,168.27600332342337,,,,No,Val_Ile,Favoured,General,Favoured
4937,HXK3,A,ILE,565,-108.73967300807772,133.30655601201178,-176.9012971752567,108.1741773920073,40.55,-58.79034873275564,167.10314162085217,,,,No,Val_Ile,Favoured,General,Favoured
4938,HXK3,A,VAL,572,-59.74262452716473,-42.45345149094019,-173.86450431855084,110.19142663061065,40.23,176.86114451108452,,,,,No,Val_Ile,Favoured,General,Favoured
4939,HXK3,A,ILE,584,-62.22045361976965,-45.5459126837975,-177.7164445150574,108.74443658797547,119.34,-50.773778153269284,-65.71833581639221,,,,No,Val_Ile,Favoured,General,Favoured
4940,HXK3,A,VAL,585,-62.349524688306154,-40.62044082000328,-171.60325361779056,112.2842824655617,47.02,176.11777395672598,,,,,No,Val_Ile,Favoured,General,Favoured
4941,HXK3,A,ILE,588,-67.9633517234959,-44.71790370661489,175.49451573219994,108.72135669035342,44.24,-60.112172105646195,167.2667882379885,,,,No,Val_Ile,Favoured,General,Favoured
4942,HXK3,A,VAL,589,-63.882612075997415,-39.204328190370205,-176.68399278782377,109.72804235291893,95.49,75.15154083495199,,,,,No,Val_Ile,Favoured,General,Favoured
4943,HXK3,A,ILE,621,-121.4443562816726,129.44029222994362,-177.88941111201595,109.44921124194306,109.3,-155.82846234998166,158.3494529203178,,,,No,Val_Ile,Favoured,General,Favoured
4944,HXK3,A,VAL,639,-65.38956634266414,-35.44083685977291,-176.8524530214779,109.75109502022484,53.27,179.77855024225627,,,,,No,Val_Ile,Favoured,General,Favoured
4945,HXK3,A,VAL,640,-69.19328509927475,-39.543007064714054,-178.51600393058055,110.74543448288402,56.34,-63.20119881136767,,,,,No,Val_Ile,Favoured,General,Favoured
4946,HXK3,A,ILE,647,-66.69943898006292,-37.46006549368313,-178.8621845459472,111.03834664075548,52.08,-62.25050871525896,168.04906920065764,,,,No,Val_Ile,Favoured,General,Favoured
4947,HXK3,A,VAL,653,-57.98165676374615,-72.30550520201632,-158.14065602566393,119.8299095987701,90.76,173.3748809333093,,,,,No,Val_Ile,Allowed,General,Allowed
4948,HXK3,A,VAL,657,-104.20857416551598,104.02140971807586,179.62661935776885,107.9534915666899,52.37,176.01757886905096,,,,,No,Val_Ile,Favoured,General,Favoured
4949,HXK3,A,VAL,658,-76.50580397400532,-49.22421699463957,-177.87972827196546,114.70381672907317,68.42,179.88388182809368,,,,,No,Val_Ile,Favoured,General,Favoured
4950,HXK3,A,ILE,660,-119.63718027530032,131.29754193749685,178.25800158184373,105.64725589248242,102.97,-56.88243743341646,-59.1441047216736,,,,No,Val_Ile,Favoured,General,Favoured
4951,HXK3,A,VAL,661,-137.58065655866804,159.37419173279855,-174.0443877623127,112.35668953801711,56.13,-61.53907045928,,,,,No,Val_Ile,Favoured,General,Favoured
4952,HXK3,A,VAL,665,-58.7927201967075,-42.675277691981364,-177.83437873932428,108.17162106718297,42.78,179.61427095403857,,,,,No,Val_Ile,Favoured,General,Favoured
4953,HXK3,A,ILE,680,-134.75052676296247,145.1212797892531,-167.65498202890004,113.74576863392153,174.51,-176.51887774590352,-75.8036767310362,,,,No,Val_Ile,Favoured,General,Favoured
4954,HXK3,A,ILE,683,-128.28840864640446,120.06417475989763,177.34252362982198,107.34167063568908,120.99,-59.33968421706839,-69.79922561966464,,,,No,Val_Ile,Favoured,General,Favoured
4955,HXK3,A,VAL,684,-122.42084639515075,111.08919202844801,174.78430961083373,105.21632370198193,59.96,175.78026722855262,,,,,No,Val_Ile,Favoured,General,Favoured
4956,HXK3,A,VAL,699,-86.86428228798141,106.88341514391531,-176.873019725406,108.96623381254778,60.19,179.88074485887324,,,,,No,Val_Ile,Favoured,General,Favoured
4957,HXK3,A,ILE,711,-117.24545604180636,125.3081991233187,-178.08097211358117,109.19275094831089,144.36,-169.30569348142492,-68.86925174683695,,,,No,Val_Ile,Favoured,General,Favoured
4958,HXK3,A,VAL,735,-63.32467959168767,-41.46984668536578,-179.84777545559405,108.67280511538434,32.62,174.56956371273623,,,,,No,Val_Ile,Favoured,General,Favoured
4959,HXK3,A,ILE,740,-67.50458380168108,-41.83009061541598,176.77964521488926,108.32350796118739,138.25,-165.43594938002337,-65.15022325872148,,,,No,Val_Ile,Favoured,General,Favoured
4960,HXK3,A,ILE,751,-79.27499652527824,-30.164705699019386,-174.0663187656641,118.12617727506084,211.95,179.78062739749367,172.9324297027453,,,,No,Val_Ile,Favoured,General,Favoured
4961,HXK3,A,ILE,759,-60.17254432199548,-46.27186021205617,179.3824391300116,106.96154844137133,101.11,-60.834904998244674,-63.48981357417601,,,,No,Val_Ile,Favoured,General,Favoured
4962,HXK3,A,VAL,760,-59.87264447247216,-46.39420809164675,-177.66655768296553,108.8065697680222,47.38,175.28322516368806,,,,,No,Val_Ile,Favoured,General,Favoured
4963,HXK3,A,ILE,763,-65.28548116555118,-43.159632248612716,-178.07915065355058,108.0494925932294,104.43,-154.89445250973347,166.1232255397564,,,,No,Val_Ile,Favoured,General,Favoured
4964,HXK3,A,VAL,772,-72.57201144740628,-27.87503483358763,-179.89714554179767,112.4064632479678,67.11,176.2926106547058,,,,,No,Val_Ile,Favoured,General,Favoured
4965,HXK3,A,ILE,779,-77.54982714591307,149.159541042581,179.32328855031028,108.05161410856745,104.46,-62.08239722133481,-59.925230805703194,,,,No,Val_Ile,Favoured,General,Favoured
4966,HXK3,A,ILE,787,-62.340874347213166,-43.239435213514454,-176.90098048987372,111.66338639673162,201.13,169.94484705266336,-77.56104130701492,,,,No,Val_Ile,Favoured,General,Favoured
4967,HXK3,A,ILE,796,-58.9189326413817,-49.30050214321555,-177.30121837105062,108.24538179328377,118.8,-70.92432475299368,-79.02771564745711,,,,No,Val_Ile,Favoured,General,Favoured
4968,HXK3,A,VAL,806,-65.30902808673456,-40.791580208615414,-179.10840712811472,109.32346334578916,119.85,-64.83675407687772,,,,,No,Val_Ile,Favoured,General,Favoured
4969,HXK3,A,ILE,809,-65.68029325404034,-37.387568400720944,-178.95530648676223,111.06450661301044,139.41,51.825385853663725,179.77158141496278,,,,No,Val_Ile,Favoured,General,Favoured
4970,HXK3,A,VAL,825,-61.999448595409596,-43.503624958654264,-177.1629617250712,109.4611055577009,42.08,170.54457195734895,,,,,No,Val_Ile,Favoured,General,Favoured
4971,HXK3,A,VAL,828,-60.297343542340315,-41.66507536696124,-176.29418567917827,109.21719056456851,43.21,173.6273489978076,,,,,No,Val_Ile,Favoured,General,Favoured
4972,HXK3,A,VAL,832,-63.383731267942835,-45.551351821100596,-176.07903351215006,110.25866629219702,38.77,176.01370670310703,,,,,No,Val_Ile,Favoured,General,Favoured
4973,HXK3,A,VAL,844,-65.9808483286467,-26.811997838475474,179.8477426432186,107.9466882506905,55.79,174.54953901743772,,,,,No,Val_Ile,Favoured,General,Favoured
4974,HXK3,A,VAL,847,-58.65467994180526,-41.83424859850504,-173.02251550088778,110.73372201728098,51.64,174.05058974816717,,,,,No,Val_Ile,Favoured,General,Favoured
4975,HXK3,A,VAL,848,-67.81909619641223,-37.37197346798041,-177.16133377454622,109.71377589671464,119.7,-179.20254543939348,,,,,No,Val_Ile,Favoured,General,Favoured
4976,HXK3,A,ILE,851,-66.52802337149075,-42.71574855863982,175.99026202010563,108.58110786807464,50.08,-65.74961379099832,169.32421650298346,,,,No,Val_Ile,Favoured,General,Favoured
4977,HXK3,A,VAL,862,-128.4489069697074,160.0645384084407,-178.84399017789283,107.12261004729363,91.65,66.79513197074837,,,,,No,Val_Ile,Favoured,General,Favoured
4978,HXK3,A,VAL,864,-121.14103974599287,126.39944772745726,-178.93331262604434,108.49887651915745,48.88,179.55406313557575,,,,,No,Val_Ile,Favoured,General,Favoured
4979,HXK3,A,VAL,866,-133.54110013153155,142.92019282052428,-178.30170309612458,109.57660602011111,53.21,-179.8808526490033,,,,,No,Val_Ile,Favoured,General,Favoured
4980,HXK3,A,VAL,881,-66.73378666483035,-40.9784439347786,-176.6987017336481,110.39475511721939,85.35,69.57547721970559,,,,,No,Val_Ile,Favoured,General,Favoured
4981,HXK3,A,VAL,885,-65.82302910588307,-42.15824471196595,-178.96058445198724,109.89262145718652,35.69,174.74984321184536,,,,,No,Val_Ile,Favoured,General,Favoured
4982,HXK3,A,VAL,893,-113.53053309093745,116.02064245697225,175.9948357645083,105.73532502789082,108.22,57.869858310093676,,,,,No,Val_Ile,Favoured,General,Favoured
4983,HXK3,A,VAL,894,-120.69533592002483,134.23743957721751,-172.30849254721002,110.6950739955173,50.47,179.89422304688145,,,,,No,Val_Ile,Favoured,General,Favoured
4984,HXK3,A,VAL,910,-66.19223939442945,-32.604265018244355,175.99970754803783,107.58200642611564,99.64,65.85428648139869,,,,,No,Val_Ile,Favoured,General,Favoured
4985,HXK3,A,VAL,913,-72.29308094020675,-30.606640932662803,179.42633906446923,109.68635354004526,126.33,88.70292821962586,,,,,No,Val_Ile,Favoured,General,Favoured
4986,HXK3,A,ILE,4,179.9777131986133,-179.9942171721013,-179.9809861491401,106.33822434024789,0.0,-179.97554891585781,-179.99589677952392,,,,No,Val_Ile,Disallowed,General,Allowed
4987,HXK3,A,VAL,33,-63.521162774293714,-46.84839719995728,176.7501132826245,110.27730981667689,51.75,165.32308081655373,,,,,No,Val_Ile,Favoured,General,Favoured
4988,HXK3,A,VAL,42,-98.55488319813195,119.91286089144623,-163.5546106330491,109.90516960048666,26.1,-179.9900922821553,,,,,No,Val_Ile,Favoured,General,Favoured
4989,HXK3,A,ILE,50,-58.28853242108438,-38.83761379791872,174.99391825310437,110.19291199439289,23.0,-70.98585540674955,178.9543325937753,,,,No,Val_Ile,Favoured,General,Favoured
4990,HXK3,A,VAL,72,-100.83901387967678,111.26009087866264,171.0251957036655,106.45580998322258,29.56,-179.2276584731371,,,,,No,Val_Ile,Favoured,General,Favoured
4991,HXK3,A,VAL,79,-77.7098997046411,115.30626158500118,171.76892397268813,108.3663168596927,23.22,-176.91276315948582,,,,,No,Val_Ile,Favoured,General,Favoured
4992,HXK3,A,VAL,92,-110.19910592093268,152.60840958180384,177.39622713181026,108.95913996535334,34.54,-179.99005318957768,,,,,No,Val_Ile,Favoured,General,Favoured
4993,HXK3,A,VAL,93,-148.08209496214258,157.36605576642435,175.32947185542733,109.35189271441422,38.51,-179.98516246100078,,,,,No,Val_Ile,Favoured,General,Favoured
4994,HXK3,A,VAL,105,-122.53126879317941,121.83297764601653,171.6264323284179,105.82330195150523,49.18,176.5956914028077,,,,,No,Val_Ile,Favoured,General,Favoured
4995,HXK3,A,VAL,108,-125.48943517667225,116.85676906182485,-171.75141854078197,107.12251743162356,33.2,-178.6765660918884,,,,,No,Val_Ile,Favoured,General,Favoured
4996,HXK3,A,ILE,113,-109.05432677479023,-1.7655690871065126,169.89599358157108,113.93243589371924,28.45,-179.98800962125208,179.98879999910986,,,,No,Val_Ile,Favoured,General,Favoured
4997,HXK3,A,VAL,118,-83.05129812591044,146.43310986328186,-175.8715776768571,110.0388373329293,44.14,166.62258967456302,,,,,No,Val_Ile,Favoured,General,Favoured
4998,HXK3,A,VAL,126,-104.97013000630396,148.3883549735669,-171.89201241654766,111.01295514814021,69.81,-179.9919993971901,,,,,No,Val_Ile,Favoured,General,Favoured
4999,HXK3,A,VAL,131,-179.9532452683222,-179.98820573003815,-179.99964404181677,105.56908573830226,0.0,-179.9971850216818,,,,,No,Val_Ile,Disallowed,General,Allowed
5000,HXK3,A,VAL,156,-99.96195275136586,4.090004518475877,-158.47015812684967,114.88168472859721,50.9,48.74883119860632,,,,,No,Val_Ile,Favoured,General,Favoured
5001,HXK3,A,ILE,182,-140.5029341836823,179.98819730474588,-169.91512086554727,110.41359339470145,66.67,179.99004721106618,179.99010790217417,,,,No,Val_Ile,Favoured,General,Favoured
5002,HXK3,A,VAL,193,-179.9389280036744,-179.98629969300214,-179.98142471068329,105.54175305031218,0.0,-179.99892956873407,,,,,No,Val_Ile,Disallowed,General,Allowed
5003,HXK3,A,VAL,198,-79.07512351563676,-17.70287992421345,-175.37605580937947,111.54423321440555,39.12,149.3794399651836,,,,,No,Val_Ile,Favoured,General,Favoured
5004,HXK3,A,VAL,199,-75.30188549435564,-48.008011437427434,176.79899449909212,109.76060468249543,38.93,173.41079583418224,,,,,No,Val_Ile,Favoured,General,Favoured
5005,HXK3,A,ILE,206,-72.31788943738475,-36.95627496700129,178.7769079019158,109.5085851079387,38.09,-72.922717332718,176.98475753246095,,,,No,Val_Ile,Favoured,General,Favoured
5006,HXK3,A,ILE,214,-124.91419550021048,145.5205781775797,-172.98046748831527,107.83083227726476,37.14,-135.85915770143265,62.644611905922346,,,,No,Val_Ile,Favoured,General,Favoured
5007,HXK3,A,VAL,216,-51.98628955634809,148.28509231337304,-174.9929787720591,111.09582080395295,35.69,64.16186679966901,,,,,No,Val_Ile,Allowed,General,Favoured
5008,HXK3,A,VAL,217,-118.9786337847508,143.60229915226148,-177.61902062244465,108.66507336762852,32.78,176.42620190238978,,,,,No,Val_Ile,Favoured,General,Favoured
5009,HXK3,A,VAL,219,-121.87667636464674,121.5531269515091,173.87726788018608,107.38834828405241,33.13,-175.65138972843397,,,,,No,Val_Ile,Favoured,General,Favoured
5010,HXK3,A,VAL,220,-134.74492065567992,147.91530114505653,-170.67433957520285,109.21771869615961,29.07,-47.531237667616416,,,,,No,Val_Ile,Favoured,General,Favoured
5011,HXK3,A,VAL,224,-63.31521166744824,-43.20339386273926,-177.14514386470756,110.87094228140006,22.21,177.3000466121509,,,,,No,Val_Ile,Favoured,General,Favoured
5012,HXK3,A,VAL,234,-126.97244148563648,114.16411759012644,-177.58400181094146,109.0801365787261,35.19,179.9990922782475,,,,,No,Val_Ile,Favoured,General,Favoured
5013,HXK3,A,VAL,239,-136.45977645919126,119.7044482800305,-174.0782319359921,109.00458484182829,23.3,-65.75344938516075,,,,,No,Val_Ile,Favoured,General,Favoured
5014,HXK3,A,VAL,242,-128.1602174111521,117.71957265351574,172.3918824013281,107.95404756016514,31.19,-67.17833559987842,,,,,No,Val_Ile,Favoured,General,Favoured
5015,HXK3,A,VAL,243,-113.92054837145993,97.60696852440117,164.56921411501295,105.66794790664932,31.32,-164.53039680583922,,,,,No,Val_Ile,Favoured,General,Favoured
5016,HXK3,A,VAL,258,-104.38700952552135,104.08882463809704,-176.90678627727118,106.7712629931789,25.23,-59.38326352262028,,,,,No,Val_Ile,Favoured,General,Favoured
5017,HXK3,A,VAL,260,-75.61607930807949,-6.3396050859385635,-172.38485757303374,112.68018388422286,31.14,-179.98448967445944,,,,,No,Val_Ile,Favoured,General,Favoured
5018,HXK3,A,VAL,268,-148.51489177409854,140.14108871915883,172.42207101913135,107.00753748779985,24.73,179.98975105805226,,,,,No,Val_Ile,Favoured,General,Favoured
5019,HXK3,A,VAL,270,-115.97578639618317,125.41060485423712,-178.9350385611896,107.70388455158299,23.41,-67.77678732844913,,,,,No,Val_Ile,Favoured,General,Favoured
5020,HXK3,A,VAL,272,-74.49101812877778,-33.61660631841154,-170.8717458148167,111.18284884989615,25.31,-179.98358989518675,,,,,No,Val_Ile,Favoured,General,Favoured
5021,HXK3,A,VAL,286,-82.4744083562852,-30.88402829975752,174.49587766823072,110.65042217877284,33.59,-51.15895802747497,,,,,No,Val_Ile,Favoured,General,Favoured
5022,HXK3,A,ILE,310,-97.53039290518043,-12.956361784441103,-166.75229887639975,116.53937750150506,31.15,65.62121292150731,167.53969616839876,,,,No,Val_Ile,Favoured,General,Favoured
5023,HXK3,A,VAL,319,-70.29317643410737,-39.1085060592004,173.01488186597706,111.31137084284681,41.79,169.19887316611891,,,,,No,Val_Ile,Favoured,General,Favoured
5024,HXK3,A,VAL,322,-68.49481986795928,-41.3233201985677,174.401514604154,110.3932554242149,41.91,-61.60814119652516,,,,,No,Val_Ile,Favoured,General,Favoured
5025,HXK3,A,VAL,331,-92.09578729064756,-9.081909461984296,177.66223025018326,112.85873413818057,50.6,-179.9987380016219,,,,,No,Val_Ile,Favoured,General,Favoured
5026,HXK3,A,ILE,347,-101.17572203661683,120.96044039509974,169.80595736744777,106.79992753777617,45.84,-179.99507555540077,128.51440941418502,,,,No,Val_Ile,Favoured,General,Favoured
5027,HXK3,A,VAL,352,-64.25544725168791,-52.74272049923882,175.50512460949437,109.7163289224961,47.4,-63.4383283711731,,,,,No,Val_Ile,Favoured,General,Favoured
5028,HXK3,A,VAL,365,-74.8050445305788,-42.73476208886973,171.7847369497085,111.00347993704831,56.0,179.9914558673104,,,,,No,Val_Ile,Favoured,General,Favoured
5029,HXK3,A,ILE,368,-67.43954534920599,-40.4615796374565,178.76976495110318,110.16854300068535,60.8,173.16541883418466,-179.98723529829599,,,,No,Val_Ile,Favoured,General,Favoured
5030,HXK3,A,VAL,381,-75.45225465770784,-37.10608469372544,178.64811977829703,111.12671520934097,57.56,179.98956234936367,,,,,No,Val_Ile,Favoured,General,Favoured
5031,HXK3,A,VAL,384,-60.43124307611067,-51.57812253735384,178.19543556475188,111.20881930151566,45.73,-179.99079808787417,,,,,No,Val_Ile,Favoured,General,Favoured
5032,HXK3,A,VAL,387,-52.59563286477377,-36.92744201088863,171.28956931340008,110.68323434105217,34.91,-66.38507204292694,,,,,No,Val_Ile,Favoured,General,Favoured
5033,HXK3,A,VAL,391,-65.58558153867978,-45.630769893885535,-178.30991062425838,110.32498694607082,34.83,169.67868655305017,,,,,No,Val_Ile,Favoured,General,Favoured
5034,HXK3,A,VAL,406,-63.48562391146937,-46.24075936760061,176.5383012918981,110.08663937510501,24.43,-177.79809645687962,,,,,No,Val_Ile,Favoured,General,Favoured
5035,HXK3,A,VAL,421,-148.17079354077728,143.38697622348187,-178.62513267941492,110.04143799396391,32.0,-179.98666840857928,,,,,No,Val_Ile,Favoured,General,Favoured
5036,HXK3,A,VAL,423,-103.46505335849335,113.45709659833791,-179.26173448599826,108.04628868896845,32.77,-61.786250354595786,,,,,No,Val_Ile,Favoured,General,Favoured
5037,HXK3,A,VAL,429,-65.74635527540052,-55.2364826747537,176.4693532402995,110.59462157948415,30.96,174.163271388189,,,,,No,Val_Ile,Favoured,General,Favoured
5038,HXK3,A,VAL,439,-63.920192257517215,-41.167422558314584,-177.9998133498204,111.3169094705278,33.34,-179.99333653087686,,,,,No,Val_Ile,Favoured,General,Favoured
5039,HXK3,A,VAL,444,-56.91475163371359,-47.3727401178411,177.72465458096295,110.21391358204093,30.52,173.5456675046806,,,,,No,Val_Ile,Favoured,General,Favoured
5040,HXK3,A,VAL,453,-124.4747422220026,112.8448084032516,-170.75134403490193,108.9273216904741,36.8,47.84756013770798,,,,,No,Val_Ile,Favoured,General,Favoured
5041,HXK3,A,VAL,459,-89.48764694853169,-66.78435656312642,176.73105310480972,110.47819029888778,72.96,179.9812209008199,,,,,No,Val_Ile,Allowed,General,Allowed
5042,HXK3,A,VAL,466,-56.74778203116782,-41.98770052511877,177.91848681934874,110.37308461993798,26.54,-179.99556402735354,,,,,No,Val_Ile,Favoured,General,Favoured
5043,HXK3,A,VAL,469,-60.05414126662423,-50.492587260624454,175.02548919088062,109.93634614594787,23.31,-174.74823829390508,,,,,No,Val_Ile,Favoured,General,Favoured
5044,HXK3,A,VAL,472,-68.79778609455066,-31.82591366523471,176.2082371743395,110.18183225244574,24.07,173.7189072735684,,,,,No,Val_Ile,Favoured,General,Favoured
5045,HXK3,A,VAL,500,-64.01265770678464,-43.52253103676525,175.13360424791824,110.64095499938374,54.54,170.23707664534197,,,,,No,Val_Ile,Favoured,General,Favoured
5046,HXK3,A,VAL,526,-101.88601873548404,104.37541317897939,167.50419940073755,104.18637426488682,55.93,170.72303901839007,,,,,No,Val_Ile,Favoured,General,Favoured
5047,HXK3,A,VAL,550,-110.57925583101968,127.44769630469189,166.09863543963272,107.29008057136245,68.66,-177.04851854992972,,,,,No,Val_Ile,Favoured,General,Favoured
5048,HXK3,A,VAL,553,-104.43059142956584,125.48066102347971,-179.89867519115134,108.39383805568771,71.89,156.35570376360374,,,,,No,Val_Ile,Favoured,General,Favoured
5049,HXK3,A,VAL,555,-114.52447112757325,125.63498232425884,-175.61422221824913,109.65351168055648,76.88,-173.120050937674,,,,,No,Val_Ile,Favoured,General,Favoured
5050,HXK3,A,VAL,559,-137.76082537419205,137.374808251775,-179.3958334180695,109.9550359694616,77.83,-169.27482772096894,,,,,No,Val_Ile,Favoured,General,Favoured
5051,HXK3,A,ILE,561,-114.86611448171493,144.2925515226996,-175.2790775381737,112.57841245628265,87.36,179.9897576756589,-179.99345830411156,,,,No,Val_Ile,Favoured,General,Favoured
5052,HXK3,A,ILE,565,-101.28354528631895,131.802429933487,-178.5792257415983,109.0973394868824,76.68,-40.257593401377115,160.32608704266613,,,,No,Val_Ile,Favoured,General,Favoured
5053,HXK3,A,VAL,572,-54.64123171515333,-36.15184880431548,-173.39254331599233,111.44050018257175,70.94,-177.46991159200894,,,,,No,Val_Ile,Favoured,General,Favoured
5054,HXK3,A,ILE,584,-59.7874672228524,-45.0438243414706,178.346385368955,109.95640141115071,65.83,-60.914821670833135,169.48554230100777,,,,No,Val_Ile,Favoured,General,Favoured
5055,HXK3,A,VAL,585,-69.10561015288334,-30.609036224771348,-169.13861698454116,112.23583522012873,66.88,168.3319115595208,,,,,No,Val_Ile,Favoured,General,Favoured
5056,HXK3,A,ILE,588,-69.97527340104166,-46.44412934717996,168.3828502583757,110.11684613649324,65.44,-59.9170018207118,168.9377247422888,,,,No,Val_Ile,Favoured,General,Favoured
5057,HXK3,A,VAL,589,-59.331614373238075,-43.20948290082007,177.0728034912251,111.46351626470396,67.43,-179.99944383871744,,,,,No,Val_Ile,Favoured,General,Favoured
5058,HXK3,A,ILE,621,-108.96256075666423,118.67775855939603,-173.84070321598267,108.33461097399261,72.7,-58.539510596035505,-68.04156559797812,,,,No,Val_Ile,Favoured,General,Favoured
5059,HXK3,A,VAL,639,-66.86859991660543,-26.01705329982584,-174.1051259422808,110.58762826526414,70.42,-175.804728471045,,,,,No,Val_Ile,Favoured,General,Favoured
5060,HXK3,A,VAL,640,-76.99818248823944,-39.37338158349659,-178.05033002083448,110.20310351565794,67.23,-48.485526909642026,,,,,No,Val_Ile,Favoured,General,Favoured
5061,HXK3,A,ILE,647,-79.4880779166014,-30.456886838342847,176.15753623078717,110.93369047336064,82.14,-67.84212604194389,173.12455099573387,,,,No,Val_Ile,Favoured,General,Favoured
5062,HXK3,A,VAL,653,-76.15290936031829,-71.82938489318582,-134.77629841819697,114.13467335999344,88.07,179.99393257653827,,,,,No,Val_Ile,Allowed,General,Allowed
5063,HXK3,A,VAL,657,-100.41336763972777,106.00234505013793,-178.69991890860967,107.26777008472317,61.62,171.23418958346713,,,,,No,Val_Ile,Favoured,General,Favoured
5064,HXK3,A,VAL,658,-84.67634989168933,-43.755516206761556,-175.34445603503204,112.14391917219365,62.82,-175.9875457793975,,,,,No,Val_Ile,Favoured,General,Favoured
5065,HXK3,A,ILE,660,-116.4073527213426,130.4331810732923,171.03483838749497,107.94738016357458,58.38,-165.7382367324727,-179.9779436410261,,,,No,Val_Ile,Favoured,General,Favoured
5066,HXK3,A,VAL,661,-133.91271426064475,154.76100301734135,-171.2578137155904,112.35590241774798,50.65,-54.19752953622805,,,,,No,Val_Ile,Favoured,General,Favoured
5067,HXK3,A,VAL,665,-52.283243559087666,-46.59210687317291,176.2756964585332,110.36623469396505,48.97,-176.2743314242218,,,,,No,Val_Ile,Favoured,General,Favoured
5068,HXK3,A,ILE,680,-138.81714285760418,126.6192284761549,-165.3767718605968,110.88541858784154,51.17,179.0065794604829,-179.98896132887572,,,,No,Val_Ile,Favoured,General,Favoured
5069,HXK3,A,ILE,683,-127.38613254077873,120.52862948889852,172.59565781194692,108.77328904418133,43.51,-69.14455825168632,178.24942671868925,,,,No,Val_Ile,Favoured,General,Favoured
5070,HXK3,A,VAL,684,-121.82133061892202,115.60656047940246,173.6226506285086,108.01033879138302,38.13,-175.22100102146788,,,,,No,Val_Ile,Favoured,General,Favoured
5071,HXK3,A,VAL,699,-92.78571335024935,110.22220017012485,174.36506607598787,106.6334970453061,70.53,-167.25874564782308,,,,,No,Val_Ile,Favoured,General,Favoured
5072,HXK3,A,ILE,711,-112.35326059705304,122.2098905932934,-178.89288147693398,108.96147321361052,58.63,-165.9765802631959,179.99639664134713,,,,No,Val_Ile,Favoured,General,Favoured
5073,HXK3,A,VAL,735,-61.698803293061616,-43.09155185853321,172.7305353747764,110.10858587275507,36.66,174.37487911402113,,,,,No,Val_Ile,Favoured,General,Favoured
5074,HXK3,A,ILE,740,-67.01074909625416,-32.04528166681064,176.16179501459175,112.02825166887926,45.53,179.98271832134535,161.13290939434367,,,,No,Val_Ile,Favoured,General,Favoured
5075,HXK3,A,ILE,751,-102.14757106597186,-4.008410511474636,-168.15417079204371,114.79471291556973,36.13,69.86689265289672,174.8332902300471,,,,No,Val_Ile,Favoured,General,Favoured
5076,HXK3,A,ILE,759,-53.32248277344503,-51.68253673568481,169.2062992342404,109.95923384008174,33.34,-62.06346338552156,166.48001184109447,,,,No,Val_Ile,Favoured,General,Favoured
5077,HXK3,A,VAL,760,-54.02601058716845,-51.927359719468384,179.33208292437422,110.38737106160023,26.48,164.07036706121488,,,,,No,Val_Ile,Favoured,General,Favoured
5078,HXK3,A,ILE,763,-59.84640954539592,-51.76611134846282,172.5252439066671,109.61678441087417,30.73,-64.84639192642952,166.76755191262572,,,,No,Val_Ile,Favoured,General,Favoured
5079,HXK3,A,VAL,772,-90.71521082452774,-7.5862960015174075,-173.90059474556833,113.50187017563617,26.76,-179.9958412016601,,,,,No,Val_Ile,Favoured,General,Favoured
5080,HXK3,A,ILE,779,-53.859744638125484,142.8422065001949,170.0598892746295,110.51128707177361,32.81,179.9959873510327,-179.9929069372104,,,,No,Val_Ile,Favoured,General,Favoured
5081,HXK3,A,ILE,787,-67.42944365249453,-30.314454503347104,-166.49309787770656,112.00294897399979,30.77,65.55730387575842,-179.151025114362,,,,No,Val_Ile,Favoured,General,Favoured
5082,HXK3,A,ILE,796,-52.94083874143343,-47.83349900932048,176.44925625276483,109.89607538176098,31.88,-78.0048792621292,176.70730037681236,,,,No,Val_Ile,Favoured,General,Favoured
5083,HXK3,A,VAL,806,-66.77278924452935,-45.30294855607349,175.5599698777234,110.30377781669326,30.29,-174.27000427002696,,,,,No,Val_Ile,Favoured,General,Favoured
5084,HXK3,A,ILE,809,-61.04614225871085,-41.98984414190062,178.40651674147455,110.83498360033737,34.56,-60.23590630838235,170.3416545892658,,,,No,Val_Ile,Favoured,General,Favoured
5085,HXK3,A,VAL,825,-60.14696293071207,-47.13187156114532,-178.845972222892,110.43951347816748,24.49,160.29421964519122,,,,,No,Val_Ile,Favoured,General,Favoured
5086,HXK3,A,VAL,828,-55.2919943743815,-40.965801387701546,-178.57717503087548,110.59573534074704,27.45,168.92967398255024,,,,,No,Val_Ile,Favoured,General,Favoured
5087,HXK3,A,VAL,832,-61.82230383471464,-46.931491435463805,-175.3500247790832,110.65912191476642,30.08,170.1449597328603,,,,,No,Val_Ile,Favoured,General,Favoured
5088,HXK3,A,VAL,844,-66.07147182280266,-16.2192666134017,172.54832284905206,111.64950715781453,46.66,179.98836847513903,,,,,No,Val_Ile,Favoured,General,Favoured
5089,HXK3,A,VAL,847,-55.749375517287184,-40.71416046131452,-171.48697333130875,111.42667963236345,52.56,166.28908965805604,,,,,No,Val_Ile,Favoured,General,Favoured
5090,HXK3,A,VAL,848,-77.47124041507895,-24.34598543147528,-177.69588873101648,111.22102336670946,54.62,-63.386412182686605,,,,,No,Val_Ile,Favoured,General,Favoured
5091,HXK3,A,ILE,851,-68.64076084096773,-36.169912399617466,168.40846658594276,109.60914788181672,69.86,-77.44421952821715,175.8471409603395,,,,No,Val_Ile,Favoured,General,Favoured
5092,HXK3,A,VAL,862,-124.77242647284378,160.54649480717845,178.63230860146805,106.93637997903177,67.16,77.33994161670876,,,,,No,Val_Ile,Favoured,General,Favoured
5093,HXK3,A,VAL,864,-116.83072197163482,121.18674163466703,179.73948010983636,107.75235217235732,54.39,178.31442282407102,,,,,No,Val_Ile,Favoured,General,Favoured
5094,HXK3,A,VAL,866,-130.75015281905115,142.76320753699517,179.49115625334758,110.45405203919232,45.64,-161.2535803349717,,,,,No,Val_Ile,Favoured,General,Favoured
5095,HXK3,A,VAL,881,-72.17636803377215,-41.30486981951866,-176.72349560593565,111.42838091214404,49.97,-179.9844794390326,,,,,No,Val_Ile,Favoured,General,Favoured
5096,HXK3,A,VAL,885,-72.46660022090335,-39.92736834811386,-179.66511938972474,110.5558077167164,51.06,152.86358868333488,,,,,No,Val_Ile,Favoured,General,Favoured
5097,HXK3,A,VAL,893,-114.74447761683057,108.17102844783427,176.7668625808595,107.56588974540423,58.94,-179.98009034823508,,,,,No,Val_Ile,Favoured,General,Favoured
5098,HXK3,A,VAL,894,-118.3476513696435,119.45062509781094,-165.46695926978205,108.6717046299921,55.49,-172.18470736168763,,,,,No,Val_Ile,Favoured,General,Favoured
5099,HXK3,A,VAL,910,-68.68433699492932,-26.57164416313874,169.25807168832895,109.69460577005489,58.53,-64.47718516872648,,,,,No,Val_Ile,Favoured,General,Favoured
5100,HXK3,A,VAL,913,-81.78344481081521,-13.238284455778041,176.01487953545413,111.83389223487072,65.87,-176.9337247331328,,,,,No,Val_Ile,Favoured,General,Favoured
5101,5HEX,A,HIS,56,-63.34698226485425,-44.62052237522983,-174.5350920213899,114.75703149961825,31.08,174.12577484889962,79.8844549916801,,,,No,prePro,Favoured,General,Favoured
5102,5HEX,A,LEU,64,-75.3536054001259,126.72351863911925,-172.35779778850898,111.14744901691645,24.32,-62.74817163269803,177.0584201086767,,,,No,prePro,Favoured,General,Favoured
5103,5HEX,A,THR,71,-87.91079240326702,175.31381135084712,175.63631477515437,106.36064671888602,19.63,60.495281296942814,,,,,No,prePro,Favoured,General,Favoured
5104,5HEX,A,ILE,114,-123.96821778167009,93.55596968673662,178.8120426741027,109.11813754317765,78.76,,,,,,No,prePro,Favoured,General,Favoured
5105,5HEX,A,LEU,148,-119.64733236282997,152.14734086532152,-169.59525587795787,111.01220694467642,28.35,-54.57001935800056,-173.69693913882432,,,,No,prePro,Favoured,General,Favoured
5106,5HEX,A,PHE,156,-141.47552006891272,172.93433637492313,174.6516390151819,109.70684676799058,37.63,46.185375142056294,-83.59056165919314,,,,No,prePro,Favoured,General,Favoured
5107,5HEX,A,ASN,287,-131.66356319622395,71.14034024116219,-171.81810539106482,109.69179040973735,40.69,51.30305907065779,-13.629787980909096,,,,Yes,prePro,Favoured,General,Allowed
5108,5HEX,A,SER,325,-119.45036601212232,150.9202813517956,174.03502801032315,110.19068803513633,46.44,61.768866303235285,,,,,No,prePro,Favoured,General,Favoured
5109,5HEX,A,ASP,362,-128.54771202564683,81.51678155001363,-177.18320507107723,104.4162508008207,63.1,-156.0045587289938,8.910741011245602,,,,No,prePro,Favoured,General,Favoured
5110,5HEX,A,HIS,420,-81.81341024756706,133.43428856934702,172.10125417822476,108.5892383009888,37.08,-178.17569536457705,-71.75537367778601,,,,No,prePro,Favoured,General,Favoured
5111,5HEX,A,VAL,435,-121.86950636813766,85.24645669046447,173.71542516826815,110.41605912957066,41.11,-70.22189674772994,,,,,No,prePro,Favoured,General,Favoured
5112,5HEX,A,ALA,507,-65.40063088349551,134.32955548584297,-172.5945007916542,111.40053236944541,75.13,,,,,,No,prePro,Favoured,General,Favoured
5113,5HEX,A,LEU,512,-61.86248949766651,130.99199137344047,-174.49572845999273,110.94864855846826,52.15,-65.91411177753551,-163.2363017895805,,,,No,prePro,Favoured,General,Favoured
5114,5HEX,A,THR,519,-118.35334615821738,176.31604216778726,-177.44322217795926,107.76351035672832,74.29,49.618049551342686,,,,,No,prePro,Allowed,General,Favoured
5115,5HEX,A,ILE,562,-96.39615836656287,113.93278925097316,171.12917603077875,107.50528312698752,69.94,,,,,,No,prePro,Favoured,General,Favoured
5116,5HEX,A,LEU,596,-142.54893881138085,159.04502863374688,-170.89663402889022,109.30044070907786,62.6,-68.34610707064571,-173.4125178289109,,,,No,prePro,Favoured,General,Favoured
5117,5HEX,A,PHE,604,-179.93032007893189,156.48657557681582,-163.6358539194448,107.16384340188253,71.68,-71.45809252429133,-75.98381924237496,,,,No,prePro,Allowed,General,Allowed
5118,5HEX,A,ASP,669,-122.42357574566329,110.31443997211998,-176.84231678387172,113.26479374034993,60.49,-178.44313800040197,162.827718619713,,,,No,prePro,Favoured,General,Favoured
5119,5HEX,A,ASN,735,-123.81015435283719,62.76286223713331,-167.09038644869037,110.77213352464682,44.38,46.27512868536473,18.13229923543464,,,,No,prePro,Favoured,General,Allowed
5120,5HEX,A,HIS,868,-87.97860995891652,139.572989937877,-177.1308479699274,109.70366605026216,45.03,-168.58403051162966,-82.10071932173214,,,,No,prePro,Favoured,General,Favoured
5121,5HEX,A,ALA,883,-138.3046969457586,72.48189338175435,172.40072730181555,106.58628296444519,59.19,,,,,,No,prePro,Favoured,General,Allowed
5122,5HEX,B,HIS,56,-52.911869914276046,-43.19465221194332,-172.96033719013585,115.17002169473369,24.11,-177.6233304648376,78.44805589694309,,,,No,prePro,Favoured,General,Favoured
5123,5HEX,B,LEU,64,-68.69818018316037,134.02605065733755,-173.17117060061506,111.98671027305578,23.49,-54.322077710084706,162.00140343604227,,,,No,prePro,Favoured,General,Favoured
5124,5HEX,B,THR,71,-81.33654739688839,169.2005413975537,170.19589518461768,109.95573547718578,23.54,73.38435557812103,,,,,No,prePro,Favoured,General,Favoured
5125,5HEX,B,ILE,114,-110.07265335253304,107.24560827793728,173.83609730623618,107.1290164044908,42.06,-37.87271045326118,173.7014568675809,,,,No,prePro,Favoured,General,Favoured
5126,5HEX,B,LEU,148,-95.96932798354906,153.04978504188293,-175.94955874935792,111.47516337998135,25.53,-56.5203218906507,-171.96091997448423,,,,No,prePro,Favoured,General,Favoured
5127,5HEX,B,PHE,156,-166.69386848400217,153.25832035903056,-172.51812455147575,108.93370126972707,36.13,54.487331223461126,79.82075579685105,,,,No,prePro,Favoured,General,Favoured
5128,5HEX,B,ASN,287,-135.469916726326,63.552045353045216,-176.26188741408666,109.56364356755729,29.53,57.69378801235882,-17.79400334220856,,,,No,prePro,Favoured,General,Allowed
5129,5HEX,B,SER,325,-148.2808818039032,158.82563163048948,179.36404298407845,108.97202771501846,46.59,63.10205478240052,,,,,No,prePro,Favoured,General,Favoured
5130,5HEX,B,ASP,362,-122.51253257709838,78.44239784254884,-179.63715046237073,106.64825655451477,54.65,-162.98804627697638,9.411696018492542,,,,No,prePro,Favoured,General,Allowed
5131,5HEX,B,HIS,420,-87.80733669701824,129.89282300399017,179.21747157170748,109.33420537968325,33.57,179.12798660292597,-73.56495684143661,,,,No,prePro,Favoured,General,Favoured
5132,5HEX,B,VAL,435,-119.34778910224652,87.63607306535262,174.4633183659868,107.80046165135654,43.2,-65.63672411889547,,,,,No,prePro,Favoured,General,Favoured
5133,5HEX,B,ALA,507,-76.97812215764675,126.69281456019564,-169.98477159746562,110.37007831344899,40.85,,,,,,No,prePro,Favoured,General,Favoured
5134,5HEX,B,LEU,512,-66.50416995797666,139.30033264236465,-167.33010847782683,112.93740111588656,32.18,-57.2536926056622,165.07426185479616,,,,No,prePro,Favoured,General,Favoured
5135,5HEX,B,THR,519,-92.48895059633527,175.20207855196395,173.88145683901095,108.59179534321085,62.58,63.810451492804596,,,,,No,prePro,Favoured,General,Favoured
5136,5HEX,B,ILE,562,-102.07581931190548,121.51434567784926,179.43284786927305,107.9315592436385,75.88,-47.54346408154468,-59.98558362811404,,,,No,prePro,Favoured,General,Favoured
5137,5HEX,B,LEU,596,-113.7252199211807,151.82678892588083,-179.42890458532742,110.7083496136659,49.51,-61.57055109110311,-174.16484731809592,,,,No,prePro,Favoured,General,Favoured
5138,5HEX,B,PHE,604,-67.65743217127047,158.56070042666155,169.20257965638703,110.53264976324972,55.8,-54.01988274742471,-77.94589190682197,,,,No,prePro,Favoured,General,Favoured
5139,5HEX,B,ASP,669,-120.52568342372936,115.47133585301601,179.52621060065218,110.83400353532808,51.72,179.41472741650077,15.27128869627929,,,,No,prePro,Favoured,General,Favoured
5140,5HEX,B,ASN,735,-122.74326990605563,72.95832230310134,-171.06635190988874,109.72486566717099,36.19,50.15187954344023,-16.92399820602736,,,,No,prePro,Favoured,General,Allowed
5141,5HEX,B,HIS,868,-67.16567529163522,141.66268555668265,-176.56924554826924,109.62232076174355,29.51,-161.71561812992607,-91.08003772674762,,,,No,prePro,Favoured,General,Favoured
5142,5HEX,B,ALA,883,-129.30440856678362,74.17713489703436,-179.80090264022058,108.89899640706884,40.83,,,,,,No,prePro,Favoured,General,Allowed
5143,HXK3,A,LEU,23,-100.0949055564058,164.90414297093366,-179.75995718498197,107.13339002580332,218.57,-63.231321728027304,62.96813064647018,,,,No,prePro,Favoured,General,Favoured
5144,HXK3,A,SER,67,-49.86339783178041,-51.33643410111981,-167.55363888569923,115.6982094815775,105.68,-179.99468059766366,,,,,No,prePro,Favoured,General,Favoured
5145,HXK3,A,ALA,69,-73.05047156273338,-44.63017355653905,178.38795503802083,112.98837425683926,64.87,,,,,,No,prePro,Favoured,General,Favoured
5146,HXK3,A,LEU,75,-75.1311492216864,133.6778509617932,-177.65724307003103,110.67725037058139,120.98,-55.46324563870009,-60.90469828274026,,,,No,prePro,Favoured,General,Favoured
5147,HXK3,A,THR,82,-90.16726663774205,170.21443271512263,177.2267256307846,106.37584915262222,44.86,58.60428147709525,,,,,No,prePro,Favoured,General,Favoured
5148,HXK3,A,GLU,119,-116.81600028407622,118.84448127088682,178.63832224098456,109.72628650434379,57.33,-179.98843545583242,-179.7777541167402,-6.445688238152193,,,No,prePro,Favoured,General,Favoured
5149,HXK3,A,ILE,127,-139.2254579001613,135.69485952834677,175.08973508898578,105.58672610971692,149.44,-161.65213325485266,-60.81518932721087,,,,No,prePro,Favoured,General,Favoured
5150,HXK3,A,GLN,154,-80.56634180241555,5.134776410347619,178.52654930449597,112.74324720203168,178.09,-63.88825382906503,-62.75936651970689,1.6619771238191772,,,No,prePro,Disallowed,General,Favoured
5151,HXK3,A,PHE,169,-140.37672012911003,170.75896505789547,-179.10821943618996,108.86503965349182,71.7,51.61885157975424,-84.16486958925677,,,,No,prePro,Favoured,General,Favoured
5152,HXK3,A,GLU,231,-60.118182920360674,-37.33630313279393,179.57366767666656,112.41941302435681,132.64,-96.42328572261788,-79.57017455198708,-48.42890858743693,,,No,prePro,Favoured,General,Favoured
5153,HXK3,A,ARG,235,-69.28259038524257,-23.967228228902517,-177.72121868101547,113.22958032165366,140.78,-66.99150820531625,-175.14850976031235,-67.236120850289,-173.06969677691384,0.041998707918511964,No,prePro,Allowed,General,Favoured
5154,HXK3,A,ASN,300,-114.89306369273339,87.98488553943504,-177.75387484386536,110.19232121682813,70.88,55.96112300136027,-28.491751449400244,,,,No,prePro,Favoured,General,Favoured
5155,HXK3,A,SER,338,-125.42869671997327,152.37306781075125,179.211703051267,106.84448403289748,40.29,60.79243100731219,,,,,No,prePro,Favoured,General,Favoured
5156,HXK3,A,ASP,357,-67.3811835766472,-52.162398487702305,-172.91746109741496,114.92018223515734,96.12,-167.3889947859397,1.5306878461065743,,,,No,prePro,Favoured,General,Favoured
5157,HXK3,A,SER,375,-118.14786094490559,98.16768435264368,174.71493881186075,105.07763510560369,106.84,-64.93703421938004,,,,,No,prePro,Favoured,General,Favoured
5158,HXK3,A,HIS,433,-70.4107479231495,133.28607147318112,-175.63289090213516,108.2818046797856,64.35,-172.8159110061333,-83.66044244562372,,,,No,prePro,Favoured,General,Favoured
5159,HXK3,A,ALA,448,-122.08246920885034,99.19715347107461,177.4602086240326,109.29475498129999,60.87,,,,,,No,prePro,Favoured,General,Favoured
5160,HXK3,A,ILE,456,-131.57155343128142,123.21299997655468,178.5139813681847,108.48871324938452,93.93,-62.212769527588186,-61.71282001065091,,,,No,prePro,Favoured,General,Favoured
5161,HXK3,A,ALA,488,-57.085988987875716,-38.00650800692398,-175.81580635504028,109.52071409544614,36.48,,,,,,No,prePro,Favoured,General,Favoured
5162,HXK3,A,LEU,522,-70.88340606893766,138.07552894494646,-176.52664796622443,110.88121771223992,111.95,-55.20416687626655,71.003570935128,,,,No,prePro,Favoured,General,Favoured
5163,HXK3,A,THR,529,-117.62715018150499,173.73178332615453,-177.75958417830188,107.72961929115219,56.56,59.4277134006915,,,,,No,prePro,Favoured,General,Favoured
5164,HXK3,A,ILE,568,-102.45378267920118,123.84818943517759,177.5557063440015,105.22237272747235,47.96,-62.9780676184304,168.57145062460586,,,,No,prePro,Favoured,General,Favoured
5165,HXK3,A,LEU,602,-145.59507481039955,168.98373298051254,-179.2496975027143,108.8055431722216,119.4,-56.36591835537925,76.75801102090425,,,,No,prePro,Favoured,General,Favoured
5166,HXK3,A,PHE,610,-169.60038196357368,170.94556344930305,-178.41805096926885,105.37462836437831,84.1,-69.35128957299646,-80.24809564026539,,,,No,prePro,Favoured,General,Favoured
5167,HXK3,A,ASP,675,-128.11378523738242,119.61088582036047,-174.56283138340797,110.10294376725098,80.6,-173.9626227792189,-8.56843810034865,,,,No,prePro,Favoured,General,Favoured
5168,HXK3,A,VAL,702,-115.26314023262427,140.37389023876318,-176.54097759017685,109.06019356682265,104.31,58.00406959886697,,,,,No,prePro,Favoured,General,Favoured
5169,HXK3,A,ASN,741,-113.0891511692141,84.96680258476546,-176.9776104336602,110.16613630740352,76.49,54.12811723662085,-1.2471262531000755,,,,No,prePro,Favoured,General,Favoured
5170,HXK3,A,LEU,815,-117.19757041819396,167.67574078824893,-178.8394278125081,109.70064554836627,65.27,-58.742111618953366,-179.68380340361503,,,,No,prePro,Favoured,General,Favoured
5171,HXK3,A,HIS,874,-78.51936145826585,133.08583244065906,-171.3623506656141,110.75318708297817,73.55,-163.90423690746655,-85.17026127211028,,,,No,prePro,Favoured,General,Favoured
5172,HXK3,A,ALA,889,-132.8729196042937,85.63810754621092,175.74902838367538,107.34315709765069,70.46,,,,,,No,prePro,Favoured,General,Favoured
5173,HXK3,A,LEU,23,-64.19000849506034,-40.82428666459194,179.2758500071244,107.88072132388432,77.17,-63.64977688353137,63.354895917373206,,,,No,prePro,Favoured,General,Favoured
5174,HXK3,A,SER,67,-49.77787210123253,-51.75688964314388,-167.2317003810155,115.60211092102529,106.9,-179.81715909556138,,,,,No,prePro,Favoured,General,Favoured
5175,HXK3,A,ALA,69,-72.73122468891881,-45.37359276824031,178.44280065207062,113.14067185052996,65.88,,,,,,No,prePro,Favoured,General,Favoured
5176,HXK3,A,LEU,75,-75.63065023621883,133.19245943061054,-177.8980665113094,110.94349524666548,70.1,-64.19962582338107,-179.84038769521112,,,,No,prePro,Favoured,General,Favoured
5177,HXK3,A,THR,82,-90.1123179837314,169.77934035567782,177.90187385708725,106.21217735373558,43.47,62.66965240550935,,,,,No,prePro,Favoured,General,Favoured
5178,HXK3,A,GLU,119,-115.24921180948861,117.41850979370412,177.89925567856588,109.24261864769616,64.44,-179.27577831676925,175.93813015718757,44.437949508081246,,,No,prePro,Favoured,General,Favoured
5179,HXK3,A,ILE,127,-132.4385651984104,149.94481269872298,179.35492536656656,106.78243513977253,128.74,-161.4059945045825,68.81558449828495,,,,No,prePro,Favoured,General,Favoured
5180,HXK3,A,GLN,154,-78.76023561400643,2.0323492700940022,178.54639871047746,112.79933377338146,142.44,-68.73472279095756,173.6850826993055,113.42829174409604,,,No,prePro,Disallowed,General,Favoured
5181,HXK3,A,PHE,169,-141.72958676033238,169.9876349031835,-178.76600427527035,108.60061046012508,73.9,49.587869283317275,-84.09731614721676,,,,No,prePro,Favoured,General,Favoured
5182,HXK3,A,GLU,231,-62.13212383816557,-36.669817774527424,-178.2538748805728,111.38664472930864,150.58,177.4073963986243,66.58125579531416,-1.4658825039421761,,,No,prePro,Favoured,General,Favoured
5183,HXK3,A,ARG,235,-67.92450809349843,-26.7183498225792,-177.0697661762108,112.97220062326178,118.09,-69.24897960305488,177.22428961477192,169.07303068103658,148.74486775760397,-2.5000894106083384,No,prePro,Allowed,General,Favoured
5184,HXK3,A,ASN,300,-116.19491989678468,88.47652506288757,-178.2419073344594,109.67070295139312,70.65,55.55136662078009,-20.135153606551665,,,,No,prePro,Favoured,General,Favoured
5185,HXK3,A,SER,338,-121.25225758320397,152.4978882136345,-179.78260260206844,105.83846459376352,95.63,179.41969027853187,,,,,No,prePro,Favoured,General,Favoured
5186,HXK3,A,ASP,357,-69.70069364759388,-51.54429295546228,-173.50960146526666,115.24659319364672,96.44,-163.56383639233027,2.5941984516580368,,,,No,prePro,Favoured,General,Favoured
5187,HXK3,A,SER,375,-119.56805415237739,97.71991791103005,172.27074650059834,104.45628818064533,66.81,-179.9699094866499,,,,,No,prePro,Favoured,General,Favoured
5188,HXK3,A,HIS,433,-72.37319999595418,129.29641918632544,-175.0866134986113,108.89183990880015,61.61,-172.16675294474663,-82.74806876746425,,,,No,prePro,Favoured,General,Favoured
5189,HXK3,A,ALA,448,-122.06961133945836,99.50394038627303,177.9360552746453,109.2786938360274,60.72,,,,,,No,prePro,Favoured,General,Favoured
5190,HXK3,A,ILE,456,-132.19356763957123,124.91599287424413,176.53760949385037,108.63585943644635,134.38,-172.55293915746176,67.33984641820928,,,,No,prePro,Favoured,General,Favoured
5191,HXK3,A,ALA,488,-57.20057770044961,-37.77163694637956,-176.72078046973638,109.5050886151196,36.03,,,,,,No,prePro,Favoured,General,Favoured
5192,HXK3,A,LEU,522,-68.81694634034189,139.00612824891948,-177.28915233142232,111.35124331436946,68.62,-62.9355301855107,-175.43577415479356,,,,No,prePro,Favoured,General,Favoured
5193,HXK3,A,THR,529,-117.25184259084293,173.3651930134993,-177.85200557656867,107.31700150729807,55.78,59.73858773697843,,,,,No,prePro,Favoured,General,Favoured
5194,HXK3,A,ILE,568,-101.56728579111092,121.98609536170021,175.9262554468059,104.94589271379807,100.79,-67.32521912784553,-66.81278738058647,,,,No,prePro,Favoured,General,Favoured
5195,HXK3,A,LEU,602,-146.85174047312543,168.56339784744338,-179.58413843831192,108.63418106585615,73.38,-63.19228650935131,-178.5832903501081,,,,No,prePro,Favoured,General,Favoured
5196,HXK3,A,PHE,610,-168.77851084998937,170.52322389355314,-179.54867226441266,105.25382122455589,83.19,-74.02220255685684,-84.53978271989617,,,,No,prePro,Favoured,General,Favoured
5197,HXK3,A,ASP,675,-125.48756117458997,117.96038602742334,-174.53256131331392,109.82111812079134,82.18,-172.1444155078139,-13.389403126213779,,,,No,prePro,Favoured,General,Favoured
5198,HXK3,A,VAL,702,-112.80214263920622,145.2880308671977,-177.54293680663295,108.8908066421071,130.1,59.36532532752881,,,,,No,prePro,Favoured,General,Favoured
5199,HXK3,A,ASN,741,-110.63736346759102,81.80593706833989,-176.88369933266833,110.70698818198325,78.0,54.42978209982438,-2.7618163589026152,,,,No,prePro,Favoured,General,Allowed
5200,HXK3,A,LEU,815,-116.83393164823639,168.20332494161732,-178.5852442773618,109.8406999596636,71.51,-60.036150287411765,-179.8641346183382,,,,No,prePro,Favoured,General,Favoured
5201,HXK3,A,HIS,874,-77.14469265859819,131.99795900021581,-171.21563748227123,110.7550366752096,77.33,-167.85232662999326,-88.48464159133266,,,,No,prePro,Favoured,General,Favoured
5202,HXK3,A,ALA,889,-132.10297254500816,85.05531072542668,175.4663204039821,107.39686513208557,71.63,,,,,,No,prePro,Favoured,General,Favoured
5203,HXK3,A,LEU,23,-117.69182270444965,114.72904573069171,179.49462224430857,106.5083756320522,246.31,-178.17540069269748,-71.09487575722757,,,,No,prePro,Favoured,General,Favoured
5204,HXK3,A,SER,67,-62.383538688945876,-24.708180214577634,-169.96411248064655,115.13351571809922,126.12,65.72981949849624,,,,,No,prePro,Allowed,General,Favoured
5205,HXK3,A,ALA,69,-73.54749904012577,-36.4105234549334,177.05904255553642,116.03754739209683,73.9,,,,,,No,prePro,Favoured,General,Favoured
5206,HXK3,A,LEU,75,-76.07097426127746,134.27012467122603,-177.67696500308313,111.23491951510061,67.01,-61.260328172625414,179.8938912947522,,,,No,prePro,Favoured,General,Favoured
5207,HXK3,A,THR,82,-89.82721000917171,170.38261093683,177.66420080445423,106.37184026133168,44.78,60.904228767334835,,,,,No,prePro,Favoured,General,Favoured
5208,HXK3,A,GLU,119,-114.03351951332213,114.79043684299157,178.63682566006395,109.32531473207251,57.96,179.9749478079566,-179.97096142463278,-5.876578230576984,,,No,prePro,Favoured,General,Favoured
5209,HXK3,A,ILE,127,-132.19213064666943,141.56065349138626,177.65600724846868,105.760084188396,144.7,-159.2731646140175,-62.75451336443112,,,,No,prePro,Favoured,General,Favoured
5210,HXK3,A,GLN,154,-69.61309504434195,-99.83977755202059,-178.0051568416858,112.26078223005771,208.43,-66.06695261003662,-64.77462990721844,132.88582992417616,,,No,prePro,Disallowed,General,Disallowed
5211,HXK3,A,PHE,169,-142.82743045928777,169.7206529475729,179.22978718148724,108.26166513497006,71.55,53.3991802656381,-82.7512093282406,,,,No,prePro,Favoured,General,Favoured
5212,HXK3,A,GLU,231,-60.211304043254614,-37.69280812225902,-179.98564941754705,111.95637792147502,130.56,-93.00627296205562,-76.25838489389037,24.361195442103632,,,No,prePro,Favoured,General,Favoured
5213,HXK3,A,ARG,235,-69.02766712632514,-25.17008322853727,-177.23726006662056,113.07586330997364,114.06,-62.594384667252974,178.62356028695982,179.94987609874016,155.39826057855325,-0.2312793826269227,No,prePro,Allowed,General,Favoured
5214,HXK3,A,ASN,300,-110.61080051217803,88.44479091676948,-177.64037940701095,110.32039611522971,74.46,55.29013521097814,-39.01380453416407,,,,No,prePro,Favoured,General,Favoured
5215,HXK3,A,SER,338,-123.00314929733102,153.9260676888175,178.37332739145654,106.67910355846902,35.66,60.37031909354542,,,,,No,prePro,Favoured,General,Favoured
5216,HXK3,A,ASP,357,-67.35247162700783,-51.76080971856711,-172.92097593333938,114.79072061576265,96.24,-168.1318090349644,2.9883553229966706,,,,No,prePro,Favoured,General,Favoured
5217,HXK3,A,SER,375,-118.93747350558046,96.24422655118637,174.72721339029025,105.36853579036271,107.89,58.86246979116722,,,,,No,prePro,Favoured,General,Favoured
5218,HXK3,A,HIS,433,-70.71155620861784,129.28272504140236,-176.17521360244612,108.72189132248718,68.32,-174.54066460950978,-75.51683626026968,,,,No,prePro,Favoured,General,Favoured
5219,HXK3,A,ALA,448,-122.32756034453121,99.48568315360912,177.35044965601944,109.22839483001933,60.68,,,,,,No,prePro,Favoured,General,Favoured
5220,HXK3,A,ILE,456,-131.60801881317133,124.06430523226015,177.36658259325256,108.58010967919925,94.3,-172.11777557352946,167.28933487441904,,,,No,prePro,Favoured,General,Favoured
5221,HXK3,A,ALA,488,-57.0491139116647,-38.001550303574106,-175.78441171401462,109.49417573466616,36.98,,,,,,No,prePro,Favoured,General,Favoured
5222,HXK3,A,LEU,522,-67.84725780648739,136.94458146456105,-177.59283543049725,111.17142614371075,62.11,-62.20111531363452,-179.87092980430225,,,,No,prePro,Favoured,General,Favoured
5223,HXK3,A,THR,529,-117.24820607447751,172.13199917659003,-177.7199072766302,107.56619428512036,53.23,59.23209694262865,,,,,No,prePro,Favoured,General,Favoured
5224,HXK3,A,ILE,568,-104.5298631926504,129.54074503992626,177.0337580774157,104.33983957657045,173.91,76.08343576681384,-57.80235462721233,,,,No,prePro,Favoured,General,Favoured
5225,HXK3,A,LEU,602,-146.39147327319384,168.34420989945338,-179.96652513095384,108.44923763810327,123.18,-56.501266465182105,77.97308781673046,,,,No,prePro,Favoured,General,Favoured
5226,HXK3,A,PHE,610,-169.34691924928165,170.4845331143696,179.81870217367697,105.15326529004373,78.72,-70.65910542421346,-81.58814157805163,,,,No,prePro,Favoured,General,Favoured
5227,HXK3,A,ASP,675,-128.1864133798319,119.94240801601961,-174.18005298156143,110.06186104227258,83.12,-170.42367460299005,-21.034781287402456,,,,No,prePro,Favoured,General,Favoured
5228,HXK3,A,VAL,702,-115.85671826101957,139.50115302147492,-176.82744633278588,109.1778904312691,109.37,57.59228490482965,,,,,No,prePro,Favoured,General,Favoured
5229,HXK3,A,ASN,741,-113.3564096728417,82.76970507145516,-176.551403272952,110.71618445646527,82.37,54.81014671111886,-4.841464204005788,,,,No,prePro,Favoured,General,Favoured
5230,HXK3,A,LEU,815,-116.68516146588176,166.6400771208041,-178.4855685836939,109.24096160313775,70.32,-55.57273564057063,-179.85903548074083,,,,No,prePro,Favoured,General,Favoured
5231,HXK3,A,HIS,874,-77.79065247561164,133.93552421885883,-171.33361650582623,111.11717179867934,77.63,-168.9546879241664,-88.79829598691823,,,,No,prePro,Favoured,General,Favoured
5232,HXK3,A,ALA,889,-132.50248313543045,88.07351834656463,175.9140481976348,106.96924418502311,72.7,,,,,,No,prePro,Favoured,General,Favoured
5233,HXK3,A,LEU,23,179.9647773833321,179.99362718727448,179.94331254557468,106.00215886621046,0.0,179.9713108778794,179.95055168922914,,,,No,prePro,Allowed,General,Disallowed
5234,HXK3,A,SER,67,-63.34698226485425,-44.62052237522983,-174.5350920213899,114.75703149961825,31.08,-179.97403177485427,,,,,No,prePro,Favoured,General,Favoured
5235,HXK3,A,ALA,69,-98.46066654811321,1.995439325620344,172.42126253470448,114.630158882612,27.07,,,,,,No,prePro,Disallowed,General,Favoured
5236,HXK3,A,LEU,75,-75.3536054001259,126.72351863911925,-172.35779778850898,111.14744901691645,24.32,-62.74817163269803,177.0584201086767,,,,No,prePro,Favoured,General,Favoured
5237,HXK3,A,THR,82,-87.91079240326702,175.31381135084712,175.63631477515437,106.36064671888602,19.63,60.495281296942814,,,,,No,prePro,Favoured,General,Favoured
5238,HXK3,A,GLU,119,-110.42125226207874,130.22073116223604,177.16963870485404,109.02197805878352,39.52,-179.68812769665692,171.17059252452682,-5.186379630645936,,,No,prePro,Favoured,General,Favoured
5239,HXK3,A,ILE,127,-123.96821778167009,93.55596968673662,178.8120426741027,109.11813754317765,78.76,-179.9921771650124,-179.99362694577945,,,,No,prePro,Favoured,General,Favoured
5240,HXK3,A,GLN,154,-98.26298353972933,4.40596408770586,-176.83383623308333,115.54332574276525,48.79,-100.8778540693895,179.98533052892103,179.99873460185967,,,No,prePro,Disallowed,General,Favoured
5241,HXK3,A,PHE,169,-141.47552006891272,172.93433637492313,174.6516390151819,109.70684676799058,37.63,46.185375142056294,-83.59056165919314,,,,No,prePro,Favoured,General,Favoured
5242,HXK3,A,GLU,231,-69.55020779375874,-10.567522449464018,178.6774294508601,114.42112397926864,30.67,179.98954240063935,-179.98462330166885,-179.98347446676556,,,No,prePro,Allowed,General,Favoured
5243,HXK3,A,ARG,235,-88.57397241699418,7.689587672177693,-170.88998403529428,112.58558797808026,38.53,-45.40704129906671,-179.99398651692394,-179.99674950558313,179.97602354952366,179.98043455037427,No,prePro,Disallowed,General,Favoured
5244,HXK3,A,ASN,300,-131.66356319622395,71.14034024116219,-171.81810539106482,109.69179040973735,40.69,51.30305907065779,-13.629787980909096,,,,No,prePro,Favoured,General,Allowed
5245,HXK3,A,SER,338,-119.45036601212232,150.9202813517956,174.03502801032315,110.19068803513633,46.44,61.768866303235285,,,,,No,prePro,Favoured,General,Favoured
5246,HXK3,A,ASP,357,-76.68132202423398,-47.96835681274134,-175.23287773480854,117.44078416889869,59.32,179.97926541038328,-179.99888050700534,,,,No,prePro,Favoured,General,Favoured
5247,HXK3,A,SER,375,-128.54771202564683,81.51678155001363,-177.18320507107723,104.4162508008207,63.1,-179.98143218682662,,,,,No,prePro,Favoured,General,Favoured
5248,HXK3,A,HIS,433,-81.81341024756706,133.43428856934702,172.10125417822476,108.5892383009888,37.08,-178.17569536457705,-71.75537367778601,,,,No,prePro,Favoured,General,Favoured
5249,HXK3,A,ALA,448,-121.86950636813766,85.24645669046447,173.71542516826815,110.41605912957066,41.11,,,,,,No,prePro,Favoured,General,Favoured
5250,HXK3,A,ILE,456,-133.23666979100022,120.75923188384193,178.48357580842674,107.79404397270318,30.06,-179.97391023906522,69.91879982717921,,,,No,prePro,Favoured,General,Favoured
5251,HXK3,A,ALA,488,-58.64630475360404,-31.160911015815877,179.7480728198423,111.11322231224412,45.47,,,,,,No,prePro,Favoured,General,Favoured
5252,HXK3,A,LEU,522,-61.86248949766651,130.99199137344047,-174.49572845999273,110.94864855846826,52.15,-65.91411177753551,-163.2363017895805,,,,No,prePro,Favoured,General,Favoured
5253,HXK3,A,THR,529,-118.35334615821738,176.31604216778726,-177.44322217795926,107.76351035672832,74.29,49.618049551342686,,,,,No,prePro,Allowed,General,Favoured
5254,HXK3,A,ILE,568,-96.39615836656287,113.93278925097316,171.12917603077875,107.50528312698752,69.94,179.9888770119351,179.99488049301385,,,,No,prePro,Favoured,General,Favoured
5255,HXK3,A,LEU,602,-142.54893881138085,159.04502863374688,-170.89663402889022,109.30044070907786,62.6,-68.34610707064571,-173.4125178289109,,,,No,prePro,Favoured,General,Favoured
5256,HXK3,A,PHE,610,-179.93032007893189,156.48657557681582,-163.6358539194448,107.16384340188253,71.68,-71.45809252429133,-75.98381924237496,,,,No,prePro,Allowed,General,Allowed
5257,HXK3,A,ASP,675,-122.42357574566329,110.31443997211998,-176.84231678387172,113.26479374034993,60.49,-178.44313800040197,162.827718619713,,,,No,prePro,Favoured,General,Favoured
5258,HXK3,A,VAL,702,-129.89293689327815,126.91838274351858,-177.287561283304,109.0389498935186,88.73,51.7407973231405,,,,,No,prePro,Favoured,General,Favoured
5259,HXK3,A,ASN,741,-123.81015435283719,62.76286223713331,-167.09038644869037,110.77213352464682,44.38,46.27512868536473,18.13229923543464,,,,No,prePro,Favoured,General,Allowed
5260,HXK3,A,LEU,815,-119.09949917794725,160.11113256786572,-176.21177350997135,109.94449989421675,37.83,-53.13824436326377,-177.45022772395646,,,,No,prePro,Favoured,General,Favoured
5261,HXK3,A,HIS,874,-87.97860995891652,139.572989937877,-177.1308479699274,109.70366605026216,45.03,-168.58403051162966,-82.10071932173214,,,,No,prePro,Favoured,General,Favoured
5262,HXK3,A,ALA,889,-138.3046969457586,72.48189338175435,172.40072730181555,106.58628296444519,59.19,,,,,,No,prePro,Favoured,General,Allowed
5263,5HEX,A,PRO,57,-62.11266889967149,-31.198018119531504,-172.26180662925455,114.31878934057548,33.16,16.227140466444446,-28.61481255219725,,,,No,transPro,Favoured,General,Favoured
5264,5HEX,A,PRO,65,-64.53665490202964,134.06514619734514,173.07719514976796,110.16677982415648,22.04,13.785221235714122,-22.515124598800647,,,,No,transPro,Favoured,General,Favoured
5265,5HEX,A,PRO,72,-75.9041288994455,146.70386576283843,178.91085585763284,110.13836941576095,25.67,-15.31422490035925,30.130810300226962,,,,No,transPro,Favoured,General,Favoured
5266,5HEX,A,PRO,115,-65.55112584240273,164.94884323220808,-178.87491697060787,113.08672911315026,80.49,-22.720687933583392,34.62340593346593,,,,No,transPro,Favoured,General,Favoured
5267,5HEX,A,PRO,149,-63.56459345253371,155.7621383013541,170.46892268764896,111.7875915614045,28.4,-24.599963467431344,33.88944092500161,,,,No,transPro,Favoured,General,Favoured
5268,5HEX,A,PRO,157,-80.82762148199869,152.78906593925151,170.97008209701565,112.36053546122278,38.47,30.64094885575043,-36.68134159541816,,,,No,transPro,Favoured,General,Favoured
5269,5HEX,A,PRO,288,-64.0081610278306,134.0381091077316,-175.78833180268242,111.34937657055251,43.09,-19.816675494468356,33.689807490745636,,,,No,transPro,Favoured,General,Favoured
5270,5HEX,A,PRO,326,-50.3969172173048,-33.548193232612505,178.47101956648729,113.49874131539566,53.1,-22.89053676820533,30.53829364236829,,,,No,transPro,Favoured,General,Favoured
5271,5HEX,A,PRO,363,-80.61656216688253,150.1517803039407,-169.7891031049277,113.13195919238272,56.29,28.91423725778134,-30.522120048292194,,,,No,transPro,Favoured,General,Favoured
5272,5HEX,A,PRO,421,-62.58960268976747,-47.82754676470807,-165.72671168993023,115.15594098946325,47.84,22.349540500595158,-34.99942528655983,,,,No,transPro,Favoured,General,Favoured
5273,5HEX,A,PRO,436,-60.73350164276353,-29.209904938755507,174.27522307474095,113.90756099341421,43.08,24.266173236502564,-38.626756011878356,,,,No,transPro,Favoured,General,Favoured
5274,5HEX,A,PRO,508,-69.77165476762285,-34.49038190525647,173.97891817449545,113.98652875775043,66.06,28.047712375866087,-34.41662877678776,,,,No,transPro,Favoured,General,Favoured
5275,5HEX,A,PRO,513,-67.40816400329871,132.57734189863646,167.70662146102327,110.14679802706891,52.01,-17.099253323583945,31.929047654126357,,,,No,transPro,Favoured,General,Favoured
5276,5HEX,A,PRO,520,-74.12067884605642,164.31244928168724,-172.12595844786523,113.40446103347566,68.24,-22.52967613121867,35.440062123142475,,,,No,transPro,Favoured,General,Favoured
5277,5HEX,A,PRO,563,-62.4420980471821,153.09784157067796,-173.415037135987,111.50691941603321,61.52,-22.85031719610758,35.21143104907772,,,,No,transPro,Favoured,General,Favoured
5278,5HEX,A,PRO,597,-81.15604288703486,153.15803938663385,162.47163481269916,111.00498820507666,65.9,30.09712996710249,-29.104031035523487,,,,No,transPro,Favoured,General,Favoured
5279,5HEX,A,PRO,605,-60.95488844831136,128.94111109346642,176.64274940400728,109.99276931251819,75.19,-10.9866737746356,18.163967749747595,,,,No,transPro,Favoured,General,Favoured
5280,5HEX,A,PRO,670,-58.24581989210776,-19.915026306898586,172.55953162290263,116.62817196881362,79.47,-33.31053286957036,38.73852520293932,,,,No,transPro,Favoured,General,Favoured
5281,5HEX,A,PRO,736,-56.53990451560144,143.67666853757274,-176.0194237080198,111.87708474699339,41.69,-23.800656788088165,35.332963473694335,,,,No,transPro,Favoured,General,Favoured
5282,5HEX,A,PRO,869,-63.31457220102831,-47.01335361179439,-174.9990908979307,115.20744367467707,43.81,22.703447905104234,-36.73564600767158,,,,No,transPro,Favoured,General,Favoured
5283,5HEX,A,PRO,884,-67.11901423469655,-29.70781981278036,-175.25817201481,113.24242018271403,62.78,26.629655170621263,-34.3479864224899,,,,No,transPro,Favoured,General,Favoured
5284,5HEX,B,PRO,57,-60.66209207756903,-31.667378017726126,-173.93033523119942,114.54925061712194,31.83,-22.68225335499507,37.47196049240731,,,,No,transPro,Favoured,General,Favoured
5285,5HEX,B,PRO,65,-65.08751722082006,128.11164131446776,169.99207210983928,110.44812182814282,22.41,-16.71753986733605,28.947526559288168,,,,No,transPro,Favoured,General,Favoured
5286,5HEX,B,PRO,72,-72.33707679880791,143.320176897077,-175.82284902066166,111.69640702631933,22.44,-12.962194862705338,26.470178394837315,,,,No,transPro,Favoured,General,Favoured
5287,5HEX,B,PRO,115,-62.54514126317384,153.16085358040087,-178.24835957833244,111.88943526835314,37.15,23.015957109550204,-33.48437401418877,,,,No,transPro,Favoured,General,Favoured
5288,5HEX,B,PRO,149,-70.69275168903955,160.58773751384174,164.78765893935537,110.66634518838363,29.98,-7.157450776383715,20.276275605658896,,,,No,transPro,Favoured,General,Favoured
5289,5HEX,B,PRO,157,-74.70016229417244,154.42088412930588,-179.325445938661,112.37452947705005,37.07,26.331227713842694,-29.953175001206123,,,,No,transPro,Favoured,General,Favoured
5290,5HEX,B,PRO,288,-53.644561735950205,128.24727029928326,-179.88271820804053,110.17952805086205,30.87,-18.658530689229504,28.174290272625985,,,,No,transPro,Favoured,General,Favoured
5291,5HEX,B,PRO,326,-53.63291542279969,-40.376074070094084,177.46790804841868,113.64114858941508,50.84,-29.35747399248327,34.24120314207526,,,,No,transPro,Favoured,General,Favoured
5292,5HEX,B,PRO,363,-79.33230251125187,144.51629938924918,-167.97490040560797,114.43580736013139,44.66,31.172413367060226,-35.99673888214257,,,,No,transPro,Favoured,General,Favoured
5293,5HEX,B,PRO,421,-59.54691055741451,-44.563746967106056,-167.41867919509954,114.45017708336496,45.93,19.679152194854513,-32.055066706509095,,,,No,transPro,Favoured,General,Favoured
5294,5HEX,B,PRO,436,-69.99959500354078,-27.48473212816069,178.80163821055731,112.22458529645156,50.68,-11.1243518408583,28.53707090467581,,,,No,transPro,Favoured,General,Favoured
5295,5HEX,B,PRO,508,-58.67493167285055,-43.90771410670841,168.7567347414495,112.54115762762308,35.16,-22.192067142177407,34.09356021326923,,,,No,transPro,Favoured,General,Favoured
5296,5HEX,B,PRO,513,-61.97324472049237,128.38342661557235,170.00213531046677,111.65110970739063,34.23,-22.656911549267445,33.20497249493254,,,,No,transPro,Favoured,General,Favoured
5297,5HEX,B,PRO,520,-77.14724915624744,137.8889444835974,-175.06742898682225,112.0979630263853,60.27,-11.454955012347686,29.56839623344984,,,,No,transPro,Favoured,General,Favoured
5298,5HEX,B,PRO,563,-57.41342997398359,157.5645177981733,167.71576874608135,110.40526514172619,77.21,-21.329974348368935,27.674240467530872,,,,No,transPro,Favoured,General,Favoured
5299,5HEX,B,PRO,597,-72.48893864000586,147.46558971550365,171.73170003912017,109.71106771553741,48.64,29.35916542428675,-34.11786391650045,,,,No,transPro,Favoured,General,Favoured
5300,5HEX,B,PRO,605,-70.33807262160168,131.86610118790557,178.5880465665264,110.80023053810827,59.31,27.02562777753706,-35.82336159260193,,,,No,transPro,Favoured,General,Favoured
5301,5HEX,B,PRO,670,-63.30284038014841,-15.405389536625922,179.6351438522944,114.34773859406795,63.88,-28.78546970004576,40.212510766473315,,,,No,transPro,Favoured,General,Favoured
5302,5HEX,B,PRO,736,-52.36450572898411,130.20679814458495,-178.8836091182776,112.60852118894637,31.21,-26.176604002028757,32.45600807548697,,,,No,transPro,Favoured,General,Favoured
5303,5HEX,B,PRO,869,-62.73456795876191,-47.04400978854933,-178.8349072193866,113.32809466332893,30.05,23.90921983451826,-35.24081709231195,,,,No,transPro,Favoured,General,Favoured
5304,5HEX,B,PRO,884,-64.69149756155602,-38.364372042477356,-172.34298082661022,113.65108077011281,40.51,-11.80865374867594,28.471380119807993,,,,No,transPro,Favoured,General,Favoured
5305,HXK3,A,PRO,24,-72.38673603706322,160.36666549239945,179.05127509410872,109.1843319406432,158.71,-27.611166248268017,29.036989960479758,,,,No,transPro,Favoured,General,Favoured
5306,HXK3,A,PRO,26,-68.72433072274482,-20.65901128323924,179.57526140676572,111.25666832397175,221.15,-27.858318373542097,28.97003415490306,,,,No,transPro,Favoured,General,Favoured
5307,HXK3,A,PRO,68,-51.46489547257665,-46.00017288018457,-175.55199314416316,115.4456001864087,85.61,29.541383474274134,-31.9481390202805,,,,No,transPro,Favoured,General,Favoured
5308,HXK3,A,PRO,70,-46.190141019561636,134.04703506270644,-178.75407434612956,124.55053074241934,149.95,-30.615726833197417,2.743580489062197,,,,No,transPro,Favoured,General,Favoured
5309,HXK3,A,PRO,76,-70.44349298748881,131.7636586492352,174.87214091884343,110.16969518037202,97.2,12.582392995413747,-26.55820344207653,,,,No,transPro,Favoured,General,Favoured
5310,HXK3,A,PRO,83,-77.56977929186804,144.19230112353694,179.53158862566352,115.16991431553774,98.84,-28.063122298940918,31.15776790574039,,,,No,transPro,Favoured,General,Favoured
5311,HXK3,A,PRO,120,-106.513179072836,167.44362473794297,178.4665443783419,117.41260381266983,128.55,25.62186773492376,-31.212398388769564,,,,No,transPro,Allowed,General,Favoured
5312,HXK3,A,PRO,128,-69.4232228894112,142.30759344008436,-179.57977633919887,111.78049493602319,80.25,-31.102743392529522,30.196083660360355,,,,No,transPro,Favoured,General,Favoured
5313,HXK3,A,PRO,155,-3.5292951679121076,68.42471663706982,-149.18776320463346,121.33406066909704,210.68,19.03641955113625,-29.12112210939704,,,,No,transPro,Disallowed,General,Disallowed
5314,HXK3,A,PRO,170,-83.35762923572261,156.1257857911409,178.13237036876316,111.985445874516,85.56,17.583321968695138,-28.78588849733956,,,,No,transPro,Favoured,General,Favoured
5315,HXK3,A,PRO,232,-60.28605587614634,-37.53341827641617,170.54483114780606,118.75842758070115,165.6,-26.67162034663884,-2.2142331221393086,,,,No,transPro,Favoured,General,Favoured
5316,HXK3,A,PRO,236,-77.96662903371879,1.2617807770896818,174.6101721735735,115.8713130420313,97.27,11.630019433112185,-26.385298372476992,,,,No,transPro,Favoured,General,Favoured
5317,HXK3,A,PRO,285,-66.49495805131659,-29.867395861003804,177.9862766970715,113.16844324849237,134.23,-29.52793458245022,28.86060922671954,,,,No,transPro,Favoured,General,Favoured
5318,HXK3,A,PRO,301,-72.64136732108413,139.78475858554853,-179.5253049514065,112.03199763035839,68.52,-27.836180529678668,28.861917394131368,,,,No,transPro,Favoured,General,Favoured
5319,HXK3,A,PRO,339,-54.02377307223364,-36.128956528264105,-177.78665859599488,110.85354069793041,145.69,29.44137345117215,-31.901590760363728,,,,No,transPro,Favoured,General,Favoured
5320,HXK3,A,PRO,358,-71.20562724030603,157.48847996378572,-179.21755809229694,117.28083607400202,133.9,-32.37000090118509,28.678669893754314,,,,No,transPro,Favoured,General,Favoured
5321,HXK3,A,PRO,376,-85.35291874047238,151.3121130672477,-175.9655303518134,115.63544336950352,85.46,17.735646897430318,-28.86876906604985,,,,No,transPro,Favoured,General,Favoured
5322,HXK3,A,PRO,434,-60.19145241494191,-55.56284041087672,-174.77255938891872,118.60267968244142,183.2,-27.465111833438602,28.47244331245025,,,,No,transPro,Favoured,General,Favoured
5323,HXK3,A,PRO,449,-72.30581001581446,-22.94698870587503,178.21173058934647,111.64175695475488,77.62,13.151302579945316,-26.887582780394656,,,,No,transPro,Favoured,General,Favoured
5324,HXK3,A,PRO,457,-80.30645137555335,143.61588515901298,177.68531517022296,112.27845012443005,122.5,-25.177154121277127,28.729525651244366,,,,No,transPro,Favoured,General,Favoured
5325,HXK3,A,PRO,489,-61.810665398995766,-23.293069076095183,179.3164702053965,113.56450362394237,112.1,-32.04548135294651,28.513854552629653,,,,No,transPro,Favoured,General,Favoured
5326,HXK3,A,PRO,523,-73.38945226294338,130.20466642672378,174.4025086756324,110.10925375507117,160.24,11.419585406000584,-25.84201019341134,,,,No,transPro,Favoured,General,Favoured
5327,HXK3,A,PRO,530,-74.60248777007837,162.15667969841502,-174.29968730393026,117.37435694451783,91.0,-26.375549043530373,29.08902829535179,,,,No,transPro,Favoured,General,Favoured
5328,HXK3,A,PRO,569,-64.07107539396092,154.4082338160634,-175.4987887130467,111.07136717718113,67.37,-28.99455708311682,28.787337902858773,,,,No,transPro,Favoured,General,Favoured
5329,HXK3,A,PRO,603,-81.5054719429443,152.7993206899003,172.038530967784,107.76393195117792,87.35,18.220602929277185,-29.034588359596018,,,,No,transPro,Favoured,General,Favoured
5330,HXK3,A,PRO,611,-65.43028772195089,131.65970588806638,178.7546708844609,108.59905855702877,111.57,8.895822698794635,-24.875654609826583,,,,No,transPro,Favoured,General,Favoured
5331,HXK3,A,PRO,676,-67.66846522611505,-18.187230008822358,178.60608489034578,113.03572434432962,79.07,-28.451200528368453,29.13888266726438,,,,No,transPro,Favoured,General,Favoured
5332,HXK3,A,PRO,703,-73.17956438346026,144.43713637377027,179.0917724252145,110.11824375285273,84.84,10.844719620719589,-25.699381141509047,,,,No,transPro,Favoured,General,Favoured
5333,HXK3,A,PRO,742,-70.96271971425774,144.70024270731386,-178.67665375349796,111.52879203827301,69.47,-28.42403856946031,28.915646753423932,,,,No,transPro,Favoured,General,Favoured
5334,HXK3,A,PRO,816,-64.96121099954995,126.42938264216032,178.04982202882962,110.82342075617025,149.37,-28.17802990744849,28.931549044285934,,,,No,transPro,Favoured,General,Favoured
5335,HXK3,A,PRO,875,-54.63526073774811,-59.68822032384315,-179.1960240606377,116.02958470722898,98.47,29.453002462074394,-32.05386463928544,,,,No,transPro,Allowed,General,Favoured
5336,HXK3,A,PRO,890,-64.40211082465326,-33.462027554018654,-178.40808606869365,113.00302424401929,72.17,27.75691859815874,-31.740497971498662,,,,No,transPro,Favoured,General,Favoured
5337,HXK3,A,PRO,24,-69.85577774805954,159.20432733256388,179.57958854602586,111.32791488941852,138.63,-29.121202928963577,28.984028192802874,,,,No,transPro,Favoured,General,Favoured
5338,HXK3,A,PRO,26,-56.22902143519732,-36.913146397481626,-177.05743805938877,109.44634021365063,241.95,-23.915120240426386,28.591564577530853,,,,No,transPro,Favoured,General,Favoured
5339,HXK3,A,PRO,68,-51.47198178569984,-45.62649517175504,-176.04566967105688,115.23098523095744,85.56,29.18122748817566,-32.114127746854635,,,,No,transPro,Favoured,General,Favoured
5340,HXK3,A,PRO,70,-46.13792432724235,134.0494642604374,179.95455134708007,124.87523058776858,148.05,-30.691511272314518,2.28081674768561,,,,No,transPro,Favoured,General,Favoured
5341,HXK3,A,PRO,76,-70.4103531686859,131.94312135301442,175.85578654615787,110.77059424121234,98.94,13.28041366123873,-26.859828315987887,,,,No,transPro,Favoured,General,Favoured
5342,HXK3,A,PRO,83,-77.38669900798635,144.8590691716974,179.17286374344872,115.5099792703545,98.14,-28.144967482574295,31.250169065960183,,,,No,transPro,Favoured,General,Favoured
5343,HXK3,A,PRO,120,-106.27705563743918,165.7458173563519,178.3674868822357,116.82806812579241,128.54,25.435583410526167,-31.340213344943006,,,,No,transPro,Allowed,General,Favoured
5344,HXK3,A,PRO,128,-67.18842215400913,144.46508212059035,-179.2450502886919,108.7859865641938,87.8,-28.8741604867637,28.39448562082421,,,,No,transPro,Favoured,General,Favoured
5345,HXK3,A,PRO,155,-2.3720536869276927,67.08607696589829,-147.80424682991054,121.56584263297309,211.79,18.9202783720172,-29.267324415011874,,,,No,transPro,Disallowed,General,Disallowed
5346,HXK3,A,PRO,170,-82.22824382673423,154.99125082955894,177.84240494805516,111.81096938580154,84.87,17.290219649117706,-28.632462718374658,,,,No,transPro,Favoured,General,Favoured
5347,HXK3,A,PRO,232,-60.143958029953104,-38.29944410039129,169.69271956215766,119.03026633781242,168.44,-27.22396249754283,-1.481692853529878,,,,No,transPro,Favoured,General,Favoured
5348,HXK3,A,PRO,236,-76.88406961663331,0.7551850749574963,175.4312162369127,116.06022678515093,174.37,-27.30701459325143,29.295207611769026,,,,No,transPro,Favoured,General,Favoured
5349,HXK3,A,PRO,285,-65.42230930970682,-31.06375140864209,178.4274569048038,112.94487593676415,90.73,9.238390980315511,-25.276525120653954,,,,No,transPro,Favoured,General,Favoured
5350,HXK3,A,PRO,301,-72.67748372050644,140.09809723222727,-179.41187114886142,111.74700729082971,67.57,-27.65201269074294,28.845120568289172,,,,No,transPro,Favoured,General,Favoured
5351,HXK3,A,PRO,339,-62.53988890049918,-30.97951064997813,-179.11083710662203,110.96384754725007,64.98,-28.55811094572739,28.355982666391252,,,,No,transPro,Favoured,General,Favoured
5352,HXK3,A,PRO,358,-69.965137220911,158.49721490760137,-179.76618302870608,116.52025393118731,130.91,-33.05482273023268,28.72122374391913,,,,No,transPro,Favoured,General,Favoured
5353,HXK3,A,PRO,376,-85.26991953293548,151.38650113119655,-175.49066093814668,115.53046652401534,86.3,17.845675409691722,-28.91120015213794,,,,No,transPro,Favoured,General,Favoured
5354,HXK3,A,PRO,434,-52.084230023907345,-61.095605650706936,-175.3434507146339,117.52816827480046,95.58,29.782536619705578,-31.878800040011583,,,,No,transPro,Allowed,General,Favoured
5355,HXK3,A,PRO,449,-71.6116957079257,-23.754240931958112,178.0270611930428,111.169403219386,76.52,14.735419944288966,-27.476572521446947,,,,No,transPro,Favoured,General,Favoured
5356,HXK3,A,PRO,457,-80.43131080792367,142.9931394367396,177.98916604666616,112.3317658983497,101.57,12.311317812044495,-25.99954490551424,,,,No,transPro,Favoured,General,Favoured
5357,HXK3,A,PRO,489,-61.08015298222341,-23.48846956461483,179.61166199938756,113.81158211847708,112.15,-32.054671448294776,28.15967488856254,,,,No,transPro,Favoured,General,Favoured
5358,HXK3,A,PRO,523,-73.61540026676597,131.01426669748042,175.13214575478892,109.55224554130582,89.8,-25.47204587538464,28.51827824232621,,,,No,transPro,Favoured,General,Favoured
5359,HXK3,A,PRO,530,-75.95604341520286,161.4374212580082,-174.59126133239116,118.10627800633881,169.73,11.118314397373185,-25.586402819146898,,,,No,transPro,Favoured,General,Favoured
5360,HXK3,A,PRO,569,-64.61471699720697,155.64619551792936,-175.58530175874978,111.22934926555251,68.96,-28.637621658164097,28.806429775970713,,,,No,transPro,Favoured,General,Favoured
5361,HXK3,A,PRO,603,-83.10232619351748,153.42989404451035,171.40208228500077,107.57269212163801,89.26,18.600349068309644,-29.16849375751341,,,,No,transPro,Favoured,General,Favoured
5362,HXK3,A,PRO,611,-66.62344442369434,134.578224733275,178.97483798422527,109.03371117241225,106.94,-28.748446774840772,28.525093471146306,,,,No,transPro,Favoured,General,Favoured
5363,HXK3,A,PRO,676,-67.81549644049419,-18.798655604482164,179.19946189505177,112.10038975408989,153.63,12.164514526579588,-26.322695422232307,,,,No,transPro,Favoured,General,Favoured
5364,HXK3,A,PRO,703,-60.68886545602893,-40.01261666682966,-175.51944088776628,120.2150809659406,205.59,11.378781447723917,-25.8457855542944,,,,No,transPro,Favoured,General,Favoured
5365,HXK3,A,PRO,742,-72.90973066433307,144.5949654946481,-178.97029853120227,112.42112321508192,141.97,9.231836311931993,-24.898592449424395,,,,No,transPro,Favoured,General,Favoured
5366,HXK3,A,PRO,816,-64.158416298256,125.86329728177292,178.0689173519069,110.86418943486443,157.23,-28.104728191138626,29.01224047651694,,,,No,transPro,Favoured,General,Favoured
5367,HXK3,A,PRO,875,-55.23978452001742,-59.33137498367843,-179.2625735274141,116.10054409840518,96.22,28.876030549603755,-31.733913720407323,,,,No,transPro,Allowed,General,Favoured
5368,HXK3,A,PRO,890,-63.901975857910244,-35.3862533479942,-177.85768204594808,114.16310594477793,74.28,27.577494193174232,-31.74318502929051,,,,No,transPro,Favoured,General,Favoured
5369,HXK3,A,PRO,24,-76.50761097044388,148.72901507391975,-179.5482259355273,111.79144957290505,164.97,-26.61167336769291,29.09353549303979,,,,No,transPro,Favoured,General,Favoured
5370,HXK3,A,PRO,26,-80.15869120193614,159.25393610218106,178.18660666932246,109.30647703365965,85.98,14.511079712279201,-27.38365452519124,,,,No,transPro,Favoured,General,Favoured
5371,HXK3,A,PRO,68,-71.1982750650123,-43.45168059400202,174.9872817980123,114.70197082728407,98.94,10.82082751560175,-25.609591364794746,,,,No,transPro,Favoured,General,Favoured
5372,HXK3,A,PRO,70,-59.52479222808809,142.90690826049342,-167.45165299778247,113.44970764933721,158.75,37.21727934678064,-17.76068298308071,,,,No,transPro,Favoured,General,Favoured
5373,HXK3,A,PRO,76,-70.51582301890738,131.60859491854995,175.4374852426659,110.12909896117104,95.77,12.92317905734076,-26.683828498215732,,,,No,transPro,Favoured,General,Favoured
5374,HXK3,A,PRO,83,-77.94630665170962,142.6717049088243,179.14450547625205,115.05899535587373,102.24,-28.07534047230474,31.177116378598583,,,,No,transPro,Favoured,General,Favoured
5375,HXK3,A,PRO,120,-106.06191147601142,165.0724384502042,177.77221899150356,116.90412211854103,128.21,25.439594037306044,-31.16725959760933,,,,No,transPro,Allowed,General,Favoured
5376,HXK3,A,PRO,128,-67.61217231802458,157.6898316850339,-179.60794021630525,108.99430335718401,94.77,-29.470891658390542,28.66534279999522,,,,No,transPro,Favoured,General,Favoured
5377,HXK3,A,PRO,155,-143.35484100721803,-9.215678690043088,160.02474672656075,105.26306089527489,275.68,35.105860004651696,-32.94937955260221,,,,No,transPro,Disallowed,General,Allowed
5378,HXK3,A,PRO,170,-82.61528547971832,155.79511832407016,178.19328598406705,112.73308692154835,86.21,16.373998157960685,-28.301625298787926,,,,No,transPro,Favoured,General,Favoured
5379,HXK3,A,PRO,232,-59.88125926017654,-37.63026532663974,170.1736751922653,119.09839210336169,166.36,-26.95165485243853,-1.9611055763348075,,,,No,transPro,Favoured,General,Favoured
5380,HXK3,A,PRO,236,-78.0641943160074,1.9610958347250822,174.80785694995265,115.96531793759414,97.28,11.354733997233204,-26.271611576547222,,,,No,transPro,Favoured,General,Favoured
5381,HXK3,A,PRO,285,-65.97466556616854,-29.372180481524243,179.83456754733504,112.83382719045747,130.93,-28.60461048936551,29.263065047085213,,,,No,transPro,Favoured,General,Favoured
5382,HXK3,A,PRO,301,-72.94839744710535,136.948376800037,-179.7089299923899,112.9165161312681,75.04,-27.632366337561773,28.784480965292445,,,,No,transPro,Favoured,General,Favoured
5383,HXK3,A,PRO,339,-61.43577758843535,-30.68750536093717,-177.67265865180403,111.89181884090583,63.19,-29.09483500669262,28.60780587298137,,,,No,transPro,Favoured,General,Favoured
5384,HXK3,A,PRO,358,-70.7331503186281,157.37814545281543,-178.6843288841763,116.7038913256799,87.39,-1.8286295611137962,-19.44907686039232,,,,No,transPro,Favoured,General,Favoured
5385,HXK3,A,PRO,376,-83.58137645845221,150.82377924036658,-175.49003067136994,115.86544790461303,83.75,17.101975587747248,-28.599715341234063,,,,No,transPro,Favoured,General,Favoured
5386,HXK3,A,PRO,434,-52.0308474705945,-61.434447753043365,-175.32021184551098,117.91064501049448,96.43,29.963950273424107,-32.287641261292194,,,,No,transPro,Allowed,General,Favoured
5387,HXK3,A,PRO,449,-72.66724433730566,-21.53962234559854,178.01689373695405,111.41646918621694,76.95,13.329442690741852,-26.93881979160058,,,,No,transPro,Favoured,General,Favoured
5388,HXK3,A,PRO,457,-81.42259115458191,142.47360313314434,178.3567042211884,111.922602473012,100.2,13.724811381850424,-26.879709345524354,,,,No,transPro,Favoured,General,Favoured
5389,HXK3,A,PRO,489,-62.151881824313804,-22.508353316189613,179.030843062914,113.58345811251804,113.19,-31.684077633995443,28.5768205502474,,,,No,transPro,Favoured,General,Favoured
5390,HXK3,A,PRO,523,-72.70637685613796,130.6599659348531,173.7840087738971,109.98384563709944,86.0,-26.904065525267043,28.88874756054482,,,,No,transPro,Favoured,General,Favoured
5391,HXK3,A,PRO,530,-75.02260969882165,162.16517630291605,-174.65647798543228,117.54708363504383,90.3,-26.75367744861463,29.41680657484386,,,,No,transPro,Favoured,General,Favoured
5392,HXK3,A,PRO,569,-64.26135781936698,155.6822330027688,-174.8689270053032,111.28141903452438,68.71,-29.1438926460256,28.776324759081497,,,,No,transPro,Favoured,General,Favoured
5393,HXK3,A,PRO,603,-81.51708555437021,152.61824638647556,172.36038922531642,107.97609817285156,84.4,17.965473839330876,-28.898953039409392,,,,No,transPro,Favoured,General,Favoured
5394,HXK3,A,PRO,611,-67.06931509668189,133.44431747024834,179.21609840921198,109.42834138404612,104.5,-28.394671720714438,28.28619685323198,,,,No,transPro,Favoured,General,Favoured
5395,HXK3,A,PRO,676,-67.4018467068429,-20.682179486209428,179.1446246290733,113.88171903966817,77.56,-28.2044272140743,29.159931836982295,,,,No,transPro,Favoured,General,Favoured
5396,HXK3,A,PRO,703,-71.7746308199564,145.02299801013956,179.01614472083835,110.29420495338954,124.62,-28.197216695256003,28.950397925702962,,,,No,transPro,Favoured,General,Favoured
5397,HXK3,A,PRO,742,-71.62494045273262,144.03221313649018,-179.1343552534196,112.25667421254853,69.15,-28.63453746227678,28.985561429547786,,,,No,transPro,Favoured,General,Favoured
5398,HXK3,A,PRO,816,-65.87041152403906,126.39578392714249,176.70260851392317,110.41053221911056,150.57,-27.954209647625465,28.833179101727556,,,,No,transPro,Favoured,General,Favoured
5399,HXK3,A,PRO,875,-55.251927823157615,-59.39263504777251,179.9655474812262,116.0403145919127,98.17,27.887607896309486,-31.71658018678081,,,,No,transPro,Allowed,General,Favoured
5400,HXK3,A,PRO,890,-68.5302933035795,-31.79376246452707,-178.0260982174351,113.88935627880916,77.11,17.707750028152823,-28.838864712270208,,,,No,transPro,Favoured,General,Favoured
5401,HXK3,A,PRO,24,-76.05476413971667,179.99064413835572,179.9948479341796,110.86847402153315,0.0,31.648284111395697,-34.59110204560714,,,,No,transPro,Favoured,General,Favoured
5402,HXK3,A,PRO,26,-76.1421932591516,-179.96163928763715,179.99673903296497,110.86447777959565,0.0,31.62525938381886,-34.603571060095426,,,,No,transPro,Favoured,General,Favoured
5403,HXK3,A,PRO,68,-62.11266889967149,-31.198018119531504,-172.26180662925455,114.31878934057548,33.16,16.227140466444446,-28.61481255219725,,,,No,transPro,Favoured,General,Favoured
5404,HXK3,A,PRO,70,-71.69984491741008,137.58886844416045,179.0566723013178,111.61764047249625,28.52,31.60110214598197,-30.550376755958734,,,,No,transPro,Favoured,General,Favoured
5405,HXK3,A,PRO,76,-64.53665490202964,134.06514619734514,173.07719514976796,110.16677982415648,22.04,13.785221235714122,-22.515124598800647,,,,No,transPro,Favoured,General,Favoured
5406,HXK3,A,PRO,83,-75.9041288994455,146.70386576283843,178.91085585763284,110.13836941576095,25.67,-15.31422490035925,30.130810300226962,,,,No,transPro,Favoured,General,Favoured
5407,HXK3,A,PRO,120,-129.9376511814713,153.01445069457836,-177.39547678651942,112.59428809729765,47.43,-93.51261377034146,64.51021925110615,,,,No,transPro,Disallowed,General,Favoured
5408,HXK3,A,PRO,128,-65.55112584240273,164.94884323220808,-178.87491697060787,113.08672911315026,80.49,-22.720687933583392,34.62340593346593,,,,No,transPro,Favoured,General,Favoured
5409,HXK3,A,PRO,155,87.96091077948788,-12.026808073334111,175.43365896424365,114.48061729968592,55.94,166.639894481666,45.38613922634496,,,,No,transPro,Disallowed,General,Allowed
5410,HXK3,A,PRO,170,-80.82762148199869,152.78906593925151,170.97008209701565,112.36053546122278,38.47,30.64094885575043,-36.68134159541816,,,,No,transPro,Favoured,General,Favoured
5411,HXK3,A,PRO,232,-80.00851950334368,-33.99316240496478,171.6760837584263,111.42941322421109,31.31,179.517515375886,-81.11720589271835,,,,No,transPro,Allowed,General,Favoured
5412,HXK3,A,PRO,236,-91.7565956212703,6.881015522409498,163.68046211560713,113.82995943046735,34.91,-84.92125697097384,68.89712216040515,,,,No,transPro,Favoured,General,Favoured
5413,HXK3,A,PRO,285,-85.57326643895533,-17.997170053748214,168.28347810084074,113.05953479333685,31.63,58.15946243061781,-42.248449614872,,,,No,transPro,Favoured,General,Favoured
5414,HXK3,A,PRO,301,-64.0081610278306,134.0381091077316,-175.78833180268242,111.34937657055251,43.09,-19.816675494468356,33.689807490745636,,,,No,transPro,Favoured,General,Favoured
5415,HXK3,A,PRO,339,-50.3969172173048,-33.548193232612505,178.47101956648729,113.49874131539566,53.1,-22.89053676820533,30.53829364236829,,,,No,transPro,Favoured,General,Favoured
5416,HXK3,A,PRO,358,-68.60004845690834,150.6019728894876,-177.37106153611737,110.18006773595718,76.21,31.610322963580167,-33.191787017319534,,,,No,transPro,Favoured,General,Favoured
5417,HXK3,A,PRO,376,-80.61656216688253,150.1517803039407,-169.7891031049277,113.13195919238272,56.29,28.91423725778134,-30.522120048292194,,,,No,transPro,Favoured,General,Favoured
5418,HXK3,A,PRO,434,-62.58960268976747,-47.82754676470807,-165.72671168993023,115.15594098946325,47.84,22.349540500595158,-34.99942528655983,,,,No,transPro,Favoured,General,Favoured
5419,HXK3,A,PRO,449,-60.73350164276353,-29.209904938755507,174.27522307474095,113.90756099341421,43.08,24.266173236502564,-38.626756011878356,,,,No,transPro,Favoured,General,Favoured
5420,HXK3,A,PRO,457,-84.34396672945851,133.08257944675492,179.58095687545406,109.73674450357233,35.23,67.07631855472,176.4232174163867,,,,No,transPro,Favoured,General,Favoured
5421,HXK3,A,PRO,489,-61.02805392833622,-23.698804636269198,175.76529084925377,112.94666120705328,41.54,-70.43979066291539,63.141936539536474,,,,No,transPro,Favoured,General,Favoured
5422,HXK3,A,PRO,523,-67.40816400329871,132.57734189863646,167.70662146102327,110.14679802706891,52.01,-17.099253323583945,31.929047654126357,,,,No,transPro,Favoured,General,Favoured
5423,HXK3,A,PRO,530,-74.12067884605642,164.31244928168724,-172.12595844786523,113.40446103347566,68.24,-22.52967613121867,35.440062123142475,,,,No,transPro,Favoured,General,Favoured
5424,HXK3,A,PRO,569,-62.4420980471821,153.09784157067796,-173.415037135987,111.50691941603321,61.52,-22.85031719610758,35.21143104907772,,,,No,transPro,Favoured,General,Favoured
5425,HXK3,A,PRO,603,-81.15604288703486,153.15803938663385,162.47163481269916,111.00498820507666,65.9,30.09712996710249,-29.104031035523487,,,,No,transPro,Favoured,General,Favoured
5426,HXK3,A,PRO,611,-60.95488844831136,128.94111109346642,176.64274940400728,109.99276931251819,75.19,-10.9866737746356,18.163967749747595,,,,No,transPro,Favoured,General,Favoured
5427,HXK3,A,PRO,676,-58.24581989210776,-19.915026306898586,172.55953162290263,116.62817196881362,79.47,-33.31053286957036,38.73852520293932,,,,No,transPro,Favoured,General,Favoured
5428,HXK3,A,PRO,703,-59.78216693317454,135.61635593494037,178.89297752858045,110.27027366190694,83.6,31.604824454683616,-38.53668155374737,,,,No,transPro,Favoured,General,Favoured
5429,HXK3,A,PRO,742,-56.53990451560144,143.67666853757274,-176.0194237080198,111.87708474699339,41.69,-23.800656788088165,35.332963473694335,,,,No,transPro,Favoured,General,Favoured
5430,HXK3,A,PRO,816,-56.30369609415676,125.07989075761421,169.8691675045294,111.17698085618706,33.44,-71.23453030426985,-75.31531907697386,,,,No,transPro,Favoured,General,Favoured
5431,HXK3,A,PRO,875,-63.31457220102831,-47.01335361179439,-174.9990908979307,115.20744367467707,43.81,22.703447905104234,-36.73564600767158,,,,No,transPro,Favoured,General,Favoured
5432,HXK3,A,PRO,890,-67.11901423469655,-29.70781981278036,-175.25817201481,113.24242018271403,62.78,26.629655170621263,-34.3479864224899,,,,No,transPro,Favoured,General,Favoured
